Date,Close,High,Low,Open,Volume,Symbol
2021-04-27,681.3507690429688,682.9136319631285,665.2961882990259,666.4564553260143,20592906,HDFCBANK.NS
2021-04-28,699.39453125,700.4364013527586,677.7041854873546,680.1905215976332,24103940,HDFCBANK.NS
2021-04-29,697.3580322265625,712.1103036895167,691.9117725521276,703.8461619317026,24078552,HDFCBANK.NS
2021-04-30,668.84814453125,688.5020403312811,666.5748997239481,684.3344441215665,35232902,HDFCBANK.NS
2021-05-03,669.8662719726562,673.394535934582,652.2725306270976,659.7078363110799,22473700,HDFCBANK.NS
2021-05-04,657.505615234375,673.9154441830442,655.1140315140075,667.7351002247756,21486328,HDFCBANK.NS
2021-05-05,664.2542724609375,667.5693872393219,654.3562753461298,663.4965435023666,14421612,HDFCBANK.NS
2021-05-06,663.44921875,668.1377499432683,660.6550389228186,666.6222341637894,11477044,HDFCBANK.NS
2021-05-07,670.00830078125,674.838872933729,667.877155806155,669.1558196668091,12048334,HDFCBANK.NS
2021-05-10,672.4236450195312,677.2305728857831,669.0848856230303,675.8098094461626,11060050,HDFCBANK.NS
2021-05-11,664.7042236328125,674.4837660986876,660.678727067445,661.128612382698,14519034,HDFCBANK.NS
2021-05-12,662.7861938476562,667.09583170597,657.7424716999027,662.9045908097584,13774926,HDFCBANK.NS
2021-05-14,656.7952880859375,662.5020447148758,654.6641427937886,660.3471969061856,10604142,HDFCBANK.NS
2021-05-17,682.0848999023438,683.1978197859106,654.166919312643,660.7260994627449,15120692,HDFCBANK.NS
2021-05-18,699.34716796875,702.2123976389103,689.0703345571502,690.9409834750115,22165280,HDFCBANK.NS
2021-05-19,690.5857543945312,700.3653547002302,687.9100293890692,696.2688083859091,10130916,HDFCBANK.NS
2021-05-20,678.5567016601562,694.232448095952,676.5202507595741,690.6568366668654,10684184,HDFCBANK.NS
2021-05-21,709.10302734375,711.2815196347564,683.3871869956029,683.3871869956029,19341646,HDFCBANK.NS
2021-05-24,715.0939331054688,720.06660540615,709.6713754829415,711.9209177142021,22146102,HDFCBANK.NS
2021-05-25,700.4126586914062,716.8935373735985,696.41086487721,715.3543770125982,19236974,HDFCBANK.NS
2021-05-26,699.5128784179688,704.2250538719275,696.1740613259808,700.9099392941847,12283990,HDFCBANK.NS
2021-05-27,702.1649780273438,705.1722490585071,692.5984695791637,697.6421913176409,20439496,HDFCBANK.NS
2021-05-28,712.0155639648438,716.5383506375555,700.3179682784436,706.0720716848272,17750020,HDFCBANK.NS
2021-05-31,717.8880615234375,719.6166685711843,704.461858834904,710.3817063881385,15661054,HDFCBANK.NS
2021-06-01,715.9226684570312,723.168585066384,713.8152258292779,719.9955698673149,11030162,HDFCBANK.NS
2021-06-02,712.2760620117188,715.2122832918838,707.0665961326437,715.1175888548506,10624016,HDFCBANK.NS
2021-06-03,720.1139526367188,722.1976927085534,704.5802496675188,714.1704026204795,10287260,HDFCBANK.NS
2021-06-04,710.8316040039062,720.1613185961918,710.002825332082,717.9591237059993,9424476,HDFCBANK.NS
2021-06-07,710.3106689453125,717.0119480537238,708.4873674295712,715.1175968039121,8091668,HDFCBANK.NS
2021-06-08,702.3544921875,710.9974705499297,701.6204078871059,708.7479282364206,9872540,HDFCBANK.NS
2021-06-09,701.0521240234375,711.3289573399608,697.1450242244664,702.7570287371487,10223442,HDFCBANK.NS
2021-06-10,701.4072875976562,705.1722877692647,697.9027260492259,701.9045201388227,11483540,HDFCBANK.NS
2021-06-11,703.917236328125,708.7478667213167,701.4072555985663,706.1194312271526,7205974,HDFCBANK.NS
2021-06-14,700.6494750976562,703.7514984338662,692.645887212192,700.0811928397461,8881964,HDFCBANK.NS
2021-06-15,705.7642822265625,708.4874123207096,698.4473731849562,703.7515338961059,7569602,HDFCBANK.NS
2021-06-16,703.0885009765625,707.5402382681639,700.0101799934681,704.6987112068459,7702098,HDFCBANK.NS
2021-06-17,694.3270874023438,700.3179848535726,691.4382132789289,694.2797401828149,9283802,HDFCBANK.NS
2021-06-18,700.815185546875,705.6457575412113,689.0701860553439,695.9372085280604,11938060,HDFCBANK.NS
2021-06-21,705.0300903320312,706.498258668373,690.9645566822982,692.0774763800032,7260472,HDFCBANK.NS
2021-06-22,702.7096557617188,714.17045829429,700.909998856465,708.960992086573,14366824,HDFCBANK.NS
2021-06-23,703.5146484375,709.3398012662327,700.2468811875038,705.645793451279,7844868,HDFCBANK.NS
2021-06-24,713.3416748046875,716.7514840843272,704.6986968360997,705.6458725038901,14785024,HDFCBANK.NS
2021-06-25,717.5328979492188,720.8006654850395,713.6968481510871,715.6385466601647,10383176,HDFCBANK.NS
2021-06-28,714.3361206054688,721.2741931855088,712.749613095332,719.853429837146,9356786,HDFCBANK.NS
2021-06-29,714.4312744140625,717.3563983620929,709.722451918842,716.785656631066,10971692,HDFCBANK.NS
2021-06-30,712.4574584960938,717.7370233979096,710.6500126812062,712.5050106362283,9679022,HDFCBANK.NS
2021-07-01,707.154052734375,714.4075246053683,705.3704121103602,714.4075246053683,16911442,HDFCBANK.NS
2021-07-02,704.1337280273438,708.3431080594358,702.5165490037177,706.3216487952071,14827036,HDFCBANK.NS
2021-07-05,711.2921142578125,715.5966570879147,706.107711679034,708.6761078676606,7373882,HDFCBANK.NS
2021-07-06,729.9608154296875,732.481717291606,711.5536682261314,712.0293057048922,17669032,HDFCBANK.NS
2021-07-07,732.243896484375,735.0263641150248,726.6313510263612,729.6278903585783,9629190,HDFCBANK.NS
2021-07-08,723.1830444335938,731.3877916578379,719.8535817918715,725.3472183752016,8420922,HDFCBANK.NS
2021-07-09,714.4075927734375,721.0665184051472,712.2672238203879,719.4255920989655,10695842,HDFCBANK.NS
2021-07-12,707.2730102539062,714.4075732356201,705.8460976575634,714.4075732356201,14458978,HDFCBANK.NS
2021-07-13,714.336181640625,716.3576410548972,705.8936158516059,711.601265962492,18178142,HDFCBANK.NS
2021-07-14,713.0519409179688,716.9521450358477,709.2230359732336,712.2671274624448,9788494,HDFCBANK.NS
2021-07-15,723.3019409179688,726.1795710886405,713.2898061320276,715.8344552077314,10438802,HDFCBANK.NS
2021-07-16,724.0867919921875,727.7016256569119,722.3983135745475,726.7503505840253,5170628,HDFCBANK.NS
2021-07-19,699.6627807617188,708.1528987460736,697.2845931996463,707.2729809603507,25111600,HDFCBANK.NS
2021-07-20,686.4161987304688,691.5768534593777,683.0867365748871,685.8692040498094,24174250,HDFCBANK.NS
2021-07-22,689.0560913085938,698.4737379663374,687.2962556086874,692.5758207696305,13207114,HDFCBANK.NS
2021-07-23,686.2260131835938,693.217861311592,682.6825369811414,690.3878413695973,13126684,HDFCBANK.NS
2021-07-26,682.3258056640625,686.8205568594655,679.2579089216915,680.161631792961,13167166,HDFCBANK.NS
2021-07-27,684.799072265625,689.6268043734378,683.0629838249257,683.0629838249257,22401430,HDFCBANK.NS
2021-07-28,674.12109375,684.2996904317964,667.7950913834882,682.5636598981887,20670342,HDFCBANK.NS
2021-07-29,674.5728759765625,680.1378114327916,672.2184936053619,679.3292509173456,13702230,HDFCBANK.NS
2021-07-30,678.4730834960938,680.9939854514296,669.6737898129428,674.9296073725011,11655488,HDFCBANK.NS
2021-08-02,676.665771484375,682.5398836091144,673.6216795549884,682.5398836091144,13258786,HDFCBANK.NS
2021-08-03,682.3970947265625,684.8704445513364,670.6488717578449,670.6488717578449,12033120,HDFCBANK.NS
2021-08-04,696.9517211914062,701.3275634015005,684.9180680218112,685.3937055690486,22053948,HDFCBANK.NS
2021-08-05,706.2503051757812,716.8094921374355,693.1940794890436,697.8077398506728,18822408,HDFCBANK.NS
2021-08-06,709.9603881835938,713.4563125026119,701.0897364192333,705.632098166656,13339270,HDFCBANK.NS
2021-08-09,715.311279296875,716.9522055194989,702.0409808514629,709.6511811858961,10998048,HDFCBANK.NS
2021-08-10,717.094970703125,722.8501735007229,708.2243186988494,708.2243186988494,14838346,HDFCBANK.NS
2021-08-11,711.0542602539062,722.4220081617676,709.1993204454371,720.5432632537157,12585786,HDFCBANK.NS
2021-08-12,714.1221923828125,717.0711218163615,708.3669899366287,712.0293756584126,8597674,HDFCBANK.NS
2021-08-13,725.91796875,728.2010520986385,713.9319263227017,714.027030603386,16658428,HDFCBANK.NS
2021-08-16,728.0107421875,730.1035587891065,723.6586474723767,725.8941785477451,6252778,HDFCBANK.NS
2021-08-17,720.4244384765625,724.8716380293928,715.9772389237322,721.6372794121205,8282666,HDFCBANK.NS
2021-08-18,719.6395263671875,744.5391374947473,717.4278004141593,740.4248615711514,22985932,HDFCBANK.NS
2021-08-20,720.471923828125,722.8739164966347,706.8211504103504,706.8211504103504,13150406,HDFCBANK.NS
2021-08-23,725.1569213867188,729.2236452390042,717.570526480986,727.6540182634369,10843054,HDFCBANK.NS
2021-08-24,741.447509765625,744.1348732691891,726.5124805626797,727.725379419533,18381314,HDFCBANK.NS
2021-08-25,740.7578735351562,744.2776027396884,736.2868693056814,738.2369714945701,7727974,HDFCBANK.NS
2021-08-26,739.521240234375,747.2265448434088,734.122707926727,737.2381569110653,11119002,HDFCBANK.NS
2021-08-27,736.5008544921875,741.35239176859,734.9788377356009,738.189390820678,6382138,HDFCBANK.NS
2021-08-30,745.9185180664062,746.750883701105,737.9991419868863,739.9016920090548,9049166,HDFCBANK.NS
2021-08-31,752.173095703125,753.1005655316161,743.04082157555,743.6591735020199,12062576,HDFCBANK.NS
2021-09-01,751.0792236328125,760.0687847011596,748.8913025732014,749.1291213418814,12422558,HDFCBANK.NS
2021-09-02,755.7880249023438,757.2149374729586,747.3454588595391,748.701014189379,9618524,HDFCBANK.NS
2021-09-03,749.6286010742188,760.0688223113899,745.9424099772768,754.4087237244855,10735334,HDFCBANK.NS
2021-09-06,744.70556640625,751.9590378515261,742.9219258869199,751.4834003797047,7876896,HDFCBANK.NS
2021-09-07,746.3941650390625,752.4585433116437,739.7114347769459,743.1836118359313,7245496,HDFCBANK.NS
2021-09-08,749.794921875,751.7450238964017,744.6580139570113,747.6783002895594,6724080,HDFCBANK.NS
2021-09-09,746.0849609375,751.2456161314306,742.4701275979534,748.6534150154891,8250948,HDFCBANK.NS
2021-09-13,739.8779907226562,753.4098553676172,738.9742677939986,742.9458295986225,8959164,HDFCBANK.NS
2021-09-14,736.5484619140625,744.1348566916412,735.6209339673617,741.9944879763249,9758506,HDFCBANK.NS
2021-09-15,735.7161254882812,739.521225577569,730.1035796320939,730.1035796320939,14822998,HDFCBANK.NS
2021-09-16,741.970703125,744.0397727219095,730.7219225742858,731.411573732443,10260550,HDFCBANK.NS
2021-09-17,752.5298461914062,755.7879512981008,741.6139312525427,746.2752017537572,20498102,HDFCBANK.NS
2021-09-20,741.9231567382812,752.3158246968031,741.04323895895,743.8970640127071,8781610,HDFCBANK.NS
2021-09-21,738.1655883789062,746.1087693954601,727.2259259755568,742.9457684361612,14774996,HDFCBANK.NS
2021-09-22,729.4852294921875,737.3095014073501,727.7253939209189,736.7625066558845,10582202,HDFCBANK.NS
2021-09-23,746.7508544921875,747.7021294660628,733.4330048579319,733.4330048579319,13664304,HDFCBANK.NS
2021-09-24,761.75732421875,764.8013580210053,749.1291243270337,751.0316744840547,20806702,HDFCBANK.NS
2021-09-27,772.95849609375,777.9051377473095,764.8251063880609,768.487491944163,16415462,HDFCBANK.NS
2021-09-28,768.1784057617188,776.2404385627441,752.4585623812875,776.2404385627441,12773790,HDFCBANK.NS
2021-09-29,758.0948486328125,764.1592270047574,753.9568254387971,759.5931184310665,16263036,HDFCBANK.NS
2021-09-30,758.6180419921875,764.0403213516778,752.9817489724259,754.361109397566,15975348,HDFCBANK.NS
2021-10-01,752.7914428710938,755.7879823250635,744.4915917774107,752.9341573446038,11128596,HDFCBANK.NS
2021-10-04,754.2421875,761.6621211029538,753.2195552330974,755.7880094198329,7051028,HDFCBANK.NS
2021-10-05,758.8558349609375,759.8309150717456,749.7236180793985,757.2149087913734,10257178,HDFCBANK.NS
2021-10-06,768.1070556640625,773.7909008998,754.8367570191563,759.1174947716279,18600830,HDFCBANK.NS
2021-10-07,766.01416015625,774.1951015729854,764.3494289792573,773.6719119581737,11265724,HDFCBANK.NS
2021-10-08,762.2804565429688,771.4840306228035,761.0913627843023,766.7276555881376,7245562,HDFCBANK.NS
2021-10-11,777.0965576171875,782.4236743028476,760.5443496718865,760.9724350269096,13080848,HDFCBANK.NS
2021-10-12,775.098876953125,780.7827800509983,772.9109560129631,772.9109560129631,8176946,HDFCBANK.NS
2021-10-13,779.7601928710938,783.8506640933167,775.2891883932683,778.6186511655094,6225644,HDFCBANK.NS
2021-10-14,802.5908203125,803.8274663407793,779.0943135302938,779.0943135302938,14757288,HDFCBANK.NS
2021-10-18,794.4573364257812,820.4746843514532,792.9115145567133,810.9619343879581,28856456,HDFCBANK.NS
2021-10-19,803.208984375,804.9926249141711,794.7902242545991,796.9067878032625,8987540,HDFCBANK.NS
2021-10-20,796.1458740234375,807.9892602226093,791.6748695952446,803.3993464110135,10908568,HDFCBANK.NS
2021-10-21,797.3110961914062,799.9984013872862,789.9624626090248,795.170727624711,9738190,HDFCBANK.NS
2021-10-22,799.4277954101562,812.3889183760505,794.6714200098281,799.1186193968903,12175554,HDFCBANK.NS
2021-10-25,788.13134765625,803.827385358517,767.5838306159519,803.827385358517,16426766,HDFCBANK.NS
2021-10-26,786.1099243164062,796.1458645438692,783.0658325252933,784.8019211145486,12090656,HDFCBANK.NS
2021-10-27,781.3773803710938,791.9603157232438,778.7613738795511,786.109950708577,13249642,HDFCBANK.NS
2021-10-28,757.9758911132812,784.8018571141539,754.9080525326855,784.8018571141539,17797750,HDFCBANK.NS
2021-10-29,752.8628540039062,761.9713243308421,741.9945480375242,756.2636739613226,12406874,HDFCBANK.NS
2021-11-01,763.5408935546875,766.252004050304,753.1957780437663,753.885429186674,8122320,HDFCBANK.NS
2021-11-02,764.2305908203125,771.4840630530865,761.043842637615,763.873862677717,13237722,HDFCBANK.NS
2021-11-03,752.1968994140625,765.728821094555,749.3906846195152,763.4457378753382,10207338,HDFCBANK.NS
2021-11-04,758.1423950195312,759.9973929432354,756.3112021961033,758.6418376355663,1096808,HDFCBANK.NS
2021-11-08,761.138916015625,763.2554796846038,746.9648951674751,757.2624587445608,18943580,HDFCBANK.NS
2021-11-09,747.821044921875,758.4515312291761,746.2990281757783,758.4515312291761,12695476,HDFCBANK.NS
2021-11-10,739.7352294921875,746.2752451845312,737.2381325914745,745.7996076796335,13714126,HDFCBANK.NS
2021-11-11,736.4295654296875,739.5687613215156,730.3889343351215,737.2619310557671,7999404,HDFCBANK.NS
2021-11-12,738.6650390625,741.5426691680743,734.8837441539887,737.2381265594817,14914092,HDFCBANK.NS
2021-11-15,740.6865234375,747.6308195742927,739.3309681261308,742.9933537829838,9533594,HDFCBANK.NS
2021-11-16,736.286865234375,740.6627071004274,733.2427735591466,739.6163278032643,8245406,HDFCBANK.NS
2021-11-17,728.10595703125,734.3843492276189,727.0119674834298,731.0073343634929,7598878,HDFCBANK.NS
2021-11-18,732.1964111328125,734.1465133558511,725.4661286012387,725.8466618423676,9152874,HDFCBANK.NS
2021-11-22,720.7572631835938,738.5223119294355,713.0044068868091,735.3355639518028,15261272,HDFCBANK.NS
2021-11-23,720.8524780273438,726.6790377392206,711.7202026626078,714.407566305228,11235214,HDFCBANK.NS
2021-11-24,722.0415649414062,730.7456967746908,720.1390148495992,724.8715849784808,30802286,HDFCBANK.NS
2021-11-25,725.7990112304688,729.294993262682,716.7857039376246,720.4956996177941,10251652,HDFCBANK.NS
2021-11-26,708.65234375,716.6430191487968,706.3217083190601,713.4562710293536,18624936,HDFCBANK.NS
2021-11-29,714.0508422851562,717.0949340909893,695.3820692229132,710.983003439544,12990996,HDFCBANK.NS
2021-11-30,710.3884887695312,727.2498167576367,707.0590259066774,711.078139995204,25221542,HDFCBANK.NS
2021-12-01,715.66796875,716.8095103506997,708.2717824753072,711.0780553091722,8677634,HDFCBANK.NS
2021-12-02,725.7039184570312,727.15463606218,713.4562527842353,715.596621542588,11203110,HDFCBANK.NS
2021-12-03,719.901123046875,730.5553560310378,716.809479461367,725.7276821118706,8124694,HDFCBANK.NS
2021-12-06,715.2637329101562,722.3982957810733,712.1958360389292,719.6395749131635,7029532,HDFCBANK.NS
2021-12-07,725.6801147460938,728.6766542380091,718.165077039117,720.0913740885894,12427534,HDFCBANK.NS
2021-12-08,739.0455932617188,739.6401401548495,729.6279472500399,730.5792222790491,15295534,HDFCBANK.NS
2021-12-09,726.2271118164062,739.4736046987022,723.9202815328325,734.9550484079257,11747744,HDFCBANK.NS
2021-12-10,724.1819458007812,726.7741471193556,717.4754101669981,725.2996823860045,7779384,HDFCBANK.NS
2021-12-13,718.7596435546875,731.3640377223576,716.8808405306988,725.8228490514963,10322142,HDFCBANK.NS
2021-12-14,714.6215209960938,721.0664321863622,712.0531250085195,714.6453260949929,9191100,HDFCBANK.NS
2021-12-15,713.456298828125,724.5624236009718,711.387287173768,714.8832114257813,10115148,HDFCBANK.NS
2021-12-16,713.5038452148438,721.5421310623909,710.6024679019197,719.5444766662719,13210432,HDFCBANK.NS
2021-12-17,700.637939453125,716.3101740201104,698.0932320273793,712.0294359283567,14994768,HDFCBANK.NS
2021-12-20,678.0925903320312,693.4794513193636,672.5989541701382,690.6256264168148,21156668,HDFCBANK.NS
2021-12-21,685.7742309570312,690.0311637314365,680.1616847395859,684.6802413864573,9118750,HDFCBANK.NS
2021-12-22,687.3914184570312,692.5283276282156,682.8728613742923,690.7684917783773,8577484,HDFCBANK.NS
2021-12-23,686.8681030273438,693.3843716225142,683.4197311478777,691.220197770224,9779166,HDFCBANK.NS
2021-12-24,684.394775390625,690.6256147099941,679.2103152933,687.5339711179728,5561024,HDFCBANK.NS
2021-12-27,690.0548706054688,691.5768872980073,676.4278453611157,679.6383983110893,4705098,HDFCBANK.NS
2021-12-28,694.811279296875,697.7126564182305,691.2915502045277,694.7636690981695,5450678,HDFCBANK.NS
2021-12-29,691.505615234375,694.9064352050838,688.4377763732563,692.5520526429435,7668702,HDFCBANK.NS
2021-12-30,695.144287109375,697.6889364181256,687.2962674464912,693.7173744433961,7215918,HDFCBANK.NS
2021-12-31,703.6581420898438,706.2265962494574,695.1442190705774,695.1442190705774,6325736,HDFCBANK.NS
2022-01-03,722.8025512695312,724.3959253104654,704.1813312029835,706.3216999908345,9069184,HDFCBANK.NS
2022-01-04,727.0357055664062,729.1047170271323,717.1662276895983,722.9689818191866,8857352,HDFCBANK.NS
2022-01-05,744.3013305664062,747.7021503050373,726.8216524342752,730.9597335226943,14332638,HDFCBANK.NS
2022-01-06,732.36279296875,739.4973550044904,727.749132743457,733.9086147431605,9628930,HDFCBANK.NS
2022-01-07,737.499755859375,745.2050602081262,730.5316548059,734.3843069802756,11179384,HDFCBANK.NS
2022-01-10,741.5902099609375,747.7021401431209,735.0977465592833,741.0432152309048,8856496,HDFCBANK.NS
2022-01-11,744.80078125,746.1325314282669,736.191754015291,742.731769713943,8389198,HDFCBANK.NS
2022-01-12,740.401123046875,749.9138730090968,738.1893970684148,745.7995970381922,21085530,HDFCBANK.NS
2022-01-13,726.7741088867188,739.6163215437484,723.1592754547615,739.6163215437484,41963896,HDFCBANK.NS
2022-01-14,734.9312744140625,736.6197526556398,722.4933425207672,727.7253548760855,11208968,HDFCBANK.NS
2022-01-17,723.6824951171875,740.0919897485006,722.5647585444003,727.7254140843227,22989372,HDFCBANK.NS
2022-01-18,727.36865234375,737.6662159084163,724.3959179463994,729.1522929821604,12341152,HDFCBANK.NS
2022-01-19,722.2317504882812,732.3628526288228,719.8060108107658,729.6279369589961,14317626,HDFCBANK.NS
2022-01-20,717.7369995117188,727.0119309169397,713.5038140786304,726.9881258170541,15197846,HDFCBANK.NS
2022-01-21,723.72998046875,727.6302426550222,706.6070311292943,713.4562224773198,11537694,HDFCBANK.NS
2022-01-24,707.1065063476562,723.5635523601698,698.0218416410312,718.1888253449379,11868508,HDFCBANK.NS
2022-01-25,707.7724609375,711.0781185988046,686.8206041850661,693.7887057220415,13594248,HDFCBANK.NS
2022-01-27,701.5415649414062,706.3217454329671,682.5398684823622,689.6744315675436,28617838,HDFCBANK.NS
2022-01-28,695.9766845703125,707.130362526873,694.4308624450068,702.7545200428066,24925208,HDFCBANK.NS
2022-01-31,706.6546630859375,709.4371891168743,697.6651601162798,700.4951802272873,12842546,HDFCBANK.NS
2022-02-01,712.029296875,721.5420463322478,700.8280111646047,717.4991278129174,14739484,HDFCBANK.NS
2022-02-02,728.296142578125,730.1035883666477,716.1198337589774,719.1401203787386,13969290,HDFCBANK.NS
2022-02-03,720.7572631835938,732.457933895551,717.7369767162163,727.1308172000766,10564762,HDFCBANK.NS
2022-02-04,724.8715209960938,729.0809010904223,720.1626983222618,726.9643375245986,11579958,HDFCBANK.NS
2022-02-07,698.3072509765625,722.4934077542481,694.4307934965123,719.211497186438,12268042,HDFCBANK.NS
2022-02-08,695.3106689453125,703.2062398464973,687.0821750180488,702.23121780657,13981130,HDFCBANK.NS
2022-02-09,712.3147583007812,713.313585508527,697.7602613931682,701.0897241264689,11308342,HDFCBANK.NS
2022-02-10,725.3947143554688,730.3413557953064,714.2410385936968,720.1151499017218,14314530,HDFCBANK.NS
2022-02-11,722.4220581054688,725.3472405566795,713.2184834195023,713.5752115705957,10711104,HDFCBANK.NS
2022-02-14,700.9468994140625,713.1945639712604,698.8541410454925,708.6998132126188,14656620,HDFCBANK.NS
2022-02-15,721.922607421875,725.2996219974043,700.6378296890821,702.0409370637402,13135066,HDFCBANK.NS
2022-02-16,720.947509765625,729.9846218788012,716.7856818187674,729.7943552747017,10032264,HDFCBANK.NS
2022-02-17,716.5479125976562,723.9202940415751,714.4075437913573,719.6871085679842,7351208,HDFCBANK.NS
2022-02-18,719.3303833007812,721.5421093550166,708.9139101230298,712.6477110600987,7796128,HDFCBANK.NS
2022-02-21,723.9678344726562,728.0583054018553,711.3396935564448,715.3588072476773,7468066,HDFCBANK.NS
2022-02-22,718.5455322265625,723.9678112195843,707.7247793394828,708.6047551441089,9536196,HDFCBANK.NS
2022-02-23,713.88427734375,725.6800515483579,711.3871806716929,725.3946806837941,9029562,HDFCBANK.NS
2022-02-24,675.119873046875,701.5415010977686,669.2933137242217,689.6268166665427,23630766,HDFCBANK.NS
2022-02-25,692.5757446289062,697.2370153028564,681.5171728738023,684.8941874749454,18318654,HDFCBANK.NS
2022-02-28,678.3779296875,684.2282936903597,672.5751758797768,678.2590203220859,24880832,HDFCBANK.NS
2022-03-02,653.6448364257812,665.1314936990638,644.2034436334029,659.4713958190617,38505560,HDFCBANK.NS
2022-03-03,652.0990600585938,662.0874482870623,648.2464076398575,656.8554354054835,17527922,HDFCBANK.NS
2022-03-04,649.9586791992188,659.2336109550803,635.8798200435912,646.8670352805982,21219364,HDFCBANK.NS
2022-03-07,630.12451171875,633.7155395995137,616.925572591549,627.1279725843061,27054458,HDFCBANK.NS
2022-03-08,631.5514526367188,634.50038171104,614.5236080739608,619.3750870184799,39212492,HDFCBANK.NS
2022-03-09,652.17041015625,653.8588885491644,627.2945441400525,632.5979142059786,23134694,HDFCBANK.NS
2022-03-10,662.42041015625,678.7348017766328,656.4987457268377,678.7348017766328,22273206,HDFCBANK.NS
2022-03-11,664.3704833984375,670.149432575976,652.9075731964616,660.1848501728542,15150780,HDFCBANK.NS
2022-03-14,686.1309204101562,689.6743966720176,673.0270836488999,673.0270836488999,25018126,HDFCBANK.NS
2022-03-15,677.3078002929688,689.436556548215,671.4812409154484,686.5827315469807,18867928,HDFCBANK.NS
2022-03-16,688.79443359375,692.0525387446689,683.1105308271242,688.2474388752825,13364108,HDFCBANK.NS
2022-03-17,703.96728515625,708.6047506498716,699.4487290342597,700.1383801652347,14823954,HDFCBANK.NS
2022-03-21,707.03515625,710.4359760473683,700.5189456092843,707.2729750042046,12257876,HDFCBANK.NS
2022-03-22,710.6737670898438,712.5049598135698,693.0989270027054,704.561836957358,10461814,HDFCBANK.NS
2022-03-23,703.5867919921875,722.3982788795391,700.8994284281059,716.785732994576,31188256,HDFCBANK.NS
2022-03-24,686.178466796875,699.0206795927611,682.3258145703531,697.2845910655177,20160044,HDFCBANK.NS
2022-03-25,680.5897216796875,690.6256614843303,674.9296237233227,690.1500239764209,16366462,HDFCBANK.NS
2022-03-28,681.4934692382812,683.966761144496,666.6535436173285,680.58974632828,15754886,HDFCBANK.NS
2022-03-29,690.530517578125,694.5496310648167,680.16159727628,685.3936095630206,12377448,HDFCBANK.NS
2022-03-30,702.4927978515625,705.2515186367268,691.6007453109708,700.1384153992661,20109742,HDFCBANK.NS
2022-03-31,699.3535766601562,706.1789630767555,697.237013039462,699.6627526430442,14295714,HDFCBANK.NS
2022-04-01,716.3101196289062,718.2126697474425,699.3298830454588,702.2312603639822,14568556,HDFCBANK.NS
2022-04-04,788.0361938476562,819.0952862089551,743.2073617126769,751.5072124484601,97450970,HDFCBANK.NS
2022-04-05,764.9440307617188,792.7450201895066,761.9712963036054,792.7450201895066,30922582,HDFCBANK.NS
2022-04-06,737.6423950195312,756.1685102240006,735.9776637926485,755.1696250388968,27027860,HDFCBANK.NS
2022-04-07,721.4231567382812,733.1238272791691,719.9724391818007,733.100080241604,40781732,HDFCBANK.NS
2022-04-08,720.4244384765625,725.7040037554764,712.1721384616357,719.211539479779,41256322,HDFCBANK.NS
2022-04-11,711.6251220703125,718.2126904332335,710.2457615824013,716.3101402599004,20799066,HDFCBANK.NS
2022-04-12,710.3645629882812,716.7143116143333,704.0148143622292,705.8460070134646,27435402,HDFCBANK.NS
2022-04-13,696.78515625,714.5502639320367,695.691224799288,708.6998992573039,28892520,HDFCBANK.NS
2022-04-18,663.7283325195312,680.9464450214841,661.15993644386,674.8582617385757,45620376,HDFCBANK.NS
2022-04-19,638.400634765625,660.9221170332797,631.1709679279387,656.8078410106541,74096022,HDFCBANK.NS
2022-04-20,644.1558837890625,646.8194421533099,635.142518406885,644.2271829644586,49325736,HDFCBANK.NS
2022-04-21,653.6924438476562,656.2847032867525,643.68030843123,649.2452444448392,52446270,HDFCBANK.NS
2022-04-22,644.7742309570312,654.1680722750773,641.7063920801837,646.8670477236759,20659148,HDFCBANK.NS
2022-04-25,649.6019897460938,651.9326253742684,628.9117561352901,642.11069826632,20935488,HDFCBANK.NS
2022-04-26,652.5984497070312,657.3072144691479,645.5114394033479,652.5746446077407,17016842,HDFCBANK.NS
2022-04-27,652.8362426757812,655.904081179801,645.0119713376686,646.8669691113338,18054334,HDFCBANK.NS
2022-04-28,652.2655029296875,655.9041415782432,647.8658558596376,652.5746789306378,20773722,HDFCBANK.NS
2022-04-29,658.5677490234375,668.1518573977863,652.3607137487355,656.5462894086016,28401476,HDFCBANK.NS
2022-05-02,667.65234375,668.9603468911126,647.8420880799416,647.8420880799416,19494316,HDFCBANK.NS
2022-05-04,644.9644775390625,667.6048118935288,642.1106524172083,665.8925284326605,29055916,HDFCBANK.NS
2022-05-05,643.5137939453125,654.001625047842,640.4459550013958,654.001625047842,17862912,HDFCBANK.NS
2022-05-06,626.699951171875,634.9760551888268,624.5120303093106,632.5978677162095,26731268,HDFCBANK.NS
2022-05-09,627.7700805664062,630.9330812402754,616.1883202011134,618.3286887390562,32762434,HDFCBANK.NS
2022-05-10,637.8536987304688,643.537543685614,625.4871236116026,625.4871236116026,20113812,HDFCBANK.NS
2022-05-11,641.4447631835938,644.4888549965599,631.9558176573953,643.5375799338344,17102924,HDFCBANK.NS
2022-05-12,626.985595703125,638.4133285913138,622.1498368180273,635.6706374563736,22382290,HDFCBANK.NS
2022-05-13,621.35595703125,634.1790892090257,619.262889083472,630.353829122959,16768238,HDFCBANK.NS
2022-05-16,627.9719848632812,631.292053906236,618.4448991695826,625.0368734940553,9804356,HDFCBANK.NS
2022-05-17,632.2544555664062,633.6979588896172,624.6519812363082,631.580808934981,16641444,HDFCBANK.NS
2022-05-18,632.2063598632812,641.5410265716883,630.3297937681616,637.0902245927911,15732384,HDFCBANK.NS
2022-05-19,619.2869873046875,623.7858941010936,615.0767694162303,618.8779477207698,20537506,HDFCBANK.NS
2022-05-20,635.5984497070312,637.1622447317521,621.837065236746,626.9615129880896,13919350,HDFCBANK.NS
2022-05-23,627.4427490234375,639.9290287015857,625.0850152898169,632.2544265466233,19486320,HDFCBANK.NS
2022-05-24,634.63623046875,637.5473190805823,624.0265159854545,625.5181243809486,12870796,HDFCBANK.NS
2022-05-25,639.375732421875,642.8160348600121,636.6811460213428,639.9531102298189,12887112,HDFCBANK.NS
2022-05-26,657.6119384765625,659.6809832899339,644.7647830842534,645.7993054909392,26992428,HDFCBANK.NS
2022-05-27,669.8095092773438,671.0845566723668,659.5606139411736,660.0658635123912,24031718,HDFCBANK.NS
2022-05-30,674.3806762695312,683.4987815396562,672.8890092715018,678.5668121550864,12624674,HDFCBANK.NS
2022-05-31,668.3179321289062,675.944488061126,664.0115042012508,671.662083279525,13485388,HDFCBANK.NS
2022-06-01,671.1568603515625,673.8513881488794,663.6025497657505,664.0115306279351,12091896,HDFCBANK.NS
2022-06-02,666.4654541015625,667.860852355906,663.3378636546508,667.4999765351084,11475020,HDFCBANK.NS
2022-06-03,664.1558837890625,673.995741003826,662.231212745682,672.8169034842749,6957244,HDFCBANK.NS
2022-06-06,663.2656860351562,667.3796939444019,654.7009350100217,662.2312223234171,6173266,HDFCBANK.NS
2022-06-07,655.63916015625,661.2688580365657,651.5492343077399,655.3504712553794,10253966,HDFCBANK.NS
2022-06-08,657.9487915039062,664.4926611407994,652.9446351687653,660.7876929692908,5986588,HDFCBANK.NS
2022-06-09,662.9048461914062,664.9979730840081,653.0168832680971,655.4708272698372,7311816,HDFCBANK.NS
2022-06-10,650.1057739257812,658.2134392480132,646.4970155862447,654.4362839332251,9155430,HDFCBANK.NS
2022-06-13,638.317138671875,639.9531208031428,629.511803905611,636.8736353918679,10892572,HDFCBANK.NS
2022-06-14,631.2920532226562,638.0284013515566,627.9238791582061,630.9311774300365,11870356,HDFCBANK.NS
2022-06-15,629.102783203125,633.1205811087782,624.7482500861813,626.3120453531265,11810470,HDFCBANK.NS
2022-06-16,616.520263671875,635.4060979237764,614.9323865969412,630.3297546494468,12169192,HDFCBANK.NS
2022-06-17,620.5861206054688,625.0369224008559,611.8529139840168,613.4888961209325,14723922,HDFCBANK.NS
2022-06-20,636.1759033203125,637.5472195547377,622.7032073599105,627.779491488929,15936840,HDFCBANK.NS
2022-06-21,643.104736328125,651.5010895040998,637.0901398592911,643.2731332819936,13220684,HDFCBANK.NS
2022-06-22,640.0733642578125,643.2971645111071,636.6811083122385,641.0356997049206,8159698,HDFCBANK.NS
2022-06-23,642.43115234375,648.6141463686242,634.419697319756,640.193710492177,15372244,HDFCBANK.NS
2022-06-24,651.4049682617188,655.1821236118307,644.0671595693715,644.0671595693715,8013432,HDFCBANK.NS
2022-06-27,652.5838012695312,662.0868649193548,650.5388382056451,659.1998582409274,9804164,HDFCBANK.NS
2022-06-28,647.6036987304688,650.0576425546589,643.9949405371601,646.6894682409041,9770574,HDFCBANK.NS
2022-06-29,646.6654052734375,649.9373696255954,640.5545980485462,640.5545980485462,9994046,HDFCBANK.NS
2022-06-30,648.6141967773438,651.5012035879254,642.8401831561805,642.8401831561805,12475822,HDFCBANK.NS
2022-07-01,651.380859375,654.3881578947369,639.9772068826776,646.6653918015329,11472452,HDFCBANK.NS
2022-07-04,652.2951049804688,654.4843831117648,645.8474450575549,651.3567925787985,8487480,HDFCBANK.NS
2022-07-05,650.8275146484375,663.6987525096566,648.7585284770123,656.3128389795442,14325718,HDFCBANK.NS
2022-07-06,659.8013305664062,660.8358530598603,648.1811167165542,648.6141794738492,15049078,HDFCBANK.NS
2022-07-07,671.6139526367188,672.6724981664967,661.3409744346241,664.0114788767993,17743142,HDFCBANK.NS
2022-07-08,672.2394409179688,678.4465165399553,671.1087084709948,678.4465165399553,12474030,HDFCBANK.NS
2022-07-11,676.5940551757812,678.3984342696596,670.3869793455802,670.7478551643559,7462880,HDFCBANK.NS
2022-07-12,669.6893310546875,676.1610141176355,668.5345166503326,676.1610141176355,9876974,HDFCBANK.NS
2022-07-13,653.3535766601562,670.8440115296884,651.6213846159309,668.8231306008078,15945610,HDFCBANK.NS
2022-07-14,650.0817260742188,660.4749379498609,649.215600611124,655.350489555198,10372410,HDFCBANK.NS
2022-07-15,655.3745727539062,656.7458891263111,648.0367643942972,651.0199810197498,13595646,HDFCBANK.NS
2022-07-18,648.3975830078125,657.3232089503867,645.7511605542314,648.6140849867697,20332220,HDFCBANK.NS
2022-07-19,648.6382446289062,653.6905062823398,643.3213172038678,643.3213172038678,15792538,HDFCBANK.NS
2022-07-20,656.8179931640625,659.7290225107647,652.1025262039135,654.3399677588443,20347862,HDFCBANK.NS
2022-07-21,654.7490844726562,658.9593027266601,653.4739780541829,654.6528744070862,12640278,HDFCBANK.NS
2022-07-22,670.0260620117188,672.1913167902127,655.5429251294964,657.2751172050325,12729592,HDFCBANK.NS
2022-07-25,671.9989013671875,675.8482435588785,665.5994052152816,671.2290446761094,10143126,HDFCBANK.NS
2022-07-26,670.6275634765625,674.5971974845852,667.0428871698978,671.710190933296,8527964,HDFCBANK.NS
2022-07-27,675.7520141601562,676.5218708292028,666.0564720450384,668.2939138771885,9212778,HDFCBANK.NS
2022-07-28,681.7425537109375,685.182915066855,678.9277339602053,680.8764869533358,17420406,HDFCBANK.NS
2022-07-29,690.0907592773438,692.2079091114783,680.9967358477592,691.9192202105274,20019736,HDFCBANK.NS
2022-08-01,695.8407592773438,696.9474098698968,688.0939701842794,692.4003980885738,13193036,HDFCBANK.NS
2022-08-02,688.1901245117188,695.0948694760442,684.7257404575668,693.8438451640611,15036510,HDFCBANK.NS
2022-08-03,689.8021240234375,690.8366465072402,681.8147505490226,685.6400109407862,10975498,HDFCBANK.NS
2022-08-04,688.984130859375,696.1053785024752,679.8659665183745,692.8815779882993,12012206,HDFCBANK.NS
2022-08-05,686.6505126953125,691.4140267889854,683.8116110098687,689.5134375282818,9268982,HDFCBANK.NS
2022-08-08,703.4913330078125,704.6701705018421,686.6744848885744,687.1075476112192,15357736,HDFCBANK.NS
2022-08-10,705.5363159179688,708.0383647964982,697.2361719881424,703.154500244152,17353102,HDFCBANK.NS
2022-08-11,714.8709716796875,717.4211844953526,709.5059977383994,715.2559294113627,18301766,HDFCBANK.NS
2022-08-12,714.6063232421875,716.6031812290219,710.1795445295438,714.5341363296417,8850370,HDFCBANK.NS
2022-08-16,722.7861328125,725.8415362160341,716.0016794217771,719.2495616686834,12563756,HDFCBANK.NS
2022-08-17,726.51513671875,727.8864529443167,714.8949247807096,721.7515646448355,12384350,HDFCBANK.NS
2022-08-18,727.3812866210938,728.4398909455316,721.5832502964957,721.7516472669315,8342138,HDFCBANK.NS
2022-08-19,718.407470703125,727.5255752850977,716.9398856976162,726.563239868054,8063702,HDFCBANK.NS
2022-08-22,707.4849853515625,716.1460048012029,706.2098790742172,714.4378945404134,8234066,HDFCBANK.NS
2022-08-23,705.2957153320312,710.1795210324121,697.8857201939286,699.2811184238794,14966884,HDFCBANK.NS
2022-08-24,708.6878662109375,709.9629724189963,702.1199150712563,703.4191031598855,13455520,HDFCBANK.NS
2022-08-25,704.8385620117188,715.4002292936442,701.0614069473538,712.0801600941289,11823040,HDFCBANK.NS
2022-08-26,704.9588623046875,712.9943990116683,703.0822963230394,708.303013425697,7706176,HDFCBANK.NS
2022-08-29,692.5929565429688,695.7686523374972,687.3963207073368,691.438142053239,8653178,HDFCBANK.NS
2022-08-30,715.0633544921875,716.9158385123882,694.3731420244557,695.9850421787525,10135400,HDFCBANK.NS
2022-09-01,708.3511352539062,716.6753023262013,702.023767412422,704.7904820543832,22403136,HDFCBANK.NS
2022-09-02,714.774658203125,717.1804968372654,705.0069298539969,708.351080797229,12038086,HDFCBANK.NS
2022-09-05,719.369873046875,721.2704621778411,714.101050906599,715.0633864131738,12131932,HDFCBANK.NS
2022-09-06,716.627197265625,724.951423073854,715.2317990033503,721.2223729044177,12238696,HDFCBANK.NS
2022-09-07,713.2350463867188,716.9400149155867,707.9422006390198,707.9422006390198,9776206,HDFCBANK.NS
2022-09-08,720.5968627929688,721.7516772237872,713.1628440120845,716.9881044068499,11164690,HDFCBANK.NS
2022-09-09,721.0779418945312,726.0820979884301,718.888663984653,719.92312760574,15128888,HDFCBANK.NS
2022-09-12,718.6481323242188,723.6763119278681,716.9399632796035,721.7516408855068,11080492,HDFCBANK.NS
2022-09-13,728.054931640625,729.4022248737516,721.0539759192867,721.2223728893526,13001966,HDFCBANK.NS
2022-09-14,735.537109375,740.4690789237419,718.0706961615213,718.8887165967504,20219760,HDFCBANK.NS
2022-09-15,731.7118530273438,741.4555010181163,727.5257166443482,736.1867370805904,13539372,HDFCBANK.NS
2022-09-16,718.26318359375,728.8247925761237,713.5717978693896,723.2432582308112,20560046,HDFCBANK.NS
2022-09-19,723.002685546875,728.4880099183553,712.1283056005058,716.4588155669953,12076038,HDFCBANK.NS
2022-09-20,731.7118530273438,733.2997302685097,726.5152760073807,728.4880522483752,10781668,HDFCBANK.NS
2022-09-21,730.5810546875,732.0967448746909,724.1574768560039,725.6009801321287,9072304,HDFCBANK.NS
2022-09-22,715.0152587890625,726.6354714109892,713.4514636402978,722.7139425983661,12048144,HDFCBANK.NS
2022-09-23,695.8407592773438,709.7224372346395,691.438062580459,708.4473309391279,15806252,HDFCBANK.NS
2022-09-26,686.4579467773438,691.1733552416581,682.2958342078718,685.8324052401812,8923486,HDFCBANK.NS
2022-09-27,680.299072265625,692.881621797613,677.0030846314178,689.2247583187195,12639700,HDFCBANK.NS
2022-09-28,668.6066284179688,678.7351736760943,666.8503544937673,676.5218139126857,11816132,HDFCBANK.NS
2022-09-29,665.1422119140625,674.6933797809945,663.434101683277,671.8545371114053,14410388,HDFCBANK.NS
2022-09-30,683.9078369140625,688.7676199193113,656.7940432846984,663.4341823816585,15781756,HDFCBANK.NS
2022-10-03,679.9862670898438,682.22370896109,674.1641488370536,678.4224718418965,11541112,HDFCBANK.NS
2022-10-04,699.13671875,701.5425574242946,686.2173768162974,687.8292769808156,11538526,HDFCBANK.NS
2022-10-06,691.4381103515625,703.7559939592081,690.0908170525987,702.4808875755999,12549198,HDFCBANK.NS
2022-10-07,688.4547729492188,690.4515719276419,683.4265352110768,688.1901072180511,13297994,HDFCBANK.NS
2022-10-10,680.8523559570312,686.1452011270152,672.7687143847188,677.4841817579505,13109302,HDFCBANK.NS
2022-10-11,673.9476318359375,681.8147129301799,673.3701952846903,674.1641338324686,14521620,HDFCBANK.NS
2022-10-12,678.350341796875,680.7802037798269,672.3357447059547,675.1745875438293,9225050,HDFCBANK.NS
2022-10-13,670.5553588867188,676.6421426191388,665.9361602736982,674.6212615810351,14714234,HDFCBANK.NS
2022-10-14,692.4003295898438,696.2496712414899,680.9725965615194,681.814640047817,12849920,HDFCBANK.NS
2022-10-17,696.033203125,701.3500712981873,686.6263505116987,690.475692350587,18410500,HDFCBANK.NS
2022-10-18,694.7340698242188,703.90033929577,692.8815856653596,701.5666873690876,10561108,HDFCBANK.NS
2022-10-19,701.8553466796875,710.8772419458467,699.329216005163,704.4295823817055,12967040,HDFCBANK.NS
2022-10-20,697.1159057617188,699.0886819198254,694.0845252418784,694.8062769145736,7898078,HDFCBANK.NS
2022-10-21,692.2078857421875,701.3741545079234,689.9945259278926,698.6555450817992,10492606,HDFCBANK.NS
2022-10-24,703.0101928710938,703.9484465267632,699.7623104281301,699.7623104281301,2167794,HDFCBANK.NS
2022-10-25,698.1263427734375,706.2580899913314,695.2874411281454,703.0342306280569,13773394,HDFCBANK.NS
2022-10-27,699.8103637695312,706.0414624275766,698.2946736608377,704.6701461335379,15937276,HDFCBANK.NS
2022-10-28,701.87939453125,705.8731104708331,696.4422340345699,697.6932584749202,10474278,HDFCBANK.NS
2022-10-31,720.1637573242188,720.7892989018973,705.9933903964011,708.2789372387135,12830528,HDFCBANK.NS
2022-11-01,728.1271362304688,735.7055286941263,721.2223903997298,723.4357504196331,19073756,HDFCBANK.NS
2022-11-02,728.584228515625,735.3446593148229,727.3332040356852,729.931521793284,12720406,HDFCBANK.NS
2022-11-03,725.384521484375,731.4953288906344,720.3081778321194,720.6449717888227,10332352,HDFCBANK.NS
2022-11-04,720.38037109375,729.4984772519798,716.7475307718796,723.2914009917648,10818060,HDFCBANK.NS
2022-11-07,725.9859008789062,727.5256141338776,717.9503644757295,726.5632786654467,9835834,HDFCBANK.NS
2022-11-09,725.7693481445312,730.38854669658,723.6762802249166,728.9932072410344,9269790,HDFCBANK.NS
2022-11-10,733.6605224609375,734.7431498920162,719.3698638652188,720.3562225050898,12774182,HDFCBANK.NS
2022-11-11,775.2334594726562,787.6716345011165,740.0360255728266,743.4041999414936,56722338,HDFCBANK.NS
2022-11-14,777.1099853515625,783.341084117066,768.9060518544665,775.6424002436796,19195390,HDFCBANK.NS
2022-11-15,779.0105590820312,781.0074169195871,772.3945027587589,781.0074169195871,11030202,HDFCBANK.NS
2022-11-16,785.6988525390625,790.0774674383857,775.6424345375626,778.8422119111716,13578150,HDFCBANK.NS
2022-11-17,778.6016235351562,785.0492832742325,776.5566605526772,778.5775416526076,12100930,HDFCBANK.NS
2022-11-18,776.5567016601562,780.9353167659891,772.3945885635269,779.9729811938807,10459232,HDFCBANK.NS
2022-11-21,768.5933227539062,775.6424423049926,765.1529614641645,773.5493742606727,8344816,HDFCBANK.NS
2022-11-22,767.4625854492188,771.9614923063164,765.5379143885311,769.8684242750784,8546314,HDFCBANK.NS
2022-11-23,769.45947265625,772.2742924421901,766.9814468242063,772.2742924421901,10185738,HDFCBANK.NS
2022-11-24,781.9697875976562,785.2657749671398,769.4594259866601,772.731331473911,17197960,HDFCBANK.NS
2022-11-25,778.3610229492188,785.1213945985398,776.6528539412901,784.1590590980275,8410496,HDFCBANK.NS
2022-11-28,769.9887084960938,773.4530928760762,767.0054918764588,771.2638148082744,16105980,HDFCBANK.NS
2022-11-29,768.8338623046875,775.8107945409757,766.4280236025191,768.5451734076865,12638236,HDFCBANK.NS
2022-11-30,773.934326171875,776.0755581285166,768.4730833767418,768.4730833767418,15184806,HDFCBANK.NS
2022-12-01,779.2511596679688,787.6715951691663,777.0859048248036,780.4540790252827,20446366,HDFCBANK.NS
2022-12-02,773.2847290039062,778.8181584847341,772.3464753255907,774.680127315897,7811078,HDFCBANK.NS
2022-12-05,776.0994873046875,776.893425827618,768.0399276122688,774.6559840761946,11592622,HDFCBANK.NS
2022-12-06,775.2334594726562,776.4604020366052,769.8684271238768,770.3495948908293,12353092,HDFCBANK.NS
2022-12-07,774.8965454101562,778.8180741474324,772.0095390371375,776.6769012486282,11674720,HDFCBANK.NS
2022-12-08,779.2511596679688,782.378749996985,772.2742273955479,774.6800661101757,14803634,HDFCBANK.NS
2022-12-09,784.8087158203125,786.637118107019,779.4917884600618,782.3787950839879,11963384,HDFCBANK.NS
2022-12-12,790.9194946289062,795.6589852525027,780.1654070879796,781.897599252911,14434808,HDFCBANK.NS
2022-12-13,793.1088256835938,797.2949616133573,791.5209486143468,793.9267873639345,17031702,HDFCBANK.NS
2022-12-14,799.8211669921875,801.3849623254555,793.9268615052546,795.3703648898096,14227640,HDFCBANK.NS
2022-12-15,785.1695556640625,803.2614512642567,782.8840088582007,797.3190413162754,18182648,HDFCBANK.NS
2022-12-16,788.9467163085938,791.5690570624564,774.1989129626363,779.5158401167187,14647958,HDFCBANK.NS
2022-12-19,791.4006958007812,792.3149263180803,782.4750101040391,791.0398199705028,9604542,HDFCBANK.NS
2022-12-20,785.9393920898438,787.3828952985053,779.5879427299554,779.5879427299554,7174698,HDFCBANK.NS
2022-12-21,778.3369750976562,791.4247737186288,773.0201064666394,789.5963126931921,9269198,HDFCBANK.NS
2022-12-22,775.66650390625,783.1005222357195,774.1989187571569,780.5503096365309,9747096,HDFCBANK.NS
2022-12-23,768.7376098632812,771.8652000036462,762.8673285118972,763.6131619629631,10693152,HDFCBANK.NS
2022-12-26,784.0387573242188,788.6339327760353,765.0567133092716,769.6278068793584,9907322,HDFCBANK.NS
2022-12-27,784.832763671875,787.1664156857469,776.3642223890472,785.7469942121562,7926772,HDFCBANK.NS
2022-12-28,784.2072143554688,785.7469276450677,780.9833552219441,780.9833552219441,8691870,HDFCBANK.NS
2022-12-29,789.7406616210938,790.7992071900476,775.1612551160126,779.5398699494827,11012896,HDFCBANK.NS
2022-12-30,783.4132690429688,791.5209337293505,779.4917402076278,791.5209337293505,7122640,HDFCBANK.NS
2023-01-02,783.6778564453125,788.994783343364,778.7940509867589,782.8598948008254,4381378,HDFCBANK.NS
2023-01-03,788.8023681640625,790.5586422632767,780.5503292014555,780.5503292014555,8378030,HDFCBANK.NS
2023-01-04,774.7042236328125,791.8818902379387,773.2366383790779,786.7093364964484,10351600,HDFCBANK.NS
2023-01-05,769.72412109375,778.5535973840347,764.7681278994141,777.0860120710504,10941436,HDFCBANK.NS
2023-01-06,767.1738891601562,774.2470317456477,759.3789361975485,770.8307523930382,9092462,HDFCBANK.NS
2023-01-09,768.66552734375,775.4259581366615,765.0567689994132,767.9437756748827,10729340,HDFCBANK.NS
2023-01-10,754.6154174804688,769.8684118966518,753.0275403864125,769.8684118966518,16371766,HDFCBANK.NS
2023-01-11,765.48974609375,768.9060251968651,750.6216516314828,754.4469115539331,15195798,HDFCBANK.NS
2023-01-12,769.5797119140625,771.7449667913606,762.2419037187744,763.998177755398,9250070,HDFCBANK.NS
2023-01-13,770.1812133789062,774.6320153125537,763.1320937043018,769.2669828560861,9244546,HDFCBANK.NS
2023-01-16,762.7952880859375,780.1173277789237,760.3894492396894,777.0859473381312,14748094,HDFCBANK.NS
2023-01-17,774.1507568359375,775.1611973011755,759.0420786732492,764.960465126677,10786354,HDFCBANK.NS
2023-01-18,787.8159790039062,789.884965083016,769.724024650822,772.274237215273,19090642,HDFCBANK.NS
2023-01-19,791.0879516601562,793.9268533679445,785.7470009393052,787.671672098985,11172162,HDFCBANK.NS
2023-01-20,799.195556640625,803.068980550622,790.7510978089086,791.0878917418223,18843404,HDFCBANK.NS
2023-01-23,805.0418090820312,809.6129030380878,799.4121694938297,801.7458215030824,15444400,HDFCBANK.NS
2023-01-24,815.8198852539062,819.139954334254,805.9559468005266,805.9800286815163,24983940,HDFCBANK.NS
2023-01-25,793.2771606445312,814.5928550580184,791.6652605555566,813.8470803457161,14704142,HDFCBANK.NS
2023-01-27,777.4708251953125,787.6715573611841,765.0325926486802,785.2657187620357,35179948,HDFCBANK.NS
2023-01-30,776.6768798828125,782.0419116590099,761.2073260790175,767.462506381816,18512822,HDFCBANK.NS
2023-01-31,771.552490234375,780.7908875770869,767.4625643428925,779.3473843212695,18596244,HDFCBANK.NS
2023-02-01,783.1246337890625,801.1443434244188,772.7554447685386,781.4164646974513,17302790,HDFCBANK.NS
2023-02-02,771.4802856445312,781.6569951120864,764.4552483744704,773.7658324138648,17497106,HDFCBANK.NS
2023-02-03,798.1610107421875,798.9789723443195,773.2365001850776,775.1611710007219,14411100,HDFCBANK.NS
2023-02-06,794.7688598632812,803.2614827057959,792.0983552594887,798.7384939446326,11167672,HDFCBANK.NS
2023-02-07,795.9476928710938,801.0962231951561,785.5544809008483,798.4498004893098,10264588,HDFCBANK.NS
2023-02-08,795.8513793945312,802.6839372708745,793.9267085858384,795.9716713200746,8444826,HDFCBANK.NS
2023-02-09,794.1914672851562,799.5324176572361,786.9739509076702,798.738479108453,11777336,HDFCBANK.NS
2023-02-10,797.3430786132812,798.0167252205403,790.173667284601,793.3494214707791,8172116,HDFCBANK.NS
2023-02-13,797.9445190429688,799.5805011250109,791.3044393965116,796.3326188427218,5736944,HDFCBANK.NS
2023-02-14,805.3304443359375,807.1589052910266,797.7520522296284,801.1443083812574,10908592,HDFCBANK.NS
2023-02-15,803.6945190429688,807.3994872360046,797.1746725138561,807.3994872360046,11438712,HDFCBANK.NS
2023-02-16,800.783447265625,809.2760700053668,799.2196520403804,805.0898752375481,8062500,HDFCBANK.NS
2023-02-17,796.7656860351562,802.6599909509282,790.5345284538475,799.2196298038508,8956270,HDFCBANK.NS
2023-02-20,789.283447265625,803.2854159842882,786.61300169689,798.7384045852328,8086706,HDFCBANK.NS
2023-02-21,792.2427368164062,799.8692342574486,786.2281396647481,789.115146297544,12389296,HDFCBANK.NS
2023-02-22,776.700927734375,790.0533322670238,774.222960909244,788.6339109553685,10359102,HDFCBANK.NS
2023-02-23,771.4321899414062,778.9383950431011,766.0671578181314,776.1235754720026,27882010,HDFCBANK.NS
2023-02-24,764.551513671875,778.4813560195853,762.7471345130758,778.4813560195853,17061740,HDFCBANK.NS
2023-02-27,766.4521484375,769.3872600713753,758.9459430133319,763.0839740657053,14312972,HDFCBANK.NS
2023-02-28,769.6759643554688,772.4186559261975,764.4312238388164,766.0191009974646,18993992,HDFCBANK.NS
2023-03-01,768.93017578125,776.1236104242643,767.8234664194171,775.6424426558673,14137256,HDFCBANK.NS
2023-03-02,762.38623046875,772.7313372630384,761.2073929564784,766.981406050965,17391814,HDFCBANK.NS
2023-03-03,777.5189208984375,779.491696778829,764.0943299288768,767.9436716413649,14986234,HDFCBANK.NS
2023-03-06,783.0042724609375,788.8504134058667,778.5534709474247,779.4917245287281,27004710,HDFCBANK.NS
2023-03-08,784.5681762695312,788.8746045657163,779.4918325077525,779.4918325077525,20099774,HDFCBANK.NS
2023-03-09,784.6402587890625,791.9780672791738,782.859961535162,784.27938296168,20700166,HDFCBANK.NS
2023-03-10,764.4072265625,776.4845264268987,762.6509523697192,774.8966492145099,27387000,HDFCBANK.NS
2023-03-13,754.7357177734375,771.6968814107662,753.0034668384583,764.0463022356049,26443550,HDFCBANK.NS
2023-03-14,752.7147216796875,761.9772004206781,750.2848599011005,755.5536230150942,33185612,HDFCBANK.NS
2023-03-15,741.91259765625,761.6404762620406,739.3623849761033,759.2827424375032,37264754,HDFCBANK.NS
2023-03-16,746.7241821289062,750.188566152108,737.1730148168983,740.5171069124015,21753342,HDFCBANK.NS
2023-03-17,756.7084350585938,759.8600484180247,740.9982970778341,749.4187322719004,22950876,HDFCBANK.NS
2023-03-20,751.4636840820312,754.5190873460873,743.5966036348024,754.446900441081,26503114,HDFCBANK.NS
2023-03-21,759.9804077148438,761.4479929018443,748.793257108229,756.3716494546454,33050494,HDFCBANK.NS
2023-03-22,758.2242431640625,763.1562131168565,753.1719812612004,762.1697956317762,14177324,HDFCBANK.NS
2023-03-23,752.1373901367188,765.225129615806,749.9240302046185,754.350750068819,28364178,HDFCBANK.NS
2023-03-24,750.9344482421875,757.3099208232004,748.1917568712191,750.6216774626521,31477748,HDFCBANK.NS
2023-03-27,754.206298828125,759.980311312014,750.0923501751296,751.6801683664236,31872006,HDFCBANK.NS
2023-03-28,760.3412475585938,761.6404357125624,752.5944586072359,753.3643152523856,39276302,HDFCBANK.NS
2023-03-29,763.9981689453125,770.8307274292553,761.1592675027767,762.1697080199377,39763612,HDFCBANK.NS
2023-03-31,774.4635009765625,776.0994241800914,766.2114631109374,767.7511762682442,34711228,HDFCBANK.NS
2023-04-03,774.9447021484375,777.4226689404504,771.1915704030113,773.5011989750112,40025398,HDFCBANK.NS
2023-04-05,795.7311401367188,796.8137675382653,777.5670581774376,778.8180825386323,43365392,HDFCBANK.NS
2023-04-06,801.7938232421875,803.1651395050825,792.531344577113,793.2290730170381,44637344,HDFCBANK.NS
2023-04-10,797.99267578125,804.0313548734133,795.8515026694348,800.3023046039525,31813286,HDFCBANK.NS
2023-04-11,800.3262939453125,803.2614052965625,794.4560125065183,798.2572492502067,42361542,HDFCBANK.NS
2023-04-12,810.7195434570312,812.307361770148,802.4915867834721,802.5877968377349,26955504,HDFCBANK.NS
2023-04-13,814.3523559570312,816.5657746530499,807.4716921966794,812.3555567321653,35330086,HDFCBANK.NS
2023-04-17,801.9382934570312,827.6085828103118,795.5147153318975,827.6085828103118,32405148,HDFCBANK.NS
2023-04-18,798.5460205078125,807.0386434079419,797.00630713609,803.550177070361,29637226,HDFCBANK.NS
2023-04-19,801.4810791015625,803.6944976892919,797.3671301762054,801.1442851788886,24741168,HDFCBANK.NS
2023-04-20,804.46435546875,807.134801181368,801.8179329013308,804.368086679066,32922716,HDFCBANK.NS
2023-04-21,805.7634887695312,806.8942212156402,800.3022466466929,803.0689611623811,20128618,HDFCBANK.NS
2023-04-24,812.2833251953125,813.8711434821779,805.5228950106629,811.729970551708,35675852,HDFCBANK.NS
2023-04-25,800.7352294921875,812.0666934409265,799.652602180992,812.0666934409265,50353068,HDFCBANK.NS
2023-04-26,804.416259765625,805.955973055451,796.3326181532963,798.738456878835,27392750,HDFCBANK.NS
2023-04-27,808.8429565429688,810.8879194015693,801.5532536644629,803.7906953628967,47790392,HDFCBANK.NS
2023-04-28,812.0186767578125,813.6546588421882,803.5501361717647,810.6232785465422,27916272,HDFCBANK.NS
2023-05-02,811.8502807617188,817.5040017864336,809.3241500911014,812.547950500037,32221184,HDFCBANK.NS
2023-05-03,814.6891479492188,816.0604642226169,808.193383640843,810.7435373497618,29407270,HDFCBANK.NS
2023-05-04,831.3617553710938,834.5614742791329,811.7781905035579,811.7781905035579,56854638,HDFCBANK.NS
2023-05-05,782.2103881835938,799.1955750303342,780.5022191249311,788.6339660930405,62770416,HDFCBANK.NS
2023-05-08,791.25634765625,794.095249360511,784.3034965950662,786.7093355416769,37244524,HDFCBANK.NS
2023-05-09,791.2803344726562,796.8137633850524,789.0909977997552,793.878651970084,43688938,HDFCBANK.NS
2023-05-10,794.9373168945312,796.1643182887179,785.7951286225175,791.2804533329866,46340550,HDFCBANK.NS
2023-05-11,795.466552734375,812.2112150220032,793.5659634923215,801.216542964019,35734618,HDFCBANK.NS
2023-05-12,802.4916381835938,804.8974770572269,791.1601135942614,792.4833249747595,22478760,HDFCBANK.NS
2023-05-15,806.3410034179688,808.7227604763904,801.1924728395238,804.5125423272495,18512260,HDFCBANK.NS
2023-05-16,801.7174072265625,813.641207320555,800.1113205928083,813.641207320555,32722086,HDFCBANK.NS
2023-05-17,797.4102172851562,803.0314612780545,791.0346460503185,803.0314612780545,30466868,HDFCBANK.NS
2023-05-18,800.5980224609375,804.953835962047,798.1645938212387,802.0580796447568,49646942,HDFCBANK.NS
2023-05-19,801.522705078125,803.0314188922503,794.0520913358603,802.0580474754112,30460332,HDFCBANK.NS
2023-05-22,798.6756591796875,804.4428733296279,794.6117857136817,800.5980440930408,28334032,HDFCBANK.NS
2023-05-23,796.8018798828125,802.8367950174272,794.9768083346355,802.5447954516952,22470074,HDFCBANK.NS
2023-05-24,786.3867797851562,795.6094500592069,785.3160355965606,792.1053367744181,33588112,HDFCBANK.NS
2023-05-25,783.3693237304688,788.455225154943,777.407423655138,786.3380947431477,29776930,HDFCBANK.NS
2023-05-26,786.3867797851562,787.9441502650901,779.7921647697594,787.9441502650901,26635066,HDFCBANK.NS
2023-05-29,795.9744873046875,798.6512587386072,790.7912725552128,792.5676872978805,21816292,HDFCBANK.NS
2023-05-30,796.5828857421875,799.4543434930372,792.5920864341458,795.0498137776772,37125928,HDFCBANK.NS
2023-05-31,783.977783203125,795.7068987144811,780.9603551065537,793.2491711514361,43334270,HDFCBANK.NS
2023-06-01,780.6439208984375,788.3822359863269,778.6971779535536,788.3822359863269,50366938,HDFCBANK.NS
2023-06-02,781.860595703125,785.9001108734474,779.1838242892643,784.7563519232599,17859710,HDFCBANK.NS
2023-06-05,780.8386840820312,786.7275701890972,779.8896111568738,785.7541986206603,18697242,HDFCBANK.NS
2023-06-06,778.4051513671875,783.4909933701617,774.9253365920524,782.4203085516023,32182852,HDFCBANK.NS
2023-06-07,782.444580078125,784.805053262948,776.7503811233141,780.3761658426776,24949026,HDFCBANK.NS
2023-06-08,782.9312744140625,791.350960923385,780.278861070367,780.278861070367,37395522,HDFCBANK.NS
2023-06-09,783.8560791015625,787.7009085166137,782.1040222342899,786.4355374130215,18212578,HDFCBANK.NS
2023-06-12,779.0865478515625,786.3868338718737,778.4294745818307,784.8051052341397,13408292,HDFCBANK.NS
2023-06-13,780.4005737304688,783.0773452649356,773.8789730190645,773.8789730190645,27926108,HDFCBANK.NS
2023-06-14,779.5488891601562,784.5374180278894,778.7945024942541,783.7830313619872,20113968,HDFCBANK.NS
2023-06-15,769.961181640625,781.5929230405386,768.4767664026215,780.6439096325554,35377476,HDFCBANK.NS
2023-06-16,780.0355834960938,783.1746828103192,770.9102257106925,772.4432977006162,15779272,HDFCBANK.NS
2023-06-19,780.7169799804688,785.6324943134937,777.8941787861185,784.0507655809437,24829146,HDFCBANK.NS
2023-06-20,782.3472900390625,784.0506900484788,774.146647589991,780.7169047691681,20005626,HDFCBANK.NS
2023-06-21,796.0231323242188,796.8261756245972,784.050675786365,786.4841043269806,24308946,HDFCBANK.NS
2023-06-22,799.9166870117188,806.7059888717916,797.7023024946114,798.1646301932708,56596140,HDFCBANK.NS
2023-06-23,799.8680419921875,807.8497002925832,795.2688853504051,796.9722855006775,21339218,HDFCBANK.NS
2023-06-26,795.9988403320312,803.3964393933287,792.6649956756461,800.5979965482512,16130314,HDFCBANK.NS
2023-06-27,807.2169189453125,814.1765484676322,797.4589059580019,799.6002755865209,33831864,HDFCBANK.NS
2023-06-28,815.7583618164062,817.5834334461853,808.1417176661517,812.7652324615918,59562950,HDFCBANK.NS
2023-06-30,828.047119140625,831.6486054517263,819.2137611926184,829.3124901661796,40699016,HDFCBANK.NS
2023-07-03,837.002197265625,855.3502267293802,832.2326530339916,833.449367439012,44104116,HDFCBANK.NS
2023-07-04,841.0902709960938,850.2399866599931,834.0820438772298,838.778513734139,38795188,HDFCBANK.NS
2023-07-05,814.3712768554688,837.0994772709068,812.0595195781218,835.2744057361592,37165754,HDFCBANK.NS
2023-07-06,815.1986083984375,821.4525082286525,808.0930085295972,814.2252369257229,52156544,HDFCBANK.NS
2023-07-07,808.093017578125,815.1986175265295,806.0976179186929,810.3317601084606,19926336,HDFCBANK.NS
2023-07-10,806.1705932617188,816.0503378295722,802.8854644229833,808.3850372058562,38398442,HDFCBANK.NS
2023-07-11,802.2527465820312,815.6852604691176,800.8413461228718,809.3583461576029,50670426,HDFCBANK.NS
2023-07-12,794.7334594726562,810.9644765133695,791.9107178120092,805.6352319869237,70958358,HDFCBANK.NS
2023-07-13,798.699951171875,806.6572510904781,797.2155953198356,806.2922367876993,41913546,HDFCBANK.NS
2023-07-14,800.3546752929688,804.7835035114284,795.7311609024043,804.7835035114284,24727214,HDFCBANK.NS
2023-07-17,817.0966796875,818.6053935606003,794.7577929158504,803.0314502823962,49252928,HDFCBANK.NS
2023-07-18,816.415283203125,829.3124545920268,812.7651403572094,826.3923403152943,81076818,HDFCBANK.NS
2023-07-19,820.1141357421875,821.8905505906512,815.1986216073076,818.1673927652148,32935134,HDFCBANK.NS
2023-07-20,821.8905639648438,823.4722926593728,817.6320636334198,818.1917641303833,56210948,HDFCBANK.NS
2023-07-21,815.5635986328125,822.4015567907909,814.3468843278255,817.6320129512904,42154248,HDFCBANK.NS
2023-07-24,816.8533325195312,819.8951183000274,812.813817239081,816.9019892100436,32179444,HDFCBANK.NS
2023-07-25,825.7109985351562,826.879056170404,816.8533420034627,819.8951278192749,55992596,HDFCBANK.NS
2023-07-26,822.8395385742188,827.1710534459679,821.5255108693627,827.1710534459679,24794358,HDFCBANK.NS
2023-07-27,814.2982177734375,828.8257745170246,811.5240735457453,827.3170606790924,59741302,HDFCBANK.NS
2023-07-28,799.8680419921875,812.2298721075693,798.6999842928814,808.6283856221597,41015684,HDFCBANK.NS
2023-07-31,803.615478515625,806.3409662159895,797.5319067020986,803.0558374366854,34565006,HDFCBANK.NS
2023-08-01,808.993408203125,811.5241504025686,803.0315076162769,805.1972354940766,35394188,HDFCBANK.NS
2023-08-02,798.407958984375,803.7615021412346,794.830830666086,799.1379875966741,28116322,HDFCBANK.NS
2023-08-03,792.6407470703125,803.6884896703888,789.8909607409018,798.1646183703506,57673946,HDFCBANK.NS
2023-08-04,804.1021728515625,806.1949453417267,792.9327586465489,795.8042164551875,37388304,HDFCBANK.NS
2023-08-07,803.6398315429688,809.4070457041624,801.8391180613743,809.4070457041624,28300918,HDFCBANK.NS
2023-08-08,802.9828491210938,805.7569341954113,799.1623777784342,803.8588478451442,43773828,HDFCBANK.NS
2023-08-09,803.2747802734375,805.221523152016,793.8330654303563,804.4914945725491,33361236,HDFCBANK.NS
2023-08-10,796.1448364257812,805.099865704745,793.7844225264857,801.5957522263969,50781118,HDFCBANK.NS
2023-08-11,787.846923828125,797.3859527425766,786.5814933374278,797.3859527425766,28225822,HDFCBANK.NS
2023-08-14,784.0020751953125,785.9974748594191,778.8188601509507,784.0507318876311,31304410,HDFCBANK.NS
2023-08-16,781.714599609375,783.3937010320665,769.5961724006356,770.4721710730195,34137542,HDFCBANK.NS
2023-08-17,777.3831176757812,783.5153458133944,775.7770310495571,777.529087744607,52884040,HDFCBANK.NS
2023-08-18,774.1953125,776.8964420218484,771.6402124587459,772.6379419530916,25633366,HDFCBANK.NS
2023-08-21,773.5869750976562,778.9405181779168,772.3702607612333,778.9405181779168,21837270,HDFCBANK.NS
2023-08-22,770.2774658203125,777.7237811054864,768.963438139342,776.9207377849476,32273570,HDFCBANK.NS
2023-08-23,772.1755981445312,774.0980425006611,765.6783552717781,768.9634840803492,36498588,HDFCBANK.NS
2023-08-24,768.622802734375,776.8477441031978,767.0897307917666,775.4364030038525,43145792,HDFCBANK.NS
2023-08-25,759.9597778320312,767.746749618975,758.4510639302869,766.3110504597091,30069756,HDFCBANK.NS
2023-08-28,767.868408203125,770.2531801549441,759.9597651143588,759.9597651143588,28867238,HDFCBANK.NS
2023-08-29,773.976318359375,775.1200179106506,769.669102242421,773.6842594017068,35538932,HDFCBANK.NS
2023-08-30,768.3307495117188,780.6195643753474,765.8973208258516,780.6195643753474,28084204,HDFCBANK.NS
2023-08-31,764.80224609375,770.4965046276685,760.7384322394234,768.4767470204652,100075772,HDFCBANK.NS
2023-09-01,766.384033203125,768.4768057096691,758.9134187598048,764.5833196769412,43226776,HDFCBANK.NS
2023-09-04,771.1778564453125,774.5359402767891,766.4813275172515,773.830269769566,25073638,HDFCBANK.NS
2023-09-05,766.4813842773438,773.0516417713671,764.38861183011,773.0516417713671,38712082,HDFCBANK.NS
2023-09-06,776.507080078125,778.6971658570981,766.4813659496907,767.4060807161218,56320910,HDFCBANK.NS
2023-09-07,783.977783203125,785.5108553045627,772.4433538873283,776.5071683013815,34208342,HDFCBANK.NS
2023-09-08,790.085693359375,794.7092081887672,782.3960344054848,782.7367500914759,34502210,HDFCBANK.NS
2023-09-11,794.173828125,796.4612273788786,790.3776555229446,792.762427572447,31573022,HDFCBANK.NS
2023-09-12,796.6559448242188,799.576059429664,790.888730360441,798.164658821722,39033340,HDFCBANK.NS
2023-09-13,800.062744140625,803.8102007820438,792.61642814262,793.9305153592652,46420094,HDFCBANK.NS
2023-09-14,799.5760498046875,803.0315068308923,795.7798770993519,800.2330637010272,23538848,HDFCBANK.NS
2023-09-15,808.75,812.7651572137806,803.0314427561306,803.0314427561306,173411202,HDFCBANK.NS
2023-09-18,792.8353881835938,805.464858730247,791.399629677695,804.8565015861909,37056288,HDFCBANK.NS
2023-09-20,761.0304565429688,778.2104866731253,759.4244292708094,778.2104866731253,115474648,HDFCBANK.NS
2023-09-21,755.9932861328125,763.5855718328563,748.0603441770149,755.8229580049356,72841442,HDFCBANK.NS
2023-09-22,744.4588623046875,761.3711919566923,741.5874045249608,758.7430770496563,61704250,HDFCBANK.NS
2023-09-25,745.1158447265625,749.8366724935371,742.195730377536,742.195730377536,40208754,HDFCBANK.NS
2023-09-26,748.3523559570312,749.4960555884529,742.1957693327212,742.1957693327212,27575308,HDFCBANK.NS
2023-09-27,743.0960693359375,745.8458554975613,737.3288555163493,741.2223412220462,39338538,HDFCBANK.NS
2023-09-28,741.5630493164062,748.3279930851168,738.9592924506106,746.5759362770035,55354188,HDFCBANK.NS
2023-09-29,742.8284301757812,747.2815569377753,740.8816873168103,741.5629997895483,32053782,HDFCBANK.NS
2023-10-03,733.9464111328125,743.1690816035621,732.9486816600946,743.1690816035621,38971694,HDFCBANK.NS
2023-10-04,744.4102172851562,747.0626308751249,724.7967576747751,727.5952007546005,54649430,HDFCBANK.NS
2023-10-05,747.4276123046875,755.1172706279191,745.8945403681716,747.0869560565192,48512674,HDFCBANK.NS
2023-10-06,746.600341796875,751.9295273041055,744.5562258825445,751.4428415259151,17759356,HDFCBANK.NS
2023-10-09,737.937255859375,744.6291848078113,735.8688414571311,743.6558133244023,16454972,HDFCBANK.NS
2023-10-10,742.1227416992188,744.1424994102023,737.426212407623,740.0300286548502,33266292,HDFCBANK.NS
2023-10-11,749.3013305664062,750.5424029295025,743.8991308991633,744.6778161774354,31333360,HDFCBANK.NS
2023-10-12,754.2898559570312,755.3362421435227,745.4078415117224,747.5979272653602,22025336,HDFCBANK.NS
2023-10-13,747.4276123046875,753.7788848660191,744.6048112974557,749.4960266639874,39745300,HDFCBANK.NS
2023-10-16,744.4345092773438,746.794923276397,740.0056808464606,745.3592240817852,17856084,HDFCBANK.NS
2023-10-17,750.0800170898438,757.1613181665532,747.0625893528261,757.1613181665532,32902558,HDFCBANK.NS
2023-10-18,739.640625,750.0800099587005,738.8375816778204,750.0800099587005,31216200,HDFCBANK.NS
2023-10-19,737.3045654296875,742.8041382598725,731.5860077723223,732.6567520860139,30252364,HDFCBANK.NS
2023-10-20,741.1250610351562,743.1691173582408,732.46203118805,732.46203118805,21094010,HDFCBANK.NS
2023-10-23,732.9730224609375,744.0207640901824,730.0772068991747,741.4656641644435,22376136,HDFCBANK.NS
2023-10-25,728.3252563476562,741.1251158897211,725.8674694399969,740.2490577379119,28311996,HDFCBANK.NS
2023-10-26,712.2158813476562,726.1350808000519,710.6828094760561,725.7700665168079,55561798,HDFCBANK.NS
2023-10-27,715.0143432617188,719.3215000369331,713.9193003827721,715.1846713831347,31940532,HDFCBANK.NS
2023-10-30,722.7769775390625,725.1373914861161,711.4858921827074,712.1429060469561,23310982,HDFCBANK.NS
2023-10-31,718.591552734375,731.9754116576363,717.3748382868058,731.9754116576363,32634824,HDFCBANK.NS
2023-11-01,717.6181030273438,719.053802155173,711.6562028835086,711.6562028835086,33877466,HDFCBANK.NS
2023-11-02,718.7131958007812,725.4051249981815,714.041024388573,722.7283533192214,45225154,HDFCBANK.NS
2023-11-03,722.1199340820312,725.8430917067044,721.0979059562075,724.18834838353,18095340,HDFCBANK.NS
2023-11-06,727.351806640625,729.0552066561768,721.7549208752405,729.0552066561768,25593730,HDFCBANK.NS
2023-11-07,723.8233032226562,727.1084316790375,718.9320882014275,727.1084316790375,41952848,HDFCBANK.NS
2023-11-08,725.9161376953125,726.8407930714139,720.7815793854345,722.2172785513859,31399546,HDFCBANK.NS
2023-11-09,723.044677734375,726.4271198457463,721.9982915168673,723.2150058605088,22116740,HDFCBANK.NS
2023-11-10,725.8917846679688,728.0818705084018,720.3192566823748,720.3435553235623,14015186,HDFCBANK.NS
2023-11-13,724.5776977539062,728.0574529993991,723.1662973344708,726.1837249264701,20605914,HDFCBANK.NS
2023-11-15,732.1700439453125,735.3577999173147,730.2963157159859,732.0240144584016,41245460,HDFCBANK.NS
2023-11-16,734.0924072265625,739.2756221207742,731.8536647558356,734.7494210785321,29713838,HDFCBANK.NS
2023-11-17,732.5106811523438,733.6787387876133,724.6750527726409,725.16173850318,23701874,HDFCBANK.NS
2023-11-20,732.559326171875,736.3554985735485,730.7829708116128,736.3554985735485,19331452,HDFCBANK.NS
2023-11-21,738.7645874023438,740.7356883923068,735.9174877356371,739.2756311878541,24959972,HDFCBANK.NS
2023-11-22,736.1365356445312,739.7623206231069,731.7563640092628,739.7623206231069,29123650,HDFCBANK.NS
2023-11-23,740.3950805664062,741.6360936254299,734.1654789893513,734.1654789893513,13046220,HDFCBANK.NS
2023-11-24,745.6511840820312,746.1622278549652,739.6892839772345,740.3462978210936,16469192,HDFCBANK.NS
2023-11-28,743.97216796875,748.1576534487249,742.5851254924052,747.1599239182611,28489338,HDFCBANK.NS
2023-11-29,758.8160400390625,760.6897681490088,746.0891967833849,746.5272258063289,34042488,HDFCBANK.NS
2023-11-30,758.6456909179688,765.2889031775027,750.5423621524202,763.6828760176745,69491440,HDFCBANK.NS
2023-12-01,756.990966796875,762.0281520239192,755.3848801865702,758.207681074416,22153536,HDFCBANK.NS
2023-12-04,783.2720336914062,784.5374047202694,765.873018667368,772.8569470817542,50662456,HDFCBANK.NS
2023-12-05,790.2316284179688,797.6779441560443,786.7275147823341,796.4612297811876,52230820,HDFCBANK.NS
2023-12-06,792.22705078125,797.4102062498663,786.8004930390686,797.4102062498663,38613060,HDFCBANK.NS
2023-12-07,793.5167236328125,795.2444817359088,786.5814519897668,790.86431017188,20450386,HDFCBANK.NS
2023-12-08,804.5888671875,805.4649253113081,793.5167662504412,793.5167662504412,33728038,HDFCBANK.NS
2023-12-11,803.5181884765625,809.6990738547369,801.5714454396721,803.0558607692541,23187620,HDFCBANK.NS
2023-12-12,795.5364990234375,806.0732571804058,794.1981132379304,805.0755276490755,36581476,HDFCBANK.NS
2023-12-13,793.7357788085938,796.2178641804811,786.0461204150259,794.4901060535459,29346914,HDFCBANK.NS
2023-12-14,803.1044921875,807.3872910879392,800.5980487244109,801.0847344683164,35172366,HDFCBANK.NS
2023-12-15,806.2192993164062,811.7918273650013,801.3767404796611,803.0314839042278,138837130,HDFCBANK.NS
2023-12-18,805.8056030273438,810.1857749432232,803.4938456272962,808.2390318694991,18014754,HDFCBANK.NS
2023-12-19,804.4428100585938,807.2412528497581,800.1356534706899,803.0314096384661,24008446,HDFCBANK.NS
2023-12-20,806.4382934570312,812.2541644467366,800.3303634873538,806.9249792104754,34232520,HDFCBANK.NS
2023-12-21,820.8927612304688,822.3771764061897,803.1530909094922,806.438219443738,36589240,HDFCBANK.NS
2023-12-22,813.1788330078125,820.5034769444852,811.3537615362043,819.3840760112807,48578850,HDFCBANK.NS
2023-12-26,818.8244018554688,820.5278019503709,812.059517577905,814.3469167985355,18045856,HDFCBANK.NS
2023-12-27,828.9718627929688,830.5292334309963,816.9506891067552,818.3620896655261,27009078,HDFCBANK.NS
2023-12-28,829.9208374023438,837.7808237889657,828.3391087868577,831.8919383640549,44076470,HDFCBANK.NS
2023-12-29,831.8675537109375,834.6173398672829,825.4189680232558,825.9056537355337,25011426,HDFCBANK.NS
2024-01-01,826.4410400390625,831.8189412093673,823.4722689184366,830.285869252277,14239686,HDFCBANK.NS
2024-01-02,826.9276733398438,828.7284461026671,821.8661301022644,826.7817032735886,29242092,HDFCBANK.NS
2024-01-03,814.176513671875,829.653083176837,812.2540695245034,828.3390555600513,28389762,HDFCBANK.NS
2024-01-04,822.9125366210938,824.907936188308,813.1058074949292,816.6586370098769,26734056,HDFCBANK.NS
2024-01-05,818.7026977539062,829.7504992888211,811.8404409559379,821.1118277236433,31889470,HDFCBANK.NS
2024-01-08,809.577392578125,818.7757651976441,807.8983504931613,816.9020369293803,17998470,HDFCBANK.NS
2024-01-09,803.2747802734375,816.5613241836867,801.4497088247701,811.3781093874959,25326888,HDFCBANK.NS
2024-01-10,805.92724609375,807.8739890989318,798.8460040583302,799.6246893784266,16115824,HDFCBANK.NS
2024-01-11,802.5447998046875,809.309743595266,799.6246853117656,807.8983430417109,18314010,HDFCBANK.NS
2024-01-12,798.7485961914062,805.95156875827,795.0497965259408,804.0048258385641,19773552,HDFCBANK.NS
2024-01-15,814.1278686523438,818.0700109690749,799.9166104629336,801.9120099654888,28320356,HDFCBANK.NS
2024-01-16,817.2183227539062,819.4084084513863,806.9735647828543,814.2251937520415,25322500,HDFCBANK.NS
2024-01-17,748.279296875,777.1397839265529,743.8504686909188,764.0965828252033,170145236,HDFCBANK.NS
2024-01-18,723.2880249023438,737.32889662945,720.3192537681881,727.1084960821111,161070930,HDFCBANK.NS
2024-01-19,715.744384765625,735.0171279009493,714.6493418669147,732.924355486129,109600538,HDFCBANK.NS
2024-01-23,694.6708984375,717.7154569857805,693.5271987986505,712.9946289403671,115469402,HDFCBANK.NS
2024-01-24,708.5657958984375,709.8068089160445,671.7480069982282,671.7480069982282,86004404,HDFCBANK.NS
2024-01-25,698.3453979492188,709.27146932584,690.8017687875753,706.9110553088505,98941852,HDFCBANK.NS
2024-01-29,707.9573974609375,711.9238979776146,703.6502407027771,704.7452835773879,65645498,HDFCBANK.NS
2024-01-30,702.9202270507812,712.1185398649957,701.2654836786888,707.90875580775,41728768,HDFCBANK.NS
2024-01-31,711.80224609375,717.8371016849802,699.2700884068386,700.5841161285045,65761040,HDFCBANK.NS
2024-02-01,713.651611328125,717.1800828855794,708.6387839338071,713.0189555223712,32690740,HDFCBANK.NS
2024-02-02,703.8206176757812,720.7085896391353,701.8252179588541,717.8614898495053,44867754,HDFCBANK.NS
2024-02-05,703.1879272460938,706.6190857097415,697.931756543557,703.7476277670278,38605046,HDFCBANK.NS
2024-02-06,702.8228759765625,705.5483042801744,697.2259898811583,703.5286059562596,41075740,HDFCBANK.NS
2024-02-07,695.9362182617188,707.5437201567751,694.330191039234,707.1543478186637,54837086,HDFCBANK.NS
2024-02-08,682.8444213867188,700.3163911601653,681.6033490400813,695.8875630019661,69106124,HDFCBANK.NS
2024-02-09,683.112060546875,688.2709172654594,675.033089526087,677.5395328507874,56642124,HDFCBANK.NS
2024-02-12,676.4931640625,688.0032934481292,673.2566920790741,681.18969323455,34447812,HDFCBANK.NS
2024-02-13,678.658935546875,683.4771364619307,673.7434212435891,677.4422211445823,57580994,HDFCBANK.NS
2024-02-14,673.597412109375,677.2231970540489,663.6203545889955,669.6795681971766,91320810,HDFCBANK.NS
2024-02-15,688.197998046875,688.903668609651,673.7433958465795,674.0597534612269,41584944,HDFCBANK.NS
2024-02-16,691.0451049804688,694.8412181662663,685.4725175238648,692.9918479710976,32175742,HDFCBANK.NS
2024-02-19,689.682373046875,695.4739454261017,688.7576582283627,695.4739454261017,34451756,HDFCBANK.NS
2024-02-20,707.7870483398438,709.22274741334,687.1029057664576,688.660276266856,56133508,HDFCBANK.NS
2024-02-21,700.413818359375,712.5079475266035,698.3940605878935,712.5079475266035,45893136,HDFCBANK.NS
2024-02-22,690.874755859375,695.3765988884213,687.2975681948778,689.9986977762575,50560882,HDFCBANK.NS
2024-02-23,691.3858032226562,697.8587478235042,690.1204320838871,692.3348761341468,29833452,HDFCBANK.NS
2024-02-26,692.213134765625,698.3210050066913,687.9546346452112,687.9546346452112,23506870,HDFCBANK.NS
2024-02-27,691.1668090820312,694.3545652339111,687.7113519923358,687.9546948776648,32087150,HDFCBANK.NS
2024-02-28,685.9348754882812,693.1377886016653,683.3067606806109,691.1667470533215,25321986,HDFCBANK.NS
2024-02-29,683.0147705078125,686.4215706434694,680.0459994144303,682.3820552900959,53295700,HDFCBANK.NS
2024-03-01,696.3256225585938,697.2989940386686,681.360036052442,681.360036052442,34738898,HDFCBANK.NS
2024-03-04,697.274658203125,699.3674307159147,693.186545384466,696.422958130924,35616474,HDFCBANK.NS
2024-03-05,701.2410888671875,702.2874750189414,691.8967470591605,692.067075174591,37991672,HDFCBANK.NS
2024-03-06,702.0927734375,707.0813018234176,697.688303532932,697.688303532932,42409530,HDFCBANK.NS
2024-03-07,703.7962036132812,706.2053335588424,701.5088045068723,703.504204064998,49348046,HDFCBANK.NS
2024-03-11,694.8899536132812,703.7232526512562,692.5538381955413,695.9606385239804,50531094,HDFCBANK.NS
2024-03-12,710.3422241210938,712.5079519871562,695.5956218426523,697.9073792005341,65418454,HDFCBANK.NS
2024-03-13,710.755859375,716.2067158438075,705.7429725398497,713.2379447418698,63067454,HDFCBANK.NS
2024-03-14,708.3467407226562,713.4812990740788,702.9202422173576,711.5832127948388,52432158,HDFCBANK.NS
2024-03-15,706.9840698242188,710.2205419583659,701.9225261192986,705.6943406988961,143613804,HDFCBANK.NS
2024-03-18,703.77197265625,708.6144722431341,698.7834435762417,704.2343003680048,21437856,HDFCBANK.NS
2024-03-19,705.3779907226562,706.8624060469253,698.6374048635253,698.6374048635253,36183594,HDFCBANK.NS
2024-03-20,696.4716186523438,706.4973325344582,693.3568181834665,705.2319615530049,43606094,HDFCBANK.NS
2024-03-21,703.6259155273438,706.3026871236781,700.0001304926251,702.0928435492851,28922860,HDFCBANK.NS
2024-03-22,702.2144775390625,706.0593065998343,699.7323922549797,701.3141208411934,45980326,HDFCBANK.NS
2024-03-26,693.7218627929688,699.8297331586394,692.1401341445468,694.5978614753975,56844290,HDFCBANK.NS
2024-03-27,701.1681518554688,704.6966236214441,691.7021375713913,692.8215385852401,62168668,HDFCBANK.NS
2024-03-28,704.6723022460938,710.8045307526719,701.1681292352769,701.1681292352769,55592142,HDFCBANK.NS
2024-04-01,715.67138671875,717.2774734382766,708.4197572494843,709.5878149173326,25199570,HDFCBANK.NS
2024-04-02,720.3678588867188,727.5221149937069,712.1428585816917,713.0675733041284,41225446,HDFCBANK.NS
2024-04-03,721.414306640625,727.9115494819865,716.109420115624,716.450076374618,45584386,HDFCBANK.NS
2024-04-04,743.461181640625,744.6292393883092,731.9754091764817,731.9754091764817,88935066,HDFCBANK.NS
2024-04-05,754.1439208984375,756.5529915753328,744.7022055513205,749.0093625181328,59055902,HDFCBANK.NS
2024-04-08,752.7081909179688,757.8914061879058,750.2504634550537,756.7720051664586,20482940,HDFCBANK.NS
2024-04-09,753.6572265625,756.7233110790663,749.6420692068525,756.7233110790663,21884494,HDFCBANK.NS
2024-04-10,747.7196655273438,754.3142814277871,746.0649220391629,754.3142814277871,27807400,HDFCBANK.NS
2024-04-12,739.2512817382812,744.5561681914903,736.5745101656407,740.2490112702176,41084208,HDFCBANK.NS
2024-04-15,727.4490966796875,734.8954117012732,726.1594270943376,728.8361984614614,23415248,HDFCBANK.NS
2024-04-16,734.5304565429688,736.3068713842836,721.3899415012858,723.7016987771374,20744886,HDFCBANK.NS
2024-04-18,727.4490966796875,739.2025682918519,725.6727413912242,734.7980983246009,34234884,HDFCBANK.NS
2024-04-19,745.2619018554688,747.0382572891224,720.4165709168466,723.4827148610226,34576434,HDFCBANK.NS
2024-04-22,735.9661254882812,757.9643557818745,734.0680986992392,757.9643557818745,42298438,HDFCBANK.NS
2024-04-23,733.7273559570312,742.9257276507318,731.6102850251966,742.8284142738174,26827060,HDFCBANK.NS
2024-04-24,735.7228393554688,740.6140550056098,734.4331696198528,737.3289261268269,22441580,HDFCBANK.NS
2024-04-25,735.260498046875,739.616311752735,733.0704121681982,733.0704121681982,35445204,HDFCBANK.NS
2024-04-26,734.7981567382812,743.6558134751455,732.729742335618,739.6650141563123,24854694,HDFCBANK.NS
2024-04-29,744.3858642578125,746.7949349875348,733.216449914726,737.3289207914913,36093350,HDFCBANK.NS
2024-04-30,739.8109741210938,749.2526892649995,737.2802320622603,744.2398024289921,52307382,HDFCBANK.NS
2024-05-02,745.7241821289062,748.0359392606487,739.9326102747762,740.7356535814621,33475006,HDFCBANK.NS
2024-05-03,739.567626953125,749.7880273318675,733.5327119903678,746.2108990812835,31865242,HDFCBANK.NS
2024-05-06,741.0520629882812,746.819277196089,738.3752913854279,740.7357053714223,28793396,HDFCBANK.NS
2024-05-07,733.021728515625,741.7334150168236,732.0483570497901,740.7113274497933,28480602,HDFCBANK.NS
2024-05-08,721.5845947265625,728.5441648774708,720.465193806477,728.0574791574124,41687862,HDFCBANK.NS
2024-05-09,704.4776000976562,723.5800151607533,703.4069152466064,717.83709973452,46281278,HDFCBANK.NS
2024-05-10,709.361572265625,716.2928456267198,703.8856031439476,709.9042250216206,27276608,HDFCBANK.NS
2024-05-13,717.9208984375,720.1655815796556,705.6122976051453,706.4509373389452,27047202,HDFCBANK.NS
2024-05-14,720.7328491210938,722.9775322143812,715.4789152317669,716.4408878596623,25665142,HDFCBANK.NS
2024-05-15,709.6575927734375,720.116199874965,708.3256213801538,720.116199874965,38931996,HDFCBANK.NS
2024-05-16,720.3875122070312,721.5221990437014,708.1775543730138,713.3822271543565,34945236,HDFCBANK.NS
2024-05-17,722.286865234375,724.210870736283,713.4562165510583,713.4562165510583,20920190,HDFCBANK.NS
2024-05-21,719.6721801757812,725.0494465734148,715.3801590157026,715.3801590157026,43769978,HDFCBANK.NS
2024-05-22,719.8695068359375,723.0268413842214,714.4182283327197,719.203521164468,39996278,HDFCBANK.NS
2024-05-23,736.3468017578125,737.8514873644924,718.808897899437,719.5982164877166,40861920,HDFCBANK.NS
2024-05-24,748.4827880859375,749.814819731989,733.0908640200075,733.8308615274302,31060206,HDFCBANK.NS
2024-05-27,753.6627807617188,762.1974428837648,749.3955099218479,751.5168000055969,29385440,HDFCBANK.NS
2024-05-28,755.0440673828125,757.7820820455768,752.2321011517142,754.846722684579,27908904,HDFCBANK.NS
2024-05-29,744.0921630859375,751.763434227272,740.6141508121484,748.8774560751649,35147706,HDFCBANK.NS
2024-05-30,747.3234252929688,751.6400771573121,738.8381451452329,739.6027730570852,33755350,HDFCBANK.NS
2024-05-31,755.5620727539062,757.7573743920395,746.9040786650703,749.370736784836,74079588,HDFCBANK.NS
2024-06-03,775.615966796875,788.8372786068238,764.6640286682782,788.8372786068238,72637256,HDFCBANK.NS
2024-06-04,731.6848754882812,769.1040704644005,717.3042453208712,768.1174071283333,89531240,HDFCBANK.NS
2024-06-05,765.5520629882812,769.4000136473305,731.2901444599279,737.062160780223,81631650,HDFCBANK.NS
2024-06-06,769.4493408203125,772.2859977724349,762.9867083301413,772.0147015010076,46422870,HDFCBANK.NS
2024-06-07,776.1832885742188,781.6099363682906,765.675361251112,770.115345809898,36712216,HDFCBANK.NS
2024-06-10,770.23876953125,779.784725413951,768.4134061980604,776.5040577255814,22454058,HDFCBANK.NS
2024-06-11,771.9653930664062,775.0240252200629,765.7493660748642,767.6240504407497,29545326,HDFCBANK.NS
2024-06-12,776.5780029296875,783.5586575880445,772.7546827700062,776.9973227739393,39280436,HDFCBANK.NS
2024-06-13,779.8340454101562,782.2760131134276,776.5040566032491,780.3273770852536,24120192,HDFCBANK.NS
2024-06-14,787.8013305664062,788.8373149959045,778.329326673916,781.4373401835603,25540554,HDFCBANK.NS
2024-06-18,793.1785888671875,794.5105601294592,784.1259056214269,787.8012622589033,32415714,HDFCBANK.NS
2024-06-19,817.869873046875,823.8145435842582,791.3039754417663,795.941305047812,90131196,HDFCBANK.NS
2024-06-20,823.5431518554688,829.5124525875813,814.983860042712,823.7651872236406,41408742,HDFCBANK.NS
2024-06-21,821.7672119140625,825.2698546527171,810.6179284522095,825.2698546527171,51630776,HDFCBANK.NS
2024-06-24,825.0478515625,826.3798229097616,811.9005512360641,812.5172157896385,28544994,HDFCBANK.NS
2024-06-25,844.2631225585938,847.025767804676,824.4065232844747,824.4065232844747,74521548,HDFCBANK.NS
2024-06-26,839.40380859375,844.041138181783,834.2731473521208,842.5857736709851,47596666,HDFCBANK.NS
2024-06-27,836.7644653320312,845.0770913433391,832.0531241260426,836.7397746618053,55074650,HDFCBANK.NS
2024-06-28,830.671875,841.9198007397313,828.3038589383985,837.4798157900913,26476046,HDFCBANK.NS
2024-07-01,841.2290649414062,842.2651095333842,828.7971320491276,828.7971320491276,21187024,HDFCBANK.NS
2024-07-02,853.7597045898438,855.8810546817267,840.0204307746837,846.0637432263002,45921690,HDFCBANK.NS
2024-07-03,872.531005859375,885.0369507276009,870.5576793248654,883.5569558267186,123217802,HDFCBANK.NS
2024-07-04,852.0578002929688,868.1404005851939,850.9231133709549,868.1404005851939,45848658,HDFCBANK.NS
2024-07-05,813.0598754882812,831.2638253093144,810.1492067263514,831.2638253093144,82242548,HDFCBANK.NS
2024-07-08,806.7698974609375,816.4391857049037,802.7246020410699,811.678583484828,39087800,HDFCBANK.NS
2024-07-09,807.3372192382812,812.3691778178521,799.369901303005,801.6639054458949,48550878,HDFCBANK.NS
2024-07-10,802.20654296875,809.063864597064,799.5672308205436,804.1058576798249,45507182,HDFCBANK.NS
2024-07-11,800.1346435546875,802.0832795528332,789.8239996598078,801.1459373403621,44177074,HDFCBANK.NS
2024-07-12,800.5292358398438,808.2745787950348,794.8312914757237,800.1839277769812,56049960,HDFCBANK.NS
2024-07-15,800.2332763671875,804.031966294815,796.8292758573642,800.9239527377698,33375694,HDFCBANK.NS
2024-07-16,799.0739135742188,802.6505679180453,797.6186093434653,799.5672452078501,28950324,HDFCBANK.NS
2024-07-18,796.6320190429688,801.1459557272271,788.9113662252444,793.2773395385489,33717064,HDFCBANK.NS
2024-07-19,792.9319458007812,800.677228233124,791.0572615353138,797.2239068544229,26002152,HDFCBANK.NS
2024-07-22,810.3218994140625,814.4905276323838,795.5712715150735,797.7172520784763,53744822,HDFCBANK.NS
2024-07-23,798.407958984375,812.9119216218081,791.7973027922226,812.7885887086006,52002152,HDFCBANK.NS
2024-07-24,791.3286743164062,799.6906218755655,783.4353677463822,793.3513220807449,61728206,HDFCBANK.NS
2024-07-25,797.5198974609375,801.6638951787058,785.8772830890329,785.8772830890329,25535732,HDFCBANK.NS
2024-07-26,798.2846069335938,800.0605887969758,787.5792741911353,791.7972838101718,43810540,HDFCBANK.NS
2024-07-29,791.822021484375,805.0432741154053,788.4920327099303,796.7306475152811,51001148,HDFCBANK.NS
2024-07-30,797.0020141601562,806.4739582617092,788.8373508245744,790.317345854264,54595834,HDFCBANK.NS
2024-07-31,797.1006469726562,803.0946388161857,793.8693004409521,796.2373165488889,37820484,HDFCBANK.NS
2024-08-01,808.471923828125,814.0219048337823,798.1859108540549,800.627938629233,26215174,HDFCBANK.NS
2024-08-02,818.51123046875,824.1105327295066,804.6239322848401,804.6239322848401,44119238,HDFCBANK.NS
2024-08-05,797.1006469726562,812.0239300120638,789.824004829474,809.1132611105608,41333634,HDFCBANK.NS
2024-08-06,789.922607421875,805.5858871810888,786.0253355957136,804.1305829139676,45116050,HDFCBANK.NS
2024-08-07,800.9239501953125,804.1306059860544,790.4159617464212,797.7172944045706,42346264,HDFCBANK.NS
2024-08-08,810.3958740234375,815.6252376687839,798.8272709671206,801.1705962949537,33976950,HDFCBANK.NS
2024-08-09,814.0958862304688,820.1885804457108,811.9252750900921,814.9839073123685,26644618,HDFCBANK.NS
2024-08-12,818.9797973632812,826.7990913723679,812.6898193077751,814.9838233487179,39316196,HDFCBANK.NS
2024-08-13,790.9093017578125,805.3146225179424,789.8980079765901,803.1439511462899,54055042,HDFCBANK.NS
2024-08-14,793.1785888671875,796.0891971974215,790.9092152779186,792.5372336839343,32334428,HDFCBANK.NS
2024-08-16,805.1665649414062,806.177918901087,794.7572792867222,803.3905830654421,27849246,HDFCBANK.NS
2024-08-19,804.895263671875,807.9045746403995,801.0225621096914,807.9045746403995,19502164,HDFCBANK.NS
2024-08-20,807.92919921875,812.0238759013653,802.8725499307859,802.8725499307859,31134494,HDFCBANK.NS
2024-08-21,802.05859375,806.3752455426795,798.1119406824072,803.1932203742449,47630904,HDFCBANK.NS
2024-08-22,804.77197265625,808.2252943260683,803.1439540663039,805.1172807347715,21300638,HDFCBANK.NS
2024-08-23,801.6885986328125,806.1038926835937,800.6772446912317,806.1038926835937,20333422,HDFCBANK.NS
2024-08-26,809.0392456054688,812.9858989531632,805.2159251748899,805.2159251748899,22364266,HDFCBANK.NS
2024-08-27,807.9539184570312,812.714580974844,805.2159036816922,810.7412543536698,35773244,HDFCBANK.NS
2024-08-28,807.6332397460938,808.9405806750858,804.2292392849356,807.9539173658313,26921188,HDFCBANK.NS
2024-08-29,808.3485717773438,811.2345497877237,804.6979056469421,810.0505418236547,49052604,HDFCBANK.NS
2024-08-30,807.5346069335938,819.9172195651064,799.7646332824804,816.9572296027775,445342100,HDFCBANK.NS
2024-09-02,802.6258544921875,812.4185353190471,800.7758609185206,812.4185353190471,34049680,HDFCBANK.NS
2024-09-03,807.7565307617188,809.0391809529892,801.4665524914798,806.1038818486695,37282860,HDFCBANK.NS
2024-09-04,809.9519653320312,811.4319603519671,805.1172908451134,808.5706125582972,24682744,HDFCBANK.NS
2024-09-05,811.7525024414062,813.947864316631,810.0505324148638,812.0238589250097,22876318,HDFCBANK.NS
2024-09-06,807.5592041015625,812.8872099026286,806.1532209716318,808.2252499925564,26029602,HDFCBANK.NS
2024-09-09,812.2705688476562,813.2572321563082,804.1799176724811,808.0772497858858,23792914,HDFCBANK.NS
2024-09-10,814.169921875,815.9705945420105,808.0772877024264,815.9705945420105,26606646,HDFCBANK.NS
2024-09-11,810.9879150390625,815.2305552034559,808.6692201411954,814.1945707781381,22226684,HDFCBANK.NS
2024-09-12,822.1865234375,823.8638631072175,812.541925723635,815.970556634334,32424046,HDFCBANK.NS
2024-09-13,821.8658447265625,825.8371886289187,817.4752411837702,825.8371886289187,23860532,HDFCBANK.NS
2024-09-16,824.3324584960938,827.7118283198007,820.9285184448568,822.383822656841,15172820,HDFCBANK.NS
2024-09-17,823.2718505859375,827.8104775064535,820.9778464556504,827.8104775064535,20127122,HDFCBANK.NS
2024-09-18,836.0985107421875,838.1211584780381,824.4065144173259,824.7765131575844,40917342,HDFCBANK.NS
2024-09-19,842.8571166992188,848.0370989791965,838.2444778560398,838.2691083056365,30651776,HDFCBANK.NS
2024-09-20,858.989013671875,860.8390072921377,842.3884524296358,846.8037464482039,60623386,HDFCBANK.NS
2024-09-23,868.1650390625,871.3963251528371,858.5203814686755,862.8370332933276,26965350,HDFCBANK.NS
2024-09-24,872.2350463867188,878.9443447710721,865.4270455398441,870.7303607683197,33039036,HDFCBANK.NS
2024-09-25,877.6863403320312,882.0770041306025,868.3377295053485,868.3377295053485,31965312,HDFCBANK.NS
2024-09-26,879.832275390625,882.0769584056752,872.2350164313859,874.7016745924757,31899644,HDFCBANK.NS
2024-09-27,864.6377563476562,877.2423442796407,863.3304153886946,876.6503703689774,35613502,HDFCBANK.NS
2024-09-30,854.47509765625,864.0456833682003,850.701098537286,862.738402689165,26383534,HDFCBANK.NS
2024-10-01,851.5890502929688,859.3837142697525,848.5797393423385,850.5037447767241,24572284,HDFCBANK.NS
2024-10-03,829.7838134765625,851.5644172954591,825.5164827720641,846.3844351066934,48473398,HDFCBANK.NS
2024-10-04,817.771240234375,834.0511850540141,815.4772359655595,826.083866681385,48683232,HDFCBANK.NS
2024-10-07,798.1119384765625,818.4371776300311,795.7439225540929,815.0824984433904,94458296,HDFCBANK.NS
2024-10-08,814.5151977539062,817.351854577489,800.1838900610866,804.1305430330278,29734406,HDFCBANK.NS
2024-10-09,805.6846313476562,817.3272467507278,803.4892692768091,813.750592132383,41125642,HDFCBANK.NS
2024-10-10,820.114501953125,821.6191272702827,805.363874384187,808.5705299330368,21754766,HDFCBANK.NS
2024-10-11,814.4906005859375,821.1258875682706,810.6672800804614,821.1258875682706,23672594,HDFCBANK.NS
2024-10-14,832.7931518554688,834.741848018609,815.9705545228965,816.9819085005773,18527508,HDFCBANK.NS
2024-10-15,830.81982421875,837.6771462351046,826.5771840500105,835.7038196244212,19651130,HDFCBANK.NS
2024-10-16,838.565185546875,842.585790426718,828.8465156450762,828.8465156450762,20470682,HDFCBANK.NS
2024-10-17,825.4178466796875,837.5044718768119,821.4958240034423,836.1724403142362,14695732,HDFCBANK.NS
2024-10-18,829.7098388671875,834.2238355924767,816.0198853262701,820.4598702584595,24809724,HDFCBANK.NS
2024-10-21,852.8223876953125,862.4177242903107,844.1151323678729,846.063768270474,46548354,HDFCBANK.NS
2024-10-22,845.841796875,858.3970631644344,843.9424218629189,853.4884373802005,38875280,HDFCBANK.NS
2024-10-23,856.3251342773438,861.603759041874,841.1551854708522,841.1551854708522,38036090,HDFCBANK.NS
2024-10-24,863.15771484375,872.5310159915173,857.4597103207274,857.4597103207274,30832258,HDFCBANK.NS
2024-10-25,860.0744018554688,867.2030200365818,852.8223905419693,865.7970368926951,26130478,HDFCBANK.NS
2024-10-28,855.5357055664062,863.8237012026692,852.9210840084185,859.383716444917,22012142,HDFCBANK.NS
2024-10-29,864.2430419921875,870.2370336046123,851.0464203091243,851.5644426318723,35794926,HDFCBANK.NS
2024-10-30,855.7330932617188,865.6737383463702,850.6024319063034,859.3837596235229,32715724,HDFCBANK.NS
2024-10-31,856.2756958007812,857.8543931673494,848.234426273393,852.4770662952162,22895912,HDFCBANK.NS
2024-11-01,857.0651245117188,860.419743696405,851.5397737386437,854.9437742666823,1759692,HDFCBANK.NS
2024-11-04,845.6197509765625,860.8637106769045,844.0411138190809,860.8637106769045,28089248,HDFCBANK.NS
2024-11-05,867.2030029296875,869.5956493162819,837.6277954866241,840.1437747820238,44232406,HDFCBANK.NS
2024-11-06,865.92041015625,873.9370497603172,861.0364145993881,873.9370497603172,27787910,HDFCBANK.NS
2024-11-07,861.62841796875,868.7323455565536,857.4104082699865,860.5184217555121,18895456,HDFCBANK.NS
2024-11-08,865.5256958007812,869.1517316326272,861.2830556229201,864.3170573375987,19902986,HDFCBANK.NS
2024-11-11,871.3717041015625,879.5116762015548,863.9223481240455,865.5750573030832,24565362,HDFCBANK.NS
2024-11-12,847.6423950195312,875.6636561032956,842.9311140165652,874.1836611915717,31395406,HDFCBANK.NS
2024-11-13,829.463134765625,853.1677439816382,825.3438276461692,846.9270867373347,35728500,HDFCBANK.NS
2024-11-14,835.087158203125,841.05645917869,824.8998474928816,825.39317914741,27146470,HDFCBANK.NS
2024-11-18,841.1797485351562,847.987749103584,836.1971111266544,838.6637692715708,27081968,HDFCBANK.NS
2024-11-19,859.507080078125,865.1803941380466,839.9957889401087,845.5704607570133,50981272,HDFCBANK.NS
2024-11-21,858.989013671875,867.7703408111802,855.5356922473849,863.0343691875372,35716512,HDFCBANK.NS
2024-11-22,861.1597290039062,865.4517505554312,853.2417920363309,860.1484352390544,24773612,HDFCBANK.NS
2024-11-25,880.8929443359375,889.7482832055338,870.6810037082952,880.6216480727867,427737274,HDFCBANK.NS
2024-11-26,880.8683471679688,892.9302818593218,873.0983737208503,892.9302818593218,30935566,HDFCBANK.NS
2024-11-27,894.06494140625,896.5562300169572,880.6709755435701,883.0143007972586,32714976,HDFCBANK.NS
2024-11-28,884.6176147460938,905.8061839354122,882.07694483503,897.3702251985009,35722392,HDFCBANK.NS
2024-11-29,886.04833984375,890.2662893460416,879.561016559754,888.6383310231244,27669536,HDFCBANK.NS
2024-12-02,890.3156127929688,892.0176431336934,875.6636867426915,889.7236388960249,15110876,HDFCBANK.NS
2024-12-03,900.9715576171875,906.4475265301775,895.9395389832724,899.1955156163089,43410242,HDFCBANK.NS
2024-12-04,917.6461791992188,920.0635162996781,903.3642521901575,906.7435619082082,44669084,HDFCBANK.NS
2024-12-05,920.4335327148438,927.4388181075851,905.3622266087298,917.596875706611,39682714,HDFCBANK.NS
2024-12-06,915.5494995117188,919.6688066050771,909.7035317020062,916.1168429341786,17783156,HDFCBANK.NS
2024-12-09,922.5301513671875,927.4634676846591,912.1701871004972,914.4641912323508,26947912,HDFCBANK.NS
2024-12-10,921.5928344726562,926.3288062229569,916.881553393078,926.3288062229569,13325480,HDFCBANK.NS
2024-12-11,919.1261596679688,923.4675021564423,915.9935158212785,918.4354833328279,14045426,HDFCBANK.NS
2024-12-12,917.2268676757812,921.864197216933,912.0221946944998,913.1568815747593,17293790,HDFCBANK.NS
2024-12-13,923.3934936523438,924.9968214762359,902.4268990322158,918.8301759997277,19009002,HDFCBANK.NS
2024-12-16,920.1621704101562,922.5054957499956,915.2535445762154,920.1128492893367,13107082,HDFCBANK.NS
2024-12-17,904.4002685546875,918.7562078618506,901.0702798391582,915.7962178924912,21079532,HDFCBANK.NS
2024-12-18,893.2755737304688,905.7568882727958,891.5242825465077,902.7228866518356,23422312,HDFCBANK.NS
2024-12-19,884.790283203125,888.5395915672278,877.6369745293333,887.7995941182149,25380770,HDFCBANK.NS
2024-12-20,873.93701171875,886.7883251977108,871.7417099804251,879.2156362475025,25692348,HDFCBANK.NS
2024-12-23,888.4902954101562,890.956953642833,878.7716860618692,879.1169941259847,11044592,HDFCBANK.NS
2024-12-24,887.0596313476562,892.2889348142179,882.8416818560752,889.0083275055933,14485834,HDFCBANK.NS
2024-12-26,883.4336547851562,893.916952377888,878.5003382709294,887.2816657547127,10481678,HDFCBANK.NS
2024-12-27,887.1336669921875,890.9322967259654,882.6196702111419,885.4316968356189,7259330,HDFCBANK.NS
2024-12-30,877.0943603515625,895.3969526845203,873.6903598921683,884.1489668763874,22222218,HDFCBANK.NS
2024-12-31,874.60302734375,879.0183818635131,871.0263727843891,873.3450677348718,14117236,HDFCBANK.NS
2025-01-01,879.4869384765625,885.0369191568942,868.8062969452952,874.8989303590305,7313806,HDFCBANK.NS
2025-01-02,884.9136352539062,889.6989281059142,874.6770036544534,876.699651347947,18558576,HDFCBANK.NS
2025-01-03,862.9356689453125,885.6536147489581,861.5050553855514,883.5569553072743,24426194,HDFCBANK.NS
2025-01-06,843.8438110351562,866.8823756490298,841.5251763034672,858.4464162412277,18816348,HDFCBANK.NS
2025-01-07,845.2744140625,849.0237223493897,838.6637582765616,846.063732614296,13527906,HDFCBANK.NS
2025-01-08,835.8518676757812,844.4111600559388,830.4498497882179,842.7338203435289,19738190,HDFCBANK.NS
2025-01-09,822.778564453125,833.237171528912,817.9932112311335,830.844525028491,40420222,HDFCBANK.NS
2025-01-10,817.3272094726562,826.2811909461473,815.9705474379197,824.3571854708366,17453280,HDFCBANK.NS
2025-01-13,804.5499267578125,812.3939122066796,801.3186405131205,809.0639234971638,21669066,HDFCBANK.NS
2025-01-14,812.3198852539062,817.0558570637163,807.5839134440961,809.0145872775671,26661432,HDFCBANK.NS
2025-01-15,810.5685424804688,820.2624606383587,807.2385540448483,817.2038286822469,14022892,HDFCBANK.NS
2025-01-16,815.008544921875,819.201863784551,810.469857784879,815.4031740939097,21212454,HDFCBANK.NS
2025-01-17,807.4605712890625,814.2438814190301,803.3905852110819,810.7905598983193,23112076,HDFCBANK.NS
2025-01-20,814.6138305664062,819.3991231510713,802.1572072678132,802.1572072678132,17557618,HDFCBANK.NS
2025-01-21,810.2478637695312,819.4485105158285,805.6352251722408,818.0671578930118,31158144,HDFCBANK.NS
2025-01-22,821.9152221679688,824.8012002853578,801.8859089377631,810.2479165643738,30619306,HDFCBANK.NS
2025-01-23,821.347900390625,832.2505181334424,814.6139111249832,832.2505181334424,34909158,HDFCBANK.NS
2025-01-24,813.8986206054688,824.0119199318104,811.2839386423929,818.9305795964561,24236200,HDFCBANK.NS
2025-01-27,804.0319213867188,810.839861804967,802.157237088582,809.6065327196525,22804166,HDFCBANK.NS
2025-01-28,824.0611572265625,830.918478848159,812.5171851743912,812.5171851743912,30179312,HDFCBANK.NS
2025-01-29,827.4651489257812,829.3644636153648,823.2964606110903,826.3304621132276,12619890,HDFCBANK.NS
2025-01-30,834.470458984375,837.627793486482,825.1218486077116,829.2904768269195,25744846,HDFCBANK.NS
2025-01-31,838.047119140625,840.9824182950722,830.7457868177106,832.3738053097981,15821686,HDFCBANK.NS
2025-02-01,834.1990966796875,845.0770832229423,826.8485035606199,837.4304429485957,5587528,HDFCBANK.NS
2025-02-03,827.8104858398438,832.1518283284162,820.6324864421063,823.8638327488314,20276540,HDFCBANK.NS
2025-02-04,848.9744873046875,851.391824544325,828.8219005259823,833.0891713164636,28616502,HDFCBANK.NS
2025-02-05,857.311767578125,860.4690419690123,847.9877873258422,854.9437515638108,23675506,HDFCBANK.NS
2025-02-06,860.29638671875,862.8370567631686,850.5037655001158,856.1770794811201,26760716,HDFCBANK.NS
2025-02-07,854.8203735351562,871.7169816976605,850.9970534399911,863.3303440695562,23509600,HDFCBANK.NS
2025-02-10,846.4337768554688,850.2324064646851,842.857122399865,847.1984649999539,17195950,HDFCBANK.NS
2025-02-11,839.3544921875,844.090464044396,833.0891440189461,840.1438107934578,22724704,HDFCBANK.NS
2025-02-12,842.0184936523438,844.5837941723514,829.389155095277,835.2104927183359,22809570,HDFCBANK.NS
2025-02-13,837.5291137695312,845.6937766231139,835.4818356095761,838.1704689996619,12602434,HDFCBANK.NS
2025-02-14,836.1231079101562,839.601120018604,828.7971451888767,839.601120018604,19959892,HDFCBANK.NS
2025-02-17,847.2230834960938,848.5304243918573,829.413823260936,831.3624591587258,12938946,HDFCBANK.NS
2025-02-18,850.0350952148438,854.2284140997132,841.697778564227,845.1017788797033,16350910,HDFCBANK.NS
2025-02-19,852.0823974609375,857.3610822217985,844.8057556604201,847.0504387449713,11884112,HDFCBANK.NS
2025-02-20,832.2998046875,845.9157460199498,831.4118438608401,844.0904430253034,26390510,HDFCBANK.NS
2025-02-21,834.9638061523438,836.1724445897772,827.4404985932164,829.2411711352042,15680940,HDFCBANK.NS
2025-02-24,827.3665161132812,830.8691588600108,819.4732095421047,829.3398427560753,20693646,HDFCBANK.NS
2025-02-25,829.9564819335938,832.7438177754724,824.406500920576,824.406500920576,24138708,HDFCBANK.NS
2025-02-27,839.0090942382812,843.9671012979777,830.0551731686357,830.0551731686357,35786800,HDFCBANK.NS
2025-02-28,854.6477661132812,857.0404125816553,831.2638337603047,831.2638337603047,54516728,HDFCBANK.NS
2025-03-03,839.4285278320312,859.9017921530082,835.7531707549724,858.2984642242569,21205364,HDFCBANK.NS
2025-03-04,843.5971069335938,845.7184570804238,835.3338019387764,837.6771272358142,19920958,HDFCBANK.NS
2025-03-05,833.73046875,843.991790915382,832.8671383829512,839.6257577393887,21583872,HDFCBANK.NS
2025-03-06,834.3224487304688,838.6144701478811,824.973838204501,832.2504799228543,32966088,HDFCBANK.NS
2025-03-07,833.3604736328125,839.2311321984157,827.6131479773222,829.7838192395386,13372914,HDFCBANK.NS
2025-03-10,832.4971313476562,838.6144556459366,830.3018296675241,833.2371287977431,15604050,HDFCBANK.NS
2025-03-11,831.510498046875,835.7038170818192,823.8885481247595,829.9811819724781,19898430,HDFCBANK.NS
2025-03-12,844.1644897460938,847.7904654359072,834.4952011662076,834.4952011662076,18784106,HDFCBANK.NS
2025-03-13,841.9197387695312,848.9250839737969,838.688452760047,846.5817587561914,15736264,HDFCBANK.NS
2025-03-17,843.7944946289062,850.5037932506908,841.1304915849349,841.1304915849349,18950652,HDFCBANK.NS
2025-03-18,843.7944946289062,843.7944946289062,843.7944946289062,843.7944946289062,0,HDFCBANK.NS
2025-03-19,860.4197387695312,863.823739278078,854.5490799535085,855.930432694155,15221406,HDFCBANK.NS
2025-03-20,872.580322265625,875.1703133281802,862.9850461318551,865.3036807089222,17833978,HDFCBANK.NS
2025-03-21,873.3696899414062,875.2196836615442,866.0684175252852,866.0684175252852,33508264,HDFCBANK.NS
2025-03-24,887.9969482421875,890.1676194932312,874.997671627427,877.6369838460287,17393736,HDFCBANK.NS
2025-03-25,898.5789184570312,909.5555477752322,888.7369760332164,890.4143157035983,39101416,HDFCBANK.NS
2025-03-26,891.2283325195312,901.5636066855513,888.9836493829623,900.3302775382388,24478442,HDFCBANK.NS
2025-03-27,900.5029296875,908.2235821777275,887.0596420099644,887.9969842041877,41658100,HDFCBANK.NS
2025-03-28,901.9088745117188,905.7568853680813,890.8829244709937,902.3035639097062,28773648,HDFCBANK.NS
2025-04-01,872.1363525390625,892.8809726796349,870.9030234039785,888.9836405685396,28511006,HDFCBANK.NS
2025-04-02,886.4676513671875,887.602278026219,873.5423260418547,873.5423260418547,11573564,HDFCBANK.NS
2025-04-03,885.456298828125,889.9702954640933,876.6503409310941,878.6729886492828,11250038,HDFCBANK.NS
2025-04-04,896.5316772460938,908.6922548603657,893.4729847277881,894.4103269547068,33540454,HDFCBANK.NS
2025-04-07,867.1289672851562,878.0562747489253,857.5090006629878,869.6450067324856,37995450,HDFCBANK.NS
2025-04-08,872.7777099609375,879.1170096868965,863.4784203033727,870.730371547347,35563872,HDFCBANK.NS
2025-04-09,870.7303466796875,875.6636630914704,865.0570328061372,870.7303466796875,22454608,HDFCBANK.NS
2025-04-11,891.3269653320312,897.567622795633,875.540352413462,875.540352413462,32775766,HDFCBANK.NS
2025-04-15,920.0142211914062,925.8848799667485,915.1302257322174,920.0635423129839,49298344,HDFCBANK.NS
2025-04-16,926.4768676757812,929.33821542373,917.8435635307726,929.33821542373,19136820,HDFCBANK.NS
2025-04-17,940.6354370117188,947.048748489299,925.835487448072,928.4501692927759,35703084,HDFCBANK.NS
2025-04-21,950.6994018554688,962.3420166432835,942.2634427629204,949.170085798879,34247298,HDFCBANK.NS
2025-04-22,967.7686767578125,972.1593405008402,954.5967457498784,954.5967457498784,45961750,HDFCBANK.NS
2025-04-23,949.1207275390625,976.2539669757358,947.4433879660209,976.2539669757358,30570642,HDFCBANK.NS
2025-04-24,945.6181030273438,949.1207455952106,939.8460867592294,942.2634238174406,25931754,HDFCBANK.NS
2025-04-25,942.8554077148438,953.6100615716746,933.2848220611925,949.5647662059754,18500878,HDFCBANK.NS
2025-04-28,947.29541015625,951.982060830828,941.4741328194633,942.8554253066497,13920492,HDFCBANK.NS
2025-04-29,941.6714477539062,951.5380804410966,937.4287475214969,946.6047640975014,18918308,HDFCBANK.NS
2025-04-30,949.6633911132812,955.5340495753018,942.4114402150566,943.7434115323153,31936870,HDFCBANK.NS
2025-05-02,948.1341552734375,958.0007887427045,947.1968130496268,952.0314875380283,17840404,HDFCBANK.NS
2025-05-05,955.4847412109375,962.9833580251333,953.2647488384409,956.5700467268101,15068024,HDFCBANK.NS
2025-05-06,952.9686889648438,957.112686715781,949.3180830668039,952.1300492793257,17490156,HDFCBANK.NS
2025-05-07,959.8260498046875,961.355365881208,948.3807795701131,954.1034146874002,21420778,HDFCBANK.NS
2025-05-08,951.3900756835938,964.364722012384,946.752746184645,964.364722012384,34803430,HDFCBANK.NS
2025-05-09,932.248779296875,946.7034204881495,930.8181657127636,942.3127568324845,17188796,HDFCBANK.NS
2025-05-12,965.5487060546875,966.880737676539,943.3981625785179,946.0127842578852,18618972,HDFCBANK.NS
2025-05-13,948.4793701171875,967.7686246091653,947.1967199365026,961.9966686855105,24242102,HDFCBANK.NS
2025-05-14,942.5594482421875,952.2287366384547,938.8101397074491,948.2327622761527,15445308,HDFCBANK.NS
2025-05-15,954.0047607421875,959.4314088460198,935.85013208818,943.9901042439285,32241458,HDFCBANK.NS
2025-05-16,954.44873046875,958.9380967138302,951.340777169636,954.0047801554118,15868010,HDFCBANK.NS
2025-05-19,956.4220581054688,959.5300716290252,952.6234284399217,955.5834183781088,10202964,HDFCBANK.NS
2025-05-20,944.6807861328125,954.3993955236706,943.7434439560598,951.1927398071444,23879090,HDFCBANK.NS
2025-05-21,950.5514526367188,960.4674068130723,947.739426083267,950.6500948788123,15132040,HDFCBANK.NS
2025-05-22,947.1474609375,949.2687509312965,939.895449442171,944.828766015395,21306670,HDFCBANK.NS
2025-05-23,953.9060668945312,955.583406549638,944.4834444188342,947.246089616049,9566072,HDFCBANK.NS
2025-05-26,957.1619873046875,961.9473401627192,950.6007128758197,954.5966869630639,10802860,HDFCBANK.NS
2025-05-27,950.3047485351562,961.0100208805311,945.3714322062008,952.9193700568147,26162148,HDFCBANK.NS
2025-05-28,948.9234008789062,954.3500488693757,946.0620533045636,947.2953823933067,18157594,HDFCBANK.NS
2025-05-29,950.896728515625,957.4580633637506,940.9314535555673,951.1433943336576,28917794,HDFCBANK.NS
2025-05-30,959.480712890625,961.4047183192448,949.8607459686729,953.0674016093235,28748078,HDFCBANK.NS
2025-06-02,953.166015625,955.09002099665,941.2767355690125,952.1793523801688,14668822,HDFCBANK.NS
2025-06-03,949.466064453125,962.9833634640112,947.1967509482078,956.0767204883472,24377584,HDFCBANK.NS
2025-06-04,957.6553344726562,958.6913790708478,947.6407385330224,947.690059651711,12961542,HDFCBANK.NS
2025-06-05,961.79931640625,966.3873245707182,957.1619871239031,961.0099978567567,22255418,HDFCBANK.NS
2025-06-06,976.1552734375,984.8379583134906,958.3953347348495,959.0366899431259,30127008,HDFCBANK.NS
2025-06-09,976.2540283203125,984.1966559557253,974.7740333489505,984.1966559557253,13202588,HDFCBANK.NS
2025-06-10,969.5447387695312,978.1780428487654,967.472709657825,978.1780428487654,15533126,HDFCBANK.NS
2025-06-11,962.1940307617188,970.6793107759778,960.516691162301,970.6793107759778,11096394,HDFCBANK.NS
2025-06-12,958.74072265625,967.4233474890254,954.7447484104943,961.9966994408974,16349130,HDFCBANK.NS
2025-06-13,946.0127563476562,953.6100757725884,943.7434428106371,947.19676434732,12117762,HDFCBANK.NS
2025-06-16,954.7940673828125,956.520728121515,947.2460692080249,949.1700746468088,16513746,HDFCBANK.NS
2025-06-17,951.9327392578125,957.852719054467,946.7527569357399,955.5834055099792,16978736,HDFCBANK.NS
2025-06-18,954.0540771484375,955.2380851367438,945.7167603313338,945.7167603313338,18433816,HDFCBANK.NS
2025-06-19,954.7447509765625,960.4180648603083,949.9593979158449,954.0540746334422,16876220,HDFCBANK.NS
2025-06-20,969.2486572265625,971.8140179089729,952.9193918485255,952.9193918485255,32900408,HDFCBANK.NS
2025-06-23,961.2073974609375,965.8940481289003,957.9514206200562,961.2073974609375,11739518,HDFCBANK.NS
2025-06-24,967.3740234375,976.3033140635843,964.7593416610487,969.3966711141703,22625322,HDFCBANK.NS
2025-06-25,976.8953247070312,977.7833457795492,968.854054817417,969.8900392545883,18405932,HDFCBANK.NS
2025-06-26,997.4179077148438,1000.0325292056699,976.7966216145232,977.4872979366618,50084830,HDFCBANK.NS
2025-06-27,1004.9491577148438,1007.393088107433,994.2258430942326,1004.0015037809444,28213384,HDFCBANK.NS
2025-06-30,998.2658081054688,1004.400566128524,995.2732550959096,1003.2533964547342,13649020,HDFCBANK.NS
2025-07-01,1003.5526123046875,1005.4977838847651,999.5126780283082,1000.0114368496795,14389386,HDFCBANK.NS
2025-07-02,990.5350341796875,1007.4429706558585,986.4950998423908,1007.4429706558585,18878250,HDFCBANK.NS
2025-07-03,991.0836181640625,1001.507689459166,989.6871300276722,994.9739612315547,16860506,HDFCBANK.NS
2025-07-04,992.1809692382812,999.2633203019867,987.5424877454124,991.0836632772651,7863944,HDFCBANK.NS
2025-07-07,991.2332763671875,996.7196233059492,989.4377568185034,992.0312782906421,11349426,HDFCBANK.NS
2025-07-08,998.2159423828125,1000.0114620081927,986.0462146584523,986.0462146584523,15224316,HDFCBANK.NS
2025-07-09,1003.1036987304688,1004.4005203490875,996.5699704674603,1001.0089360727129,13861428,HDFCBANK.NS
2025-07-10,1000.6099243164062,1005.9965439473215,997.5176439735463,1005.4977851253348,17030310,HDFCBANK.NS
2025-07-11,989.3878784179688,999.9117385623401,987.9913902076418,996.5201541247731,12516922,HDFCBANK.NS
2025-07-14,989.0387573242188,991.8816582943851,982.8541356715338,989.0387573242188,13088850,HDFCBANK.NS
2025-07-15,995.2732543945312,999.3131887778599,984.0511806165923,984.0511806165923,14498168,HDFCBANK.NS
2025-07-16,995.6722412109375,1008.8394251469304,993.826797075495,1006.4952830829005,17994612,HDFCBANK.NS
2025-07-17,990.98388671875,999.9116815490105,988.8890631972324,999.5126501495852,22529158,HDFCBANK.NS
2025-07-18,976.2705078125,996.0213445308241,974.0759568696542,990.9838927216935,16129446,HDFCBANK.NS
2025-07-21,997.7670288085938,998.5151670456409,985.7968170158388,986.6446826643673,22309078,HDFCBANK.NS
2025-07-22,1001.058837890625,1006.4953213272488,999.0139388595042,1004.051390877723,14836814,HDFCBANK.NS
2025-07-23,1009.6375122070312,1012.3806857402005,999.0139248978445,1003.0039954915454,13634916,HDFCBANK.NS
2025-07-24,1004.5999755859375,1016.3208076773761,1001.7072110041944,1016.3208076773761,19107176,HDFCBANK.NS
2025-07-25,1002.2999877929688,1007.5,999.5,1007.5,9306598,HDFCBANK.NS
2025-07-28,1004.25,1010.7000122070312,1000.25,1001.5,12059580,HDFCBANK.NS
2025-07-29,1010.7999877929688,1013.25,998.1500244140625,999.9500122070312,19895696,HDFCBANK.NS
2025-07-30,1012.9000244140625,1016.2999877929688,1008.5,1014.0,15154036,HDFCBANK.NS
2025-07-31,1009.0999755859375,1015.7000122070312,1004.0,1007.2999877929688,22183032,HDFCBANK.NS
2025-08-01,1006.0999755859375,1014.1500244140625,1004.6500244140625,1007.0,11317258,HDFCBANK.NS
2025-08-04,996.0,1009.25,994.0499877929688,1005.0499877929688,13933946,HDFCBANK.NS
2025-08-05,988.7999877929688,997.2000122070312,982.75,993.25,23978058,HDFCBANK.NS
2025-08-06,992.6500244140625,994.0,985.0,985.5499877929688,14080204,HDFCBANK.NS
2025-08-07,997.7000122070312,1000.7999877929688,988.4000244140625,990.0499877929688,13081186,HDFCBANK.NS
2025-08-08,986.9500122070312,996.4000244140625,985.0,993.5499877929688,13895264,HDFCBANK.NS
2025-08-11,997.7999877929688,998.7999877929688,986.5499877929688,987.9500122070312,9105854,HDFCBANK.NS
2025-08-12,984.9500122070312,998.0,983.75,995.9500122070312,12937802,HDFCBANK.NS
2025-08-13,990.1500244140625,997.0,984.5499877929688,997.0,13577396,HDFCBANK.NS
2025-08-14,995.5499877929688,998.0,985.5999755859375,989.0,17511716,HDFCBANK.NS
2025-08-18,1001.7999877929688,1013.2999877929688,997.7999877929688,1005.0,19284796,HDFCBANK.NS
2025-08-19,995.5499877929688,1003.0499877929688,993.3499755859375,999.1500244140625,12352438,HDFCBANK.NS
2025-08-20,994.0999755859375,996.0,989.5,993.5,9950228,HDFCBANK.NS
2025-08-21,995.5999755859375,998.75,991.5999755859375,998.75,12439850,HDFCBANK.NS
2025-08-22,982.2999877929688,998.0,978.5499877929688,994.9500122070312,19833502,HDFCBANK.NS
2025-08-25,982.0499877929688,988.7000122070312,978.5,980.0999755859375,17518044,HDFCBANK.NS
2025-08-26,973.4000244140625,985.7000122070312,968.0,979.5,16917731,HDFCBANK.NS
2025-08-28,957.7999877929688,972.2000122070312,955.0,967.0,25438255,HDFCBANK.NS
2025-08-29,951.5999755859375,963.2999877929688,950.0999755859375,954.0,14823813,HDFCBANK.NS
2025-09-01,950.5999755859375,957.4500122070312,946.3499755859375,949.5999755859375,20178344,HDFCBANK.NS
2025-09-02,944.5,954.7999877929688,944.0,951.0,14196320,HDFCBANK.NS
2025-09-03,954.4500122070312,956.2999877929688,940.0,945.0,16083481,HDFCBANK.NS
2025-09-04,961.25,965.7000122070312,956.25,960.2000122070312,17597657,HDFCBANK.NS
2025-09-05,963.4000244140625,967.5,954.0499877929688,967.5,11602111,HDFCBANK.NS
2025-09-08,966.0,973.1500244140625,960.4500122070312,969.0,11711307,HDFCBANK.NS
2025-09-09,965.1500244140625,974.4000244140625,962.7000122070312,974.0,13985539,HDFCBANK.NS
2025-09-10,965.9000244140625,973.9000244140625,961.7000122070312,973.9000244140625,18091100,HDFCBANK.NS
2025-09-11,967.7999877929688,969.25,959.9000244140625,960.2999877929688,15113633,HDFCBANK.NS
2025-09-12,967.2999877929688,970.75,962.25,969.9000244140625,14363519,HDFCBANK.NS
2025-09-15,967.0499877929688,972.3499755859375,965.0,969.5999755859375,14486377,HDFCBANK.NS
2025-09-16,966.8499755859375,969.3499755859375,961.2000122070312,961.2000122070312,18661794,HDFCBANK.NS
2025-09-17,966.5,974.4000244140625,964.3499755859375,965.1500244140625,17361476,HDFCBANK.NS
2025-09-18,976.9000244140625,979.6500244140625,969.25,973.2999877929688,17791598,HDFCBANK.NS
2025-09-19,966.9000244140625,976.7000122070312,962.0999755859375,974.9000244140625,31243267,HDFCBANK.NS
2025-09-22,964.2000122070312,971.2000122070312,961.9500122070312,964.0,10854415,HDFCBANK.NS
2025-09-23,957.2000122070312,968.2000122070312,955.5,967.0,21022298,HDFCBANK.NS
2025-09-24,951.0499877929688,956.4500122070312,943.0,952.2000122070312,15117220,HDFCBANK.NS
2025-09-25,949.8499755859375,958.0,947.4000244140625,952.5,31413279,HDFCBANK.NS
2025-09-26,945.0499877929688,951.4500122070312,941.2999877929688,945.0999755859375,14874656,HDFCBANK.NS
2025-09-29,950.2999877929688,956.7999877929688,939.0999755859375,946.0499877929688,32398179,HDFCBANK.NS
2025-09-30,951.0,960.0,946.2999877929688,958.0499877929688,28296687,HDFCBANK.NS
2025-10-01,965.25,969.5999755859375,946.0,952.7000122070312,25350832,HDFCBANK.NS
2025-10-03,965.1500244140625,966.75,952.0,952.0,26658296,HDFCBANK.NS
2025-10-06,973.4500122070312,977.4000244140625,962.0,971.9000244140625,18542683,HDFCBANK.NS
2025-10-07,982.5,989.8499755859375,971.0,974.0,25535736,HDFCBANK.NS
2025-10-08,978.7000122070312,985.9000244140625,974.5499877929688,976.0,15939710,HDFCBANK.NS
2025-10-09,977.0999755859375,979.0,970.1500244140625,974.5,15370950,HDFCBANK.NS
2025-10-10,980.9000244140625,986.2000122070312,978.0999755859375,979.0,13757080,HDFCBANK.NS
2025-10-13,977.0,981.0,972.0,974.2999877929688,18634254,HDFCBANK.NS
2025-10-14,977.1500244140625,980.4500122070312,967.0,970.0,22934382,HDFCBANK.NS
2025-10-15,978.25,984.9000244140625,973.3499755859375,975.0,23310447,HDFCBANK.NS
2025-10-16,994.3499755859375,996.5999755859375,981.5,982.6500244140625,22936566,HDFCBANK.NS
2025-10-17,1002.5499877929688,1009.0,986.0,993.9500122070312,25210511,HDFCBANK.NS
2025-10-20,1002.9500122070312,1020.0,997.0,997.0,22195202,HDFCBANK.NS
2025-10-21,1007.7000122070312,1010.0,1004.0,1006.0,3471600,HDFCBANK.NS
2025-10-23,1008.7999877929688,1020.5,1006.0,1016.0,43526526,HDFCBANK.NS
2025-10-24,994.75,1011.9500122070312,991.2999877929688,1011.0,17707768,HDFCBANK.NS
2025-10-27,1002.9500122070312,1009.0499877929688,996.2000122070312,996.5,15700796,HDFCBANK.NS
2025-10-28,1003.5499877929688,1008.0,995.0,997.6500244140625,33904289,HDFCBANK.NS
2025-10-29,1007.8499755859375,1012.5,1000.0,1004.9000244140625,17769445,HDFCBANK.NS
2025-10-30,998.1500244140625,1009.5,997.0999755859375,1000.0,19962917,HDFCBANK.NS
2025-10-31,987.2999877929688,1004.4500122070312,981.1500244140625,994.0,23221330,HDFCBANK.NS
2025-11-03,992.6500244140625,994.5499877929688,983.2999877929688,985.0,16607180,HDFCBANK.NS
2025-11-04,985.25,997.0,983.7000122070312,987.0,20024544,HDFCBANK.NS
2025-11-06,984.6500244140625,991.0499877929688,974.0,981.0,22279516,HDFCBANK.NS
2025-11-07,982.2999877929688,984.9000244140625,974.75,980.0,15004568,HDFCBANK.NS
2025-11-10,984.5,990.9500122070312,980.2000122070312,982.2999877929688,15988262,HDFCBANK.NS
2025-11-11,991.7000122070312,993.5,978.0,983.5,10200530,HDFCBANK.NS
2025-11-12,989.5,999.0,987.7000122070312,998.7999877929688,13137263,HDFCBANK.NS
2025-11-13,986.6500244140625,990.0999755859375,982.5999755859375,984.0,14124839,HDFCBANK.NS
2025-11-14,989.5999755859375,991.6500244140625,976.0499877929688,976.0499877929688,21386965,HDFCBANK.NS
2025-11-17,996.5499877929688,997.9500122070312,985.5999755859375,991.25,18396408,HDFCBANK.NS
2025-11-18,992.4500122070312,999.0,990.0,997.6500244140625,20002640,HDFCBANK.NS
2025-11-19,994.5999755859375,996.5499877929688,984.0,990.0,19813847,HDFCBANK.NS
2025-11-20,1008.8499755859375,1011.5999755859375,992.4500122070312,995.2999877929688,19850865,HDFCBANK.NS
2025-11-21,998.0499877929688,1008.2999877929688,996.5499877929688,1003.0999755859375,17499897,HDFCBANK.NS
2025-11-24,999.1500244140625,1011.4500122070312,993.5999755859375,1000.0,32204053,HDFCBANK.NS
2025-11-25,989.7999877929688,1006.0999755859375,988.4000244140625,1004.0,24989383,HDFCBANK.NS
2025-11-26,1003.9000244140625,1006.9500122070312,981.2999877929688,981.2999877929688,19494356,HDFCBANK.NS
2025-11-27,1009.5,1016.7999877929688,1001.0,1002.0999755859375,25536848,HDFCBANK.NS
2025-11-28,1007.5999755859375,1012.0499877929688,1004.2000122070312,1007.0,15988807,HDFCBANK.NS
2025-12-01,1002.0999755859375,1017.5,999.2999877929688,1017.5,16746566,HDFCBANK.NS
2025-12-02,989.7999877929688,994.4000244140625,985.0,988.0,27316662,HDFCBANK.NS
2025-12-03,1000.5,1002.2999877929688,986.0,986.0,15448777,HDFCBANK.NS
2025-12-04,997.2000122070312,1004.7000122070312,993.0,1000.0,14528169,HDFCBANK.NS
2025-12-05,1003.2999877929688,1008.0,990.2000122070312,992.0,12843366,HDFCBANK.NS
2025-12-08,1003.0999755859375,1006.5,997.5,1000.0,12901022,HDFCBANK.NS
2025-12-09,997.0999755859375,1002.7999877929688,994.0,994.9000244140625,15294322,HDFCBANK.NS
2025-12-10,989.7999877929688,998.5,985.2999877929688,997.5,15322830,HDFCBANK.NS
2025-12-11,1000.2999877929688,1002.7000122070312,988.5,990.0,11844809,HDFCBANK.NS
2025-12-12,1001.5,1004.7000122070312,998.2000122070312,1003.0,11988618,HDFCBANK.NS
2025-12-15,996.0999755859375,1001.7999877929688,992.0,992.0,9790060,HDFCBANK.NS
2025-12-16,994.2999877929688,998.7000122070312,990.0999755859375,990.0999755859375,20049088,HDFCBANK.NS
2025-12-17,984.0,996.0,980.7999877929688,996.0,19080922,HDFCBANK.NS
2025-12-18,979.7000122070312,987.4000244140625,973.2999877929688,973.2999877929688,14912404,HDFCBANK.NS
2025-12-19,985.5,988.0,978.7000122070312,987.0,25952384,HDFCBANK.NS
2025-12-22,987.7000122070312,992.9000244140625,983.9000244140625,988.0,13540411,HDFCBANK.NS
2025-12-23,996.5999755859375,998.9000244140625,987.7000122070312,990.5,17927849,HDFCBANK.NS
2025-12-24,997.2000122070312,999.4000244140625,993.0,993.0,13699996,HDFCBANK.NS
2025-12-26,992.0999755859375,997.2000122070312,987.7000122070312,996.0,9360853,HDFCBANK.NS
2025-12-29,991.7000122070312,997.4000244140625,987.2000122070312,993.0999755859375,13545749,HDFCBANK.NS
2025-12-30,990.9000244140625,995.0,982.2000122070312,990.2000122070312,33155849,HDFCBANK.NS
2025-12-31,991.2000122070312,997.5999755859375,987.5999755859375,991.0,10963454,HDFCBANK.NS
2026-01-01,991.1500244140625,997.5499877929688,989.5,993.5,7132074,HDFCBANK.NS
2026-01-02,1001.5999755859375,1003.2000122070312,988.7999877929688,991.1500244140625,11751459,HDFCBANK.NS
2026-01-05,977.5,1006.4000244140625,976.2999877929688,1005.75,27647379,HDFCBANK.NS
2026-01-06,962.2000122070312,966.7000122070312,956.0,962.7000122070312,31988783,HDFCBANK.NS
2026-01-07,949.0499877929688,956.4500122070312,946.0,956.0,52884712,HDFCBANK.NS
2026-01-08,946.7000122070312,953.0,941.4000244140625,944.7000122070312,21928849,HDFCBANK.NS
2026-01-09,939.0,950.5999755859375,933.2999877929688,945.0,38183839,HDFCBANK.NS
2026-01-12,936.9500122070312,942.0,929.5999755859375,937.5,21071666,HDFCBANK.NS
2026-01-13,937.3499755859375,947.7000122070312,932.5999755859375,947.7000122070312,32042827,HDFCBANK.NS
2026-01-14,925.4500122070312,940.0499877929688,920.2000122070312,930.0,36688248,HDFCBANK.NS
2026-01-15,925.4500122070312,925.4500122070312,925.4500122070312,925.4500122070312,0,HDFCBANK.NS
2026-01-16,931.0999755859375,935.9500122070312,919.2000122070312,922.0,37780235,HDFCBANK.NS
2026-01-19,927.9000244140625,936.1500244140625,919.5,935.9000244140625,38191942,HDFCBANK.NS
2026-01-20,931.2000122070312,934.5,919.5999755859375,929.2999877929688,36022727,HDFCBANK.NS
2026-01-21,920.3499755859375,932.1500244140625,915.5,925.0,32766854,HDFCBANK.NS
2026-01-22,918.7000122070312,928.2999877929688,913.2000122070312,928.0,44444755,HDFCBANK.NS
2026-01-23,916.0999755859375,926.0999755859375,909.25,920.0,30985247,HDFCBANK.NS
2026-01-27,926.4000244140625,931.2000122070312,905.0,906.0,44753093,HDFCBANK.NS
2026-01-28,932.7000122070312,941.4500122070312,928.4000244140625,932.5,35347138,HDFCBANK.NS
2026-01-29,935.5,939.2999877929688,924.3499755859375,930.0999755859375,37175628,HDFCBANK.NS
2026-01-30,929.25,938.9000244140625,927.75,930.0,29691233,HDFCBANK.NS
2026-02-02,928.0999755859375,929.7999877929688,909.2999877929688,915.0,28032106,HDFCBANK.NS
2026-02-03,948.7000122070312,994.0,945.0,983.75,50336968,HDFCBANK.NS
2026-02-04,953.0999755859375,957.2000122070312,947.9500122070312,952.5,24366770,HDFCBANK.NS
2026-02-05,949.7000122070312,956.0499877929688,946.7000122070312,956.0,28103169,HDFCBANK.NS
2026-02-06,941.0999755859375,948.0999755859375,937.5999755859375,945.0,18120272,HDFCBANK.NS
2026-02-09,937.25,950.0,935.3499755859375,945.0,23947829,HDFCBANK.NS
2026-02-10,932.4000244140625,940.9000244140625,929.9500122070312,930.0,31525385,HDFCBANK.NS
2026-02-11,927.0999755859375,936.0,925.2999877929688,931.25,24869804,HDFCBANK.NS
2026-02-12,920.5999755859375,928.5999755859375,918.5,927.0,33872203,HDFCBANK.NS
2026-02-13,903.9000244140625,928.2000122070312,901.0,913.0,50188359,HDFCBANK.NS
2026-02-16,925.7999877929688,929.5,902.0999755859375,903.9000244140625,18806989,HDFCBANK.NS
2026-02-17,925.7000122070312,928.0999755859375,918.5999755859375,923.0,22599629,HDFCBANK.NS
2026-02-18,924.7000122070312,925.5,919.5499877929688,923.2000122070312,12738702,HDFCBANK.NS
2026-02-19,915.5999755859375,929.2000122070312,912.4500122070312,929.0,21209234,HDFCBANK.NS
2026-02-20,911.8499755859375,917.8499755859375,908.4000244140625,911.0,22654907,HDFCBANK.NS
2026-02-23,923.5999755859375,925.6500244140625,915.25,916.5,23270122,HDFCBANK.NS
2026-02-24,910.5,927.9500122070312,909.1500244140625,927.9500122070312,31313985,HDFCBANK.NS
2026-02-25,907.5999755859375,916.0,903.0999755859375,910.5499877929688,27884303,HDFCBANK.NS
2026-02-26,898.5999755859375,912.0,895.0,912.0,41165937,HDFCBANK.NS
2026-02-27,887.75,898.9500122070312,885.0,898.5999755859375,34620755,HDFCBANK.NS
2026-03-02,879.4000244140625,887.75,871.5499877929688,876.2000122070312,38378924,HDFCBANK.NS
2026-03-04,868.6500244140625,879.2999877929688,848.0,848.0,39862322,HDFCBANK.NS
2026-03-05,877.75,881.4000244140625,863.5,873.8499755859375,31324582,HDFCBANK.NS
2026-03-06,857.0499877929688,871.7000122070312,855.0999755859375,868.0499877929688,34439647,HDFCBANK.NS
2026-03-09,840.7000122070312,842.4500122070312,821.5,825.0,35592613,HDFCBANK.NS
2026-03-10,849.4500122070312,856.7999877929688,840.5999755859375,850.0499877929688,52866024,HDFCBANK.NS
2026-03-11,833.9500122070312,848.8499755859375,827.5999755859375,845.0,42261076,HDFCBANK.NS
2026-03-12,832.75,836.4000244140625,820.0999755859375,820.0999755859375,46107561,HDFCBANK.NS
2026-03-13,817.0,823.7999877929688,812.0,820.0,41700464,HDFCBANK.NS
2026-03-16,840.5999755859375,844.5,815.6500244140625,817.0,52182605,HDFCBANK.NS
2026-03-17,845.3499755859375,848.9000244140625,835.0999755859375,847.7000122070312,38826979,HDFCBANK.NS
2026-03-18,843.0499877929688,846.7999877929688,831.5999755859375,845.3499755859375,23507063,HDFCBANK.NS
2026-03-19,798.2000122070312,815.6500244140625,770.0,770.0,171637393,HDFCBANK.NS
2026-03-20,780.4500122070312,793.75,778.2000122070312,785.0,103129469,HDFCBANK.NS
2026-03-23,744.1500244140625,768.7000122070312,741.0499877929688,763.1500244140625,72341738,HDFCBANK.NS
2026-03-24,764.9000244140625,772.75,747.7000122070312,755.0,61269986,HDFCBANK.NS
2026-03-25,782.2999877929688,794.7999877929688,768.2000122070312,768.2000122070312,59230640,HDFCBANK.NS
2026-03-27,756.2000122070312,774.9000244140625,754.5499877929688,773.2000122070312,65485199,HDFCBANK.NS
2026-03-30,731.5499877929688,751.0,726.6500244140625,745.2000122070312,103500135,HDFCBANK.NS
2026-04-01,742.25,755.9000244140625,739.0999755859375,743.0,78862761,HDFCBANK.NS
2026-04-02,750.9000244140625,755.0,726.6500244140625,730.0,49310300,HDFCBANK.NS
2026-04-06,771.0,772.75,745.0,759.0,42976659,HDFCBANK.NS
2026-04-07,772.0,774.0,761.0,766.0,51309793,HDFCBANK.NS
2026-04-08,816.0999755859375,817.7999877929688,796.0,800.0,70269512,HDFCBANK.NS
2026-04-09,797.7000122070312,819.0,793.0999755859375,815.0,48879392,HDFCBANK.NS
2026-04-10,810.2999877929688,812.25,801.0,804.0,38156026,HDFCBANK.NS
2026-04-13,794.7000122070312,798.5,787.3499755859375,791.5,47549328,HDFCBANK.NS
2026-04-15,809.9000244140625,814.7999877929688,804.0,804.9500122070312,39769515,HDFCBANK.NS
2026-04-16,795.4500122070312,820.0499877929688,792.2000122070312,818.0,62861293,HDFCBANK.NS
2026-04-17,799.9000244140625,803.9500122070312,788.2000122070312,790.0999755859375,37282544,HDFCBANK.NS
2026-04-20,795.4500122070312,809.9500122070312,790.0,797.0999755859375,52148044,HDFCBANK.NS
2026-04-21,811.75,814.9000244140625,795.2000122070312,795.2000122070312,49135752,HDFCBANK.NS
2026-04-22,799.9000244140625,813.0499877929688,798.0,810.0,23876412,HDFCBANK.NS
2026-04-23,784.3499755859375,796.6500244140625,782.5,792.0,37677616,HDFCBANK.NS
2026-04-24,784.8499755859375,787.5999755859375,777.0,777.2999877929688,27720358,HDFCBANK.NS
2026-04-27,786.4500122070312,793.0,785.0,787.5,9209699,HDFCBANK.NS
2021-04-27,579.1035766601562,582.198588792846,571.7045678923548,573.7840448494992,24239685,ICICIBANK.NS
2021-04-28,600.9619750976562,602.3644088855251,578.3781688725504,578.3781688725504,33292864,ICICIBANK.NS
2021-04-29,601.0587158203125,607.8290286823235,589.0172189949614,602.1225985142227,34537860,ICICIBANK.NS
2021-04-30,580.7960815429688,596.1259794827926,578.4748079787806,590.0810577348433,23653258,ICICIBANK.NS
2021-05-03,577.169189453125,579.2002597619761,568.2227043212583,573.1069898029775,18010557,ICICIBANK.NS
2021-05-04,572.1397705078125,588.050017153402,569.6734541173581,577.072462321163,15115127,ICICIBANK.NS
2021-05-05,583.0206298828125,584.9550049381851,565.5145592446672,575.7667234251652,17253943,ICICIBANK.NS
2021-05-06,588.2435302734375,590.8065420817512,579.5871891504744,583.0206934415803,16949763,ICICIBANK.NS
2021-05-07,587.1795043945312,594.6268599098939,583.8911023321544,591.9187467313366,10941083,ICICIBANK.NS
2021-05-10,593.1277465820312,596.7546997816768,590.951574662244,590.951574662244,12060808,ICICIBANK.NS
2021-05-11,589.83935546875,592.7893249808435,583.4559406920607,586.5026053546546,13818480,ICICIBANK.NS
2021-05-12,575.23486328125,586.7444200981761,573.7357342082345,583.4076108502059,14785569,ICICIBANK.NS
2021-05-14,577.7011108398438,582.1985565527799,571.70453623341,572.5750286399276,12675754,ICICIBANK.NS
2021-05-17,603.13818359375,604.0086760753728,581.4732160603153,583.455938899069,20453101,ICICIBANK.NS
2021-05-18,612.4232788085938,614.6477987679034,605.4595153874234,607.3938908359455,19242627,ICICIBANK.NS
2021-05-19,604.9275512695312,613.196994195488,602.8964217052487,606.5233755352693,13911576,ICICIBANK.NS
2021-05-20,598.3021850585938,612.1330140239647,596.4162165928088,607.4421190635082,13900762,ICICIBANK.NS
2021-05-21,621.36962890625,622.8204101742858,601.8807769259918,601.8807769259918,23975898,ICICIBANK.NS
2021-05-24,626.1088256835938,632.0087050525594,617.0656458657791,622.1433804124802,20323003,ICICIBANK.NS
2021-05-25,628.9620971679688,630.6063279276439,621.418045542195,628.768647837575,14884778,ICICIBANK.NS
2021-05-26,631.0899047851562,635.1037569113275,622.1917671180947,628.0432402525254,14487031,ICICIBANK.NS
2021-05-27,630.84814453125,634.958692042569,626.8342921719235,629.7358551210899,23349546,ICICIBANK.NS
2021-05-28,621.949951171875,638.3437921867975,618.2746502354701,636.4577646306658,14191446,ICICIBANK.NS
2021-05-31,641.0036010742188,643.1797732393142,622.627036124524,622.627036124524,21786138,ICICIBANK.NS
2021-06-01,628.7686767578125,643.0831014110727,627.0760983458007,642.7445503092002,14123196,ICICIBANK.NS
2021-06-02,627.0760498046875,628.0432373938256,620.0639397834365,627.2211515560365,16025108,ICICIBANK.NS
2021-06-03,628.9136962890625,632.2021575296948,623.5941648325614,632.0087082156971,11805702,ICICIBANK.NS
2021-06-04,621.6113891601562,633.4110879181214,618.4196823650145,631.573408140572,15111572,ICICIBANK.NS
2021-06-07,626.9310302734375,628.6719561917866,623.1106273485517,624.0294673987062,7556341,ICICIBANK.NS
2021-06-08,621.3212890625,626.7375155842017,616.4853514422515,626.7375155842017,11912935,ICICIBANK.NS
2021-06-09,615.22802734375,624.4163098214876,608.1675694568202,623.2557318923634,15823094,ICICIBANK.NS
2021-06-10,619.386962890625,621.3213380913671,610.2953758341582,614.5993724622988,10712418,ICICIBANK.NS
2021-06-11,614.8411865234375,623.4007734126527,610.7789866820082,622.8688320240907,9015059,ICICIBANK.NS
2021-06-14,614.3092041015625,615.2279850602316,602.8963436350101,614.8411454545931,10170497,ICICIBANK.NS
2021-06-15,624.1260986328125,624.9965910190658,615.1312664487763,615.4697584698516,11039987,ICICIBANK.NS
2021-06-16,619.0967407226562,627.8981830401924,616.6787717946152,623.7392882904506,8601339,ICICIBANK.NS
2021-06-17,612.2297973632812,616.6304894714876,606.1365268263454,612.2781449404691,9720060,ICICIBANK.NS
2021-06-18,609.715087890625,615.7116037968401,600.3333563450919,611.842853388987,13820690,ICICIBANK.NS
2021-06-21,610.537109375,612.3263826370239,596.029296875,602.412710762024,13407446,ICICIBANK.NS
2021-06-22,610.1502685546875,622.9655041435304,608.8929364920826,614.1641206728506,15270093,ICICIBANK.NS
2021-06-23,604.2020874023438,614.1641075770254,602.9931029386095,612.9551231132912,10950633,ICICIBANK.NS
2021-06-24,613.2453002929688,615.421472443783,603.9603227291403,606.4266393602403,12815724,ICICIBANK.NS
2021-06-25,627.7046508789062,628.6718383224793,615.2279092438392,615.2279092438392,14785922,ICICIBANK.NS
2021-06-28,628.9620971679688,631.5735155471648,624.9483039664254,629.6391403081229,12093491,ICICIBANK.NS
2021-06-29,619.0967407226562,627.4629368266561,615.566541507183,625.093315470687,12225470,ICICIBANK.NS
2021-06-30,610.1986083984375,619.7737290883035,609.1346667446039,617.3557603738263,14276494,ICICIBANK.NS
2021-07-01,610.1502685546875,616.4853945056948,609.376530287888,613.1485855081484,10517081,ICICIBANK.NS
2021-07-02,619.2418823242188,620.3057651080479,611.5043812565206,611.5043812565206,10999396,ICICIBANK.NS
2021-07-05,626.5924682617188,627.2211638199294,620.1607060876594,621.6598350736464,7358568,ICICIBANK.NS
2021-07-06,628.9620971679688,633.5078907862066,624.0294639213911,624.0294639213911,9209891,ICICIBANK.NS
2021-07-07,632.5407104492188,633.2661011722109,624.706514253882,629.5424524071635,7741559,ICICIBANK.NS
2021-07-08,620.8377685546875,632.5407153635723,617.1624083036803,629.1555586299752,10782941,ICICIBANK.NS
2021-07-09,617.5975952148438,620.1123182519674,613.0034543748918,618.5164351893227,7069698,ICICIBANK.NS
2021-07-12,625.0450439453125,628.9137947008734,621.3213949560658,624.80324702309,6992783,ICICIBANK.NS
2021-07-13,643.1314086914062,644.4854359167069,631.5735050242135,633.6529819845153,19825411,ICICIBANK.NS
2021-07-14,642.5509643554688,646.0812221914962,636.6027969059528,640.2780974412732,11648541,ICICIBANK.NS
2021-07-15,645.5493774414062,647.6287953684289,639.4077007427688,643.2764511548442,8244429,ICICIBANK.NS
2021-07-16,638.6339721679688,645.8395317264038,636.1193079748996,645.5493872475801,9212875,ICICIBANK.NS
2021-07-19,634.3782958984375,635.34548338477,624.3678699954329,624.4646241635297,9121737,ICICIBANK.NS
2021-07-20,620.8377685546875,629.8809493586032,618.1295959418509,627.366285112339,13169127,ICICIBANK.NS
2021-07-22,634.4266967773438,638.6339390834501,627.0276882721836,631.0898878626158,13123569,ICICIBANK.NS
2021-07-23,654.4474487304688,655.6080265102667,629.3972687433803,634.4266555747867,19298083,ICICIBANK.NS
2021-07-26,654.5441284179688,665.1831907195537,641.8255894171892,657.6874877343462,31054759,ICICIBANK.NS
2021-07-27,655.2212524414062,663.1037959741483,651.2074002822104,657.8326707719405,12598869,ICICIBANK.NS
2021-07-28,662.5718994140625,664.4579271710381,648.0640844103281,655.656543015086,18367497,ICICIBANK.NS
2021-07-29,666.8884887695312,671.7385868696733,662.6203787592866,671.7385868696733,11043138,ICICIBANK.NS
2021-07-30,662.038330078125,667.0339543461799,657.6732421875,666.40341796875,14536250,ICICIBANK.NS
2021-08-02,660.9713134765625,667.4219076527314,657.3822294719592,663.5418296380883,9348206,ICICIBANK.NS
2021-08-03,669.7015380859375,671.1565674480547,656.3637689331963,662.5233695507073,10162609,ICICIBANK.NS
2021-08-04,693.2244262695312,695.8919797672089,672.4174971465872,673.1935008684901,28730606,ICICIBANK.NS
2021-08-05,681.3901977539062,695.0189596505882,678.0921078292052,694.048940167475,17774554,ICICIBANK.NS
2021-08-06,676.7341918945312,684.8338318038602,674.842641849481,683.9123013506,14701949,ICICIBANK.NS
2021-08-09,681.7782592773438,685.1248387732518,673.5330925914856,676.4916997665323,8602980,ICICIBANK.NS
2021-08-10,679.88671875,687.0648278173533,676.3946128854847,682.9907339113992,10843554,ICICIBANK.NS
2021-08-11,672.7570190429688,685.9493198967227,669.3134616249423,685.0762786559645,9748084,ICICIBANK.NS
2021-08-12,680.3231811523438,681.8752479405593,672.5145356911748,672.7085514403636,8840339,ICICIBANK.NS
2021-08-13,683.6697998046875,688.6169352702516,679.9837371788716,685.8523438969164,12787590,ICICIBANK.NS
2021-08-16,681.584228515625,686.1918211619769,677.7041504976445,681.3417236395012,7920846,ICICIBANK.NS
2021-08-17,680.177734375,681.8267794851803,670.7685327042499,678.8196832947818,8669653,ICICIBANK.NS
2021-08-18,667.6643676757812,679.8380997878493,663.1052644737922,679.8380997878493,11069373,ICICIBANK.NS
2021-08-20,660.2922973632812,663.8813814188723,655.1026574217951,663.3478233200453,13121808,ICICIBANK.NS
2021-08-23,662.2322998046875,669.2649409175282,653.647592026529,669.2649409175282,10917371,ICICIBANK.NS
2021-08-24,673.6300659179688,676.346108726511,660.001303535137,662.7658354785066,9821388,ICICIBANK.NS
2021-08-25,670.3319702148438,679.4501772864774,666.5489296508792,678.9651675317158,9535359,ICICIBANK.NS
2021-08-26,677.849609375,680.5171629788125,669.3134496838583,671.3019778020057,10756731,ICICIBANK.NS
2021-08-27,678.7711181640625,679.4501436281498,668.391898085269,675.230523447579,9135827,ICICIBANK.NS
2021-08-30,692.2544555664062,693.563958239006,679.8867066607456,683.3787532578738,10797869,ICICIBANK.NS
2021-08-31,697.4925537109375,698.3171058612189,688.0833521252788,692.593966767437,19760246,ICICIBANK.NS
2021-09-01,698.317138671875,712.7703952911427,695.6980738922512,705.7862422805786,13729351,ICICIBANK.NS
2021-09-02,703.4097290039062,706.2227502902614,695.989055462156,700.6451376506692,8627956,ICICIBANK.NS
2021-09-03,702.585205078125,709.8603522918402,699.48113042588,703.0217257520079,8993813,ICICIBANK.NS
2021-09-06,699.529541015625,706.1741504801985,698.4139949804161,703.6521236248844,5329995,ICICIBANK.NS
2021-09-07,695.4070434570312,700.7906401523801,690.3144407874563,699.2871216814693,6242711,ICICIBANK.NS
2021-09-08,699.3355102539062,701.0815333627665,693.5638828839545,695.0189120088859,7118011,ICICIBANK.NS
2021-09-09,698.6565551757812,702.1971500850995,696.0859797807648,699.1900540675887,6243422,ICICIBANK.NS
2021-09-13,686.19189453125,696.3771004174755,684.057839552124,696.3771004174755,6967906,ICICIBANK.NS
2021-09-14,686.2402954101562,692.5939111857178,685.3187650598175,691.8663965731278,5241865,ICICIBANK.NS
2021-09-15,692.9334106445312,694.5339665120459,685.1247654598607,685.9007692238437,5936741,ICICIBANK.NS
2021-09-16,705.398193359375,707.5322481038166,691.4783779891319,698.4140411072442,13557169,ICICIBANK.NS
2021-09-17,698.5596313476562,712.3824105037124,692.5939871876604,710.9273811188644,17075003,ICICIBANK.NS
2021-09-20,688.7138671875,698.8020939946174,685.318798828125,688.7138671875,7943459,ICICIBANK.NS
2021-09-21,690.5083618164062,693.0789371899905,673.5815687972035,689.82939552629,10009615,ICICIBANK.NS
2021-09-22,682.2632446289062,693.5639963636635,681.1962467781576,693.5639963636635,9740470,ICICIBANK.NS
2021-09-23,695.5040283203125,698.4140870162134,685.949359284223,689.6839109285107,10412491,ICICIBANK.NS
2021-09-24,701.275634765625,702.8761314754186,695.0674860586548,700.9360924051521,11780868,ICICIBANK.NS
2021-09-27,708.1142578125,709.8117919921875,700.6450955808162,702.779150390625,7712240,ICICIBANK.NS
2021-09-28,695.6495361328125,713.3523927210091,685.415782631291,712.0913199559708,13491800,ICICIBANK.NS
2021-09-29,688.2288208007812,690.6053803669442,680.274649226719,686.1432552374505,11453404,ICICIBANK.NS
2021-09-30,679.838134765625,692.4969364535262,677.8496066554555,688.3258052891574,18487517,ICICIBANK.NS
2021-10-01,671.593017578125,674.0180664741322,667.2764779074683,672.223553973205,10935810,ICICIBANK.NS
2021-10-04,679.2076416015625,682.2631673947919,673.2419982064688,676.1520566030433,8976533,ICICIBANK.NS
2021-10-05,676.2006225585938,678.0436834345975,671.1080197860163,672.2235659802233,7497208,ICICIBANK.NS
2021-10-06,668.8284301757812,683.8637320869119,667.712884093807,675.7155447884411,13200810,ICICIBANK.NS
2021-10-07,681.147705078125,683.815258704445,672.6600344489249,676.6370907187762,10041549,ICICIBANK.NS
2021-10-08,682.311767578125,688.7138728549405,677.3646324048638,684.8337946980113,9383924,ICICIBANK.NS
2021-10-11,691.9149169921875,697.8320716319804,679.3046631371025,680.9537081745954,9337637,ICICIBANK.NS
2021-10-12,687.3557739257812,691.6238832831368,683.2817395091027,685.318756717442,7376091,ICICIBANK.NS
2021-10-13,688.6653442382812,694.4369720068885,686.7253052710378,692.4483847012314,6357766,ICICIBANK.NS
2021-10-14,705.4951782226562,707.9202269991712,687.7923221540975,688.9563574078832,8950350,ICICIBANK.NS
2021-10-18,723.10107421875,726.447653455614,710.1027887674178,716.8444363768378,15345601,ICICIBANK.NS
2021-10-19,725.0411376953125,732.3647735901549,716.6019556155323,732.3647735901549,11349799,ICICIBANK.NS
2021-10-20,723.489013671875,734.7412752905196,719.6574840467022,724.3620548958813,12762996,ICICIBANK.NS
2021-10-21,732.8497314453125,737.0692925835626,715.2924021967076,726.4476264344589,12166996,ICICIBANK.NS
2021-10-22,736.5357666015625,742.8893822447653,730.7641389541915,735.7597628720237,13248928,ICICIBANK.NS
2021-10-25,816.4653930664062,841.0068736157502,774.4635621997802,776.0155696569783,96124084,ICICIBANK.NS
2021-10-26,804.5341796875,816.4654074399627,797.695494995274,803.8551542110383,16925115,ICICIBANK.NS
2021-10-27,809.96630859375,823.54658203125,799.4901094973087,803.9036865234375,22898400,ICICIBANK.NS
2021-10-28,774.754638671875,807.0077892191701,772.378078895752,805.2132175001282,18750423,ICICIBANK.NS
2021-10-29,778.004150390625,784.5032930676069,760.3983314851432,774.0755831442972,15701200,ICICIBANK.NS
2021-11-01,779.7987060546875,785.4248073592453,769.2254697368435,783.4847683435156,11406421,ICICIBANK.NS
2021-11-02,776.9371948242188,785.7158601864775,774.0756252207518,784.7458406060003,9452457,ICICIBANK.NS
2021-11-03,762.3868408203125,781.8357200296188,757.0517335496389,781.8357200296188,11839149,ICICIBANK.NS
2021-11-04,758.6522216796875,765.3453798625028,755.6451849339539,764.8603701160753,3149310,ICICIBANK.NS
2021-11-08,756.7607421875,769.2254691722987,749.9706056374293,769.2254691722987,13967995,ICICIBANK.NS
2021-11-09,762.9688720703125,764.9574003246298,755.8392519958371,760.495334036635,10084357,ICICIBANK.NS
2021-11-10,757.4883422851562,760.7863734584173,749.9221419114361,759.0888391293671,9507347,ICICIBANK.NS
2021-11-11,748.321533203125,753.70512942942,743.131893506917,753.4141354289994,9221059,ICICIBANK.NS
2021-11-12,753.317138671875,756.5182504653758,748.0790687653425,749.5340980513727,15380106,ICICIBANK.NS
2021-11-15,750.1161499023438,761.0288704760063,748.4186155908851,753.7052342876302,10934583,ICICIBANK.NS
2021-11-16,741.1433715820312,752.4926113349409,739.1548434898162,750.1160517687515,12785837,ICICIBANK.NS
2021-11-17,738.475830078125,748.8065613872471,733.6257326006576,738.0878578031025,11657214,ICICIBANK.NS
2021-11-18,740.0279541015625,744.4900204442565,733.7228268925884,741.9679932427853,20644385,ICICIBANK.NS
2021-11-22,729.4546508789062,747.351522173044,718.0569219589233,745.2659566034415,20403786,ICICIBANK.NS
2021-11-23,729.3091430664062,735.2262975856127,709.278275758755,718.7359659573292,24913042,ICICIBANK.NS
2021-11-24,737.4088745117188,749.0975982602171,724.3136105732106,727.7571681382037,23186419,ICICIBANK.NS
2021-11-25,728.5331420898438,732.31624186587,722.9555299001058,732.2677527313655,17749726,ICICIBANK.NS
2021-11-26,700.5481567382812,719.8030218351846,697.0560507060612,716.844473939417,18987552,ICICIBANK.NS
2021-11-29,696.862060546875,705.9317195550211,689.1988825061388,704.9617000159554,15878074,ICICIBANK.NS
2021-11-30,692.9334106445312,710.3452726237059,689.7808472490506,695.2614811417723,23965914,ICICIBANK.NS
2021-12-01,705.8832397460938,710.7818266420423,693.5639795961246,694.9220306508784,15214913,ICICIBANK.NS
2021-12-02,700.7421875,705.3012322868467,693.7580344913202,702.8761832703119,21924640,ICICIBANK.NS
2021-12-03,694.8250122070312,707.6292824837109,693.6609768718247,698.8991062776062,20130259,ICICIBANK.NS
2021-12-06,688.2774047851562,705.010243114805,686.2888764189245,697.4441019720235,20129080,ICICIBANK.NS
2021-12-07,712.6248779296875,718.735989183653,690.6539116916487,695.5040093861126,30513303,ICICIBANK.NS
2021-12-08,730.812744140625,736.0508141264423,721.7915150664559,725.4776366777609,33432411,ICICIBANK.NS
2021-12-09,732.36474609375,740.12490234375,725.9626408696174,736.2933133542538,16007459,ICICIBANK.NS
2021-12-10,735.2747802734375,737.0208035306538,728.5331329140408,733.8197510248752,7627774,ICICIBANK.NS
2021-12-13,731.3947143554688,746.624032582974,729.9396850828783,740.1248899910115,16855546,ICICIBANK.NS
2021-12-14,735.9053344726562,741.4343983870167,723.925557845858,728.5331505780205,17488089,ICICIBANK.NS
2021-12-15,729.6971435546875,736.7297846856566,728.3876409572437,734.8867240174936,7358740,ICICIBANK.NS
2021-12-16,718.9300537109375,735.1778820897848,716.7959987395218,735.1778820897848,14123215,ICICIBANK.NS
2021-12-17,706.4652099609375,719.7544893273117,704.282666024298,719.7544893273117,13227787,ICICIBANK.NS
2021-12-20,688.6653442382812,698.6080439454036,677.2676153057263,696.5709675066236,16900016,ICICIBANK.NS
2021-12-21,698.7535400390625,707.0957434639558,694.6795054047839,698.4140568879703,14563335,ICICIBANK.NS
2021-12-22,710.8302612304688,712.9158267890912,698.4625128930479,704.4766454942636,9843359,ICICIBANK.NS
2021-12-23,709.375244140625,717.3294158327018,706.1257025177523,716.8928952193315,9994049,ICICIBANK.NS
2021-12-24,705.3011474609375,711.8973273568342,698.0260012863083,711.8973273568342,8800690,ICICIBANK.NS
2021-12-27,713.9343872070312,716.6019409635793,694.6309745229842,702.2941526330036,7955163,ICICIBANK.NS
2021-12-28,713.7403564453125,720.1910099848699,710.539303845837,718.2024817946877,17833655,ICICIBANK.NS
2021-12-29,713.6434326171875,722.6161139304663,709.9573699727921,715.8744658594296,7143073,ICICIBANK.NS
2021-12-30,713.6434326171875,718.2995148630185,707.1442894465098,711.3153618916231,14326182,ICICIBANK.NS
2021-12-31,717.9599609375,723.8770562410723,714.4678551932623,714.4678551932623,6973055,ICICIBANK.NS
2022-01-03,741.7739868164062,743.0350004330008,720.7245500283545,720.7730391664358,9653095,ICICIBANK.NS
2022-01-04,749.6796264648438,754.6752511022024,740.7069451374718,744.9265659335229,12114437,ICICIBANK.NS
2022-01-05,764.4238891601562,771.9900297558837,748.0790835397291,749.8251068763901,19741360,ICICIBANK.NS
2022-01-06,761.5137939453125,768.7404510358562,750.7950903492147,751.8135989795604,13018067,ICICIBANK.NS
2022-01-07,769.4679565429688,778.2466210419217,762.67782014738,768.4494479246886,12250210,ICICIBANK.NS
2022-01-10,786.4432983398438,788.4318264452507,775.0455693783967,776.2580937359975,10905080,ICICIBANK.NS
2022-01-11,786.3463745117188,790.2749418612598,777.8587034209163,785.4733332316896,9982061,ICICIBANK.NS
2022-01-12,799.0536499023438,800.7026950724887,787.7044086787562,794.0580252527016,13034848,ICICIBANK.NS
2022-01-13,799.9752197265625,803.176272740628,792.8940881002234,796.3861351691492,9372244,ICICIBANK.NS
2022-01-14,795.416015625,797.3560546875,787.2678278803825,796.3860351562499,7552844,ICICIBANK.NS
2022-01-17,794.7369995117188,804.0492226450341,790.1294066837855,795.4160250326835,6722700,ICICIBANK.NS
2022-01-18,798.4230346679688,810.9363100238994,793.669974594114,796.38601737993,10835146,ICICIBANK.NS
2022-01-19,784.3577270507812,796.3859922727045,779.1681465201582,791.535894877621,16416144,ICICIBANK.NS
2022-01-20,785.9583129882812,788.5773775230373,771.5535468550623,778.9256714959455,13567654,ICICIBANK.NS
2022-01-21,780.3806762695312,787.0252860646632,771.6505008979641,778.9256470409367,12078277,ICICIBANK.NS
2022-01-24,774.5121459960938,792.2150033426144,759.8163256674114,788.6259190532194,29612316,ICICIBANK.NS
2022-01-25,777.6162109375,780.1867272714006,762.4838701424657,765.3454397112157,19513184,ICICIBANK.NS
2022-01-27,770.8259887695312,777.470598398746,757.6336885698474,763.3083379428434,23984679,ICICIBANK.NS
2022-01-28,757.7307739257812,781.6902087749737,755.1601985082153,779.6531914591883,14072314,ICICIBANK.NS
2022-01-31,765.1513671875,774.7545838873432,760.495285444206,765.2968937941276,14824509,ICICIBANK.NS
2022-02-01,786.0068359375,788.4803739691243,765.6364252212842,778.0041745847009,20031583,ICICIBANK.NS
2022-02-02,789.3534545898438,794.1550634818647,784.6003348370759,790.5659790976623,11214375,ICICIBANK.NS
2022-02-03,784.6973266601562,793.8640232469231,781.8357571471566,789.6444026820711,9755335,ICICIBANK.NS
2022-02-04,780.914306640625,787.6559550427033,771.9416248867518,785.521899973695,10314067,ICICIBANK.NS
2022-02-07,762.8233642578125,780.8657034123029,758.021755855399,774.1240559952004,14659368,ICICIBANK.NS
2022-02-08,768.7405395507812,771.844614138292,751.086170839281,766.3154905301163,14642455,ICICIBANK.NS
2022-02-09,778.731689453125,780.1382296535221,770.3895449350314,773.348092746373,8855292,ICICIBANK.NS
2022-02-10,781.3507690429688,784.5518218050651,772.4265770961425,781.7872896935493,13159771,ICICIBANK.NS
2022-02-11,767.0914306640625,773.4935950700583,764.2784095569087,772.9600369655885,13138408,ICICIBANK.NS
2022-02-14,731.1036987304688,750.7465933297927,728.6301608812416,748.8550434902812,16170656,ICICIBANK.NS
2022-02-15,752.7836303710938,754.6751802603627,720.9185130872045,730.3762033282566,18880659,ICICIBANK.NS
2022-02-16,741.1433715820312,754.2386345572445,737.6028360044997,752.4441222020167,10549784,ICICIBANK.NS
2022-02-17,727.8540649414062,744.2474172005024,723.9254980406431,743.5199026186837,16683808,ICICIBANK.NS
2022-02-18,726.4476928710938,734.1108120903283,723.1980917292974,724.4591053521793,8945567,ICICIBANK.NS
2022-02-21,731.8312377929688,740.0279145678118,717.8144439053794,723.8770658978235,10967164,ICICIBANK.NS
2022-02-22,728.775634765625,736.9723113395816,715.6318824491955,716.2624188030735,13156371,ICICIBANK.NS
2022-02-23,722.2765502929688,733.7228286173266,720.4335486276524,731.9767460218848,11624282,ICICIBANK.NS
2022-02-24,686.19189453125,705.3012334487867,681.2447590061901,691.5270023764157,28023104,ICICIBANK.NS
2022-02-25,708.1627807617188,717.1354618542133,698.6566007426215,703.2157045982457,16935750,ICICIBANK.NS
2022-02-28,720.4335327148438,722.42206095429,693.9520108008815,701.2756465733906,20547432,ICICIBANK.NS
2022-03-02,693.4183959960938,703.2156281881493,686.5312814258277,695.5039615433677,25252492,ICICIBANK.NS
2022-03-03,677.3646240234375,700.3056095245371,672.6600529984909,696.0859890579119,23190595,ICICIBANK.NS
2022-03-04,667.421875,685.3672349397713,664.4633274996361,670.2834442368592,18697223,ICICIBANK.NS
2022-03-07,634.1502685546875,647.00302734375,622.8980656743049,643.6079589843749,27799873,ICICIBANK.NS
2022-03-08,645.06298828125,649.3795870363712,623.72255859375,624.0135526120663,26716975,ICICIBANK.NS
2022-03-09,647.4395751953125,654.2782013370947,638.2728783985298,644.7720213722183,33728639,ICICIBANK.NS
2022-03-10,656.315185546875,679.983685589009,653.4536753184026,673.1450597932595,35959638,ICICIBANK.NS
2022-03-11,657.5762939453125,664.1724152179717,650.4951036795836,654.4237303247853,20546724,ICICIBANK.NS
2022-03-14,675.2791137695312,677.5101468285675,656.9457211257647,657.7702140371608,24648981,ICICIBANK.NS
2022-03-15,676.443115234375,686.8708254851132,667.3734560472463,680.4687200830572,27714580,ICICIBANK.NS
2022-03-16,686.7738037109375,690.0718936820614,680.2261721077612,685.7068059466105,14621688,ICICIBANK.NS
2022-03-17,698.510986328125,703.264105342903,694.7279459742814,696.2799534211983,18329844,ICICIBANK.NS
2022-03-21,689.44140625,701.2271676541549,684.3488035306015,699.3841067973971,12866839,ICICIBANK.NS
2022-03-22,696.6680297851562,699.3840725949519,678.5286529544644,687.4043552277658,11761758,ICICIBANK.NS
2022-03-23,696.7650146484375,705.0101806308414,692.8364474037626,703.2641573226852,7140403,ICICIBANK.NS
2022-03-24,683.0878295898438,691.3329963760759,677.073696092944,681.3902952515019,17727969,ICICIBANK.NS
2022-03-25,678.2861328125,684.9307426802806,675.7641058041447,683.8637449164283,15263007,ICICIBANK.NS
2022-03-28,689.0533447265625,692.0119516370017,674.794105097614,680.9537053887425,13806166,ICICIBANK.NS
2022-03-29,693.8549194335938,695.4554752513218,684.6882235431223,692.8848999574653,11489374,ICICIBANK.NS
2022-03-30,708.9873046875,709.8117976134745,697.5410267638673,699.4325767058435,20154520,ICICIBANK.NS
2022-03-31,708.4052734375,717.7174967447032,705.9802245354099,717.7174967447032,16046383,ICICIBANK.NS
2022-04-01,714.1768798828125,716.1654080808163,701.4210993647575,703.26416015625,12658848,ICICIBANK.NS
2022-04-04,724.216552734375,727.3206270513682,703.2641547039336,719.7544866073363,17192197,ICICIBANK.NS
2022-04-05,719.5604858398438,732.8012762964888,715.8744234140013,724.4105835594509,12290391,ICICIBANK.NS
2022-04-06,719.3665161132812,722.5676281772567,710.1513298564631,710.345345618719,13518142,ICICIBANK.NS
2022-04-07,726.1080932617188,735.0807737402448,715.0013580175118,715.0013580175118,15087175,ICICIBANK.NS
2022-04-08,731.6857299804688,733.334775045837,721.3065090216976,727.369131169894,15480705,ICICIBANK.NS
2022-04-11,736.8267822265625,742.5014317762851,729.1151746316407,729.7456517780823,13216391,ICICIBANK.NS
2022-04-12,740.9494018554688,745.8480478960997,727.757159795214,734.3047916894062,14020000,ICICIBANK.NS
2022-04-13,739.3973999023438,749.3885893981088,737.8938814451427,746.5270198926197,16119956,ICICIBANK.NS
2022-04-18,735.080810546875,740.0279458248403,726.7386660150366,728.4846893815499,17651530,ICICIBANK.NS
2022-04-19,743.325927734375,754.5781894079806,734.3047582651742,738.9608400036045,31088359,ICICIBANK.NS
2022-04-20,732.8983154296875,746.9151108443856,731.2007810868594,743.8110362050113,15984202,ICICIBANK.NS
2022-04-21,739.494384765625,741.288956467235,728.6787022404092,736.2933320721821,8953098,ICICIBANK.NS
2022-04-22,725.2351684570312,736.099340475498,723.5376341784837,734.3048279202951,14411607,ICICIBANK.NS
2022-04-25,729.648681640625,739.3488766658785,721.6945098788588,725.2351047451931,35417460,ICICIBANK.NS
2022-04-26,731.1522827148438,745.508561134719,729.1152652112901,744.9750621890548,18727514,ICICIBANK.NS
2022-04-27,714.6134033203125,727.5146512955616,710.5877985676929,726.5446317605009,21441480,ICICIBANK.NS
2022-04-28,724.7500610351562,729.3576534562591,712.6248178217279,716.9413570414771,18649559,ICICIBANK.NS
2022-04-29,721.0155029296875,737.1663517442317,717.9114286007149,727.6116238754458,19560317,ICICIBANK.NS
2022-05-02,718.7844848632812,721.5005277558487,709.1812676586985,710.0543089337676,10903446,ICICIBANK.NS
2022-05-04,702.5366821289062,724.6046276151784,699.529645107401,723.8286237907864,12212165,ICICIBANK.NS
2022-05-05,706.9502563476562,720.7245461912948,704.7192231601288,708.8902955029491,9121547,ICICIBANK.NS
2022-05-06,697.6865844726562,701.3241579057775,689.0048973712142,694.7765257261593,12455025,ICICIBANK.NS
2022-05-09,689.0533447265625,698.4140568089666,683.3302650619983,684.1547579747249,13055889,ICICIBANK.NS
2022-05-10,689.9749145507812,698.4140967272954,683.8638030454767,683.8638030454767,12797419,ICICIBANK.NS
2022-05-11,692.7879638671875,698.2200495820824,685.9493379852216,696.4740262598158,13516852,ICICIBANK.NS
2022-05-12,674.9395141601562,689.3928274907596,672.5144655614166,686.3372425742325,16685166,ICICIBANK.NS
2022-05-13,657.042724609375,681.3417619266664,654.7632023278333,681.3417619266664,15717043,ICICIBANK.NS
2022-05-16,662.5233764648438,670.2350440056038,655.4907344745508,656.4122649212347,9025623,ICICIBANK.NS
2022-05-17,688.7138671875,690.65390625,664.6089055180549,665.5303767085076,12765052,ICICIBANK.NS
2022-05-18,686.1432495117188,695.503961094196,684.9307251722937,690.9933468694189,11835013,ICICIBANK.NS
2022-05-19,669.6045532226562,677.752741972914,665.045449022043,672.3205964043085,16661023,ICICIBANK.NS
2022-05-20,688.2774047851562,690.556986399621,672.9026175962653,673.96961548879,11695528,ICICIBANK.NS
2022-05-23,689.732421875,704.1857375371053,686.240375011619,688.2773924810416,17438451,ICICIBANK.NS
2022-05-24,686.9193115234375,695.8434432852948,684.8822351127866,689.7323324639221,13779981,ICICIBANK.NS
2022-05-25,691.9634399414062,699.2385867517748,690.2659056856536,690.702426335335,10457589,ICICIBANK.NS
2022-05-26,706.6592407226562,711.024328688685,694.0004974622318,701.3241332086211,14028733,ICICIBANK.NS
2022-05-27,717.6204833984375,718.9785345113963,709.3268277154395,711.5578609393312,8110620,ICICIBANK.NS
2022-05-30,726.0596923828125,729.4062719442742,721.9855980995244,726.302197290088,7628515,ICICIBANK.NS
2022-05-31,730.2791137695312,734.0137241471757,718.2993973340563,718.7844070554162,20272212,ICICIBANK.NS
2022-06-01,730.085205078125,732.9467152573952,721.8885284090638,725.574590691841,10102092,ICICIBANK.NS
2022-06-02,727.2721557617188,729.2121948567817,720.9185395664465,728.5331693324507,10949759,ICICIBANK.NS
2022-06-03,721.9854736328125,734.3047326396882,718.9784369831145,733.4802397792098,8563791,ICICIBANK.NS
2022-06-06,724.362060546875,728.4361542818696,717.4263974500811,718.0084446723899,9107831,ICICIBANK.NS
2022-06-07,713.2069091796875,720.6760719227308,710.3938286643537,718.7845218662338,9938912,ICICIBANK.NS
2022-06-08,707.6292724609375,718.7844974551812,704.6707246296103,714.5163876883088,9369224,ICICIBANK.NS
2022-06-09,710.7817993164062,712.0913019789867,700.4996161438609,703.2641480783276,7444368,ICICIBANK.NS
2022-06-10,698.4140014648438,706.4651510295613,696.4739625718859,703.0215938356188,7990818,ICICIBANK.NS
2022-06-13,667.3734741210938,681.2447423380745,661.6503348905528,681.19625319991,16622521,ICICIBANK.NS
2022-06-14,664.9484252929688,673.8241281748404,660.243853989426,661.9413882626029,13348598,ICICIBANK.NS
2022-06-15,666.6458740234375,675.4730274291549,665.5303279620902,666.8883788884879,9199591,ICICIBANK.NS
2022-06-16,658.1582641601562,679.0621736052452,656.0242093107667,679.0136844688421,13237239,ICICIBANK.NS
2022-06-17,666.2579345703125,671.8840955807092,649.8646389520976,651.125652583453,16335613,ICICIBANK.NS
2022-06-20,665.3849487304688,667.1794612875005,657.2852496413942,665.4334378688459,10981042,ICICIBANK.NS
2022-06-21,675.2305297851562,686.773785167115,667.9553837558436,669.8469335645228,13319648,ICICIBANK.NS
2022-06-22,666.015380859375,677.9466683573997,664.5603515747664,673.4360538929959,6838249,ICICIBANK.NS
2022-06-23,678.189208984375,684.8338193855298,666.4034474757209,669.5075219542216,14960412,ICICIBANK.NS
2022-06-24,692.0604248046875,693.8064480653665,685.3672665659108,689.5868869182846,10856736,ICICIBANK.NS
2022-06-27,695.843505859375,706.9987307701259,694.6309814125542,706.9987307701259,8285225,ICICIBANK.NS
2022-06-28,689.0048828125,695.7950197441837,685.8038301000511,689.7323974837518,8339931,ICICIBANK.NS
2022-06-29,681.6812133789062,685.5128022997893,679.9351900949814,683.8152681505,9570557,ICICIBANK.NS
2022-06-30,685.997802734375,690.5569062287119,680.1776857301896,681.6812041152125,11970404,ICICIBANK.NS
2022-07-01,682.7967529296875,685.5612848355172,673.2905144209359,682.3602323115849,9884899,ICICIBANK.NS
2022-07-04,698.510986328125,699.4810057837703,683.7181896295328,683.7181896295328,8303732,ICICIBANK.NS
2022-07-05,697.8805541992188,710.1998139212261,696.5709923264933,701.3726007825674,11460367,ICICIBANK.NS
2022-07-06,704.1856689453125,709.9572968202166,700.3540800733817,701.3240995748685,12163533,ICICIBANK.NS
2022-07-07,719.7545166015625,721.6945557298686,711.024340524185,713.8859100794957,10374018,ICICIBANK.NS
2022-07-08,733.0437622070312,734.7897854998337,722.2280208901641,728.7756526421427,9797700,ICICIBANK.NS
2022-07-11,746.4300537109375,748.4185819739815,732.3647700477684,732.3647700477684,12440573,ICICIBANK.NS
2022-07-12,737.1178588867188,744.4414944411,734.9838040959955,742.4044179205171,10219829,ICICIBANK.NS
2022-07-13,730.6187133789062,741.8224269796456,727.4176608080226,741.8224269796456,8674121,ICICIBANK.NS
2022-07-14,729.8426513671875,736.729765718783,726.3505458550908,727.5145810257897,7044542,ICICIBANK.NS
2022-07-15,728.6786499023438,736.2447900539347,721.8885134986842,730.6671780080716,6358018,ICICIBANK.NS
2022-07-18,748.8551025390625,749.9706487184862,735.129302042271,736.4873531124134,8045363,ICICIBANK.NS
2022-07-19,757.245849609375,758.5553524308121,744.1505845738047,744.7810618115967,12825591,ICICIBANK.NS
2022-07-20,759.6222534179688,765.8788910888006,756.9062106352496,765.8304019544345,8152179,ICICIBANK.NS
2022-07-21,762.4353637695312,765.2969332735929,756.712224761408,761.3683659501904,8312338,ICICIBANK.NS
2022-07-22,776.0641479492188,779.7987588304273,765.4424217781757,765.4424217781757,12267898,ICICIBANK.NS
2022-07-25,776.888671875,793.281966548427,773.2025502653746,778.9256892232296,21034148,ICICIBANK.NS
2022-07-26,772.426513671875,778.7316404027981,767.9159585336972,777.5676051652617,7374145,ICICIBANK.NS
2022-07-27,776.5006713867188,779.7017241497522,770.8260805434004,771.165563713231,9536564,ICICIBANK.NS
2022-07-28,790.1779174804688,791.0509587749691,781.1567473269146,782.7573032983998,11124518,ICICIBANK.NS
2022-07-29,794.0579223632812,798.7140632298565,783.7757395610569,796.0465096608059,11095993,ICICIBANK.NS
2022-08-01,798.714111328125,800.2661189069178,792.7969566227277,796.0950467342799,7974903,ICICIBANK.NS
2022-08-02,793.2334594726562,797.3560424170265,787.8498629981253,795.4160033843817,11106772,ICICIBANK.NS
2022-08-03,800.0720825195312,803.1761568023379,787.2193239716678,793.2334567936133,11073975,ICICIBANK.NS
2022-08-04,795.6585083007812,805.0677094506085,784.1152523738859,799.2960814871609,11113742,ICICIBANK.NS
2022-08-05,813.0704345703125,815.6894993120746,798.4231031950561,798.4231031950561,16056522,ICICIBANK.NS
2022-08-08,816.7297973632812,821.9505207188839,811.069933828099,816.3882174189047,12142951,ICICIBANK.NS
2022-08-10,828.24462890625,832.3919510539397,821.8041053952454,821.8041053952454,23658553,ICICIBANK.NS
2022-08-11,838.9301147460938,845.5658184315945,837.3687341632482,839.2716351070335,22787391,ICICIBANK.NS
2022-08-12,853.2750244140625,856.0561462344785,837.7591354144198,843.0774784715667,10792853,ICICIBANK.NS
2022-08-16,858.0078735351562,863.1310368403135,855.2267515651621,860.1547348322915,13804836,ICICIBANK.NS
2022-08-17,861.9111938476562,864.106835156637,857.1783908503086,860.4962130919745,9058040,ICICIBANK.NS
2022-08-18,863.7164916992188,866.2049328790207,853.909305576073,859.276428878953,13137856,ICICIBANK.NS
2022-08-19,849.3716430664062,865.4730122271322,843.4189799433652,863.6188913480285,10787199,ICICIBANK.NS
2022-08-22,831.66015625,846.4441652513382,829.0741548205303,844.6388243943513,13848023,ICICIBANK.NS
2022-08-23,843.0287475585938,847.0296703338628,822.4384744443109,824.926856148958,13254855,ICICIBANK.NS
2022-08-24,852.2015991210938,854.202060474313,836.3441890909899,836.3441890909899,10494109,ICICIBANK.NS
2022-08-25,851.2745361328125,860.1547214600488,845.7610723978989,852.2015966285933,9827829,ICICIBANK.NS
2022-08-26,849.8107299804688,856.3000935449566,846.3465078959074,853.0310514850003,5976725,ICICIBANK.NS
2022-08-29,835.1731567382812,840.198759670883,826.53699122095,829.5132931497114,7755134,ICICIBANK.NS
2022-08-30,865.8633422851562,869.2300042276803,838.3446257766652,839.7108264248318,12544701,ICICIBANK.NS
2022-09-01,853.2261352539062,864.3019608976554,842.1503691707358,842.1503691707358,15877583,ICICIBANK.NS
2022-09-02,851.3233642578125,860.0083098715986,846.053801187429,852.9822456312818,8401284,ICICIBANK.NS
2022-09-05,861.1305541992188,864.4972162001684,850.4938677754845,850.4938677754845,8744999,ICICIBANK.NS
2022-09-06,862.301513671875,868.4492971380652,856.8855510472846,861.1792732309683,9879326,ICICIBANK.NS
2022-09-07,855.0315551757812,861.3257390281522,851.4209330033636,857.324756787144,8814960,ICICIBANK.NS
2022-09-08,877.0855102539062,879.0371914336259,864.1068423208869,864.1068423208869,12163106,ICICIBANK.NS
2022-09-09,879.476318359375,889.9178244256609,876.0120962296875,888.1613233024965,9936230,ICICIBANK.NS
2022-09-12,885.2825927734375,886.9415336840817,880.98887036478,883.1845116863607,6016978,ICICIBANK.NS
2022-09-13,888.0149536132812,891.8695359284446,883.4284908418431,891.8695359284446,10400475,ICICIBANK.NS
2022-09-14,895.919189453125,899.9689515793953,876.353598243347,876.5487782664047,14712947,ICICIBANK.NS
2022-09-15,895.4313354492188,914.021147040755,893.6260541136272,897.7733767780912,16253099,ICICIBANK.NS
2022-09-16,887.1366577148438,895.4313027407838,883.330915145174,892.7965807927752,11966860,ICICIBANK.NS
2022-09-19,877.475830078125,890.4544974160177,873.71880824309,883.0869132125273,11235656,ICICIBANK.NS
2022-09-20,894.601806640625,900.2128896929114,885.4288818265685,887.234222544956,12090663,ICICIBANK.NS
2022-09-21,893.1381225585938,894.8458436342315,883.7700764821856,889.9666405609805,8917640,ICICIBANK.NS
2022-09-22,881.5744018554688,889.6738667395215,873.6700574385206,884.1115635336504,11125669,ICICIBANK.NS
2022-09-23,860.9354248046875,883.0382396426104,857.5199824846916,879.9155376093538,15927517,ICICIBANK.NS
2022-09-26,840.2474975585938,856.6904466386289,838.4422163569614,848.981282433677,14208640,ICICIBANK.NS
2022-09-27,831.952880859375,853.71411404585,828.0982986271043,844.0533279671298,12493809,ICICIBANK.NS
2022-09-28,828.9766235351562,842.3944323328118,823.6095000160941,823.6095000160941,11411458,ICICIBANK.NS
2022-09-29,823.511962890625,840.7842950519371,820.7795613739409,837.2712924741825,13803629,ICICIBANK.NS
2022-09-30,841.1746215820312,846.1026048427556,817.2665261890385,823.5119300342992,13175031,ICICIBANK.NS
2022-10-03,827.8543090820312,840.1499357827445,825.2683673536521,838.9301350918353,8232026,ICICIBANK.NS
2022-10-04,846.6881103515625,851.5673132935744,839.3204662606582,844.1021089680631,8975095,ICICIBANK.NS
2022-10-06,864.05810546875,870.1571094607641,851.9576577243595,851.9576577243595,12116698,ICICIBANK.NS
2022-10-07,861.2280883789062,863.130989414095,851.7136427635446,856.0073651218893,9705750,ICICIBANK.NS
2022-10-10,860.447509765625,868.3030152378152,849.6644822868607,850.9330632442586,7357588,ICICIBANK.NS
2022-10-11,849.5668334960938,861.911241360188,844.5412899593006,861.911241360188,11130051,ICICIBANK.NS
2022-10-12,847.3711547851562,850.6402565068132,840.6866705498809,846.9808542844545,14557532,ICICIBANK.NS
2022-10-13,832.9774780273438,844.5412243974098,829.9523961161733,841.5160829256583,11563124,ICICIBANK.NS
2022-10-14,849.2252807617188,862.4479089579862,847.566339832314,862.4479089579862,8199540,ICICIBANK.NS
2022-10-17,863.8141479492188,866.0585695130226,847.5663774405991,850.933039566598,8936947,ICICIBANK.NS
2022-10-18,875.2314453125,878.9396276267804,869.62036194361,874.4019450781407,8097552,ICICIBANK.NS
2022-10-19,870.5473022460938,878.8907863230974,864.1555587655846,878.3052462759755,5529462,ICICIBANK.NS
2022-10-20,867.1807250976562,871.7183479005771,858.8372407802135,868.2053457589235,8107159,ICICIBANK.NS
2022-10-21,885.2338256835938,888.0149475742908,864.3020328643687,866.546454336231,17022807,ICICIBANK.NS
2022-10-24,903.9212036132812,910.9472683719744,895.431377844885,902.6526226503228,4390050,ICICIBANK.NS
2022-10-25,902.7012939453125,920.4616039673743,900.6520526030126,919.2905833886683,15838120,ICICIBANK.NS
2022-10-27,902.0670776367188,911.1423833365191,898.0173153082427,903.6771788960313,16080842,ICICIBANK.NS
2022-10-28,885.9168701171875,905.0921618446528,879.2323857919483,895.8216760899096,9854094,ICICIBANK.NS
2022-10-31,886.7463989257812,894.8946444220753,882.7454165769548,890.552141674467,9000840,ICICIBANK.NS
2022-11-01,886.6487426757812,898.7491899037128,877.8173971843925,898.7491899037128,9823761,ICICIBANK.NS
2022-11-02,882.8429565429688,898.5051854414255,880.5496955165991,898.3587855348516,7690974,ICICIBANK.NS
2022-11-03,886.6975708007812,891.7718941909748,875.3777842858833,879.2811466233138,9022366,ICICIBANK.NS
2022-11-04,883.428466796875,891.3328112458532,878.4517036538972,884.404307378681,7099336,ICICIBANK.NS
2022-11-07,895.333740234375,897.8709019410512,881.6231918736927,888.258895965493,11100219,ICICIBANK.NS
2022-11-09,888.5028686523438,899.62747534603,883.8676257900718,897.7733543768877,11590409,ICICIBANK.NS
2022-11-10,888.6980590820312,890.8937004635314,882.1111349375303,885.624137323697,10009741,ICICIBANK.NS
2022-11-11,884.6483154296875,905.5801089550436,881.6720134061227,903.5308674465132,17921457,ICICIBANK.NS
2022-11-14,873.3285522460938,884.6482793217701,869.7179301331439,883.135738311916,12641308,ICICIBANK.NS
2022-11-15,889.6738891601562,891.5767902470384,877.0855215643974,878.7932426186741,15176911,ICICIBANK.NS
2022-11-16,891.5279541015625,895.9192368299623,886.1608307668516,890.5033333770526,13008311,ICICIBANK.NS
2022-11-17,897.5781860351562,900.0177875733908,888.3564803085126,890.942481763275,12584194,ICICIBANK.NS
2022-11-18,898.1149291992188,899.7250901153086,888.5517026263796,897.5782287473845,10874061,ICICIBANK.NS
2022-11-21,899.1395263671875,902.4573485738014,891.9670624306098,891.9670624306098,9245704,ICICIBANK.NS
2022-11-22,901.3839721679688,904.1163139298982,898.1637101071026,901.4327522857458,11256509,ICICIBANK.NS
2022-11-23,905.0433349609375,909.3369976680791,901.3839328784176,904.604194798919,10959704,ICICIBANK.NS
2022-11-24,916.16796875,917.9245295652515,905.1409813373169,905.1409813373169,10844395,ICICIBANK.NS
2022-11-25,907.824462890625,920.1200897078235,905.0921212292191,917.582868510347,9815055,ICICIBANK.NS
2022-11-28,914.7529907226562,920.9983347475077,901.6279229061405,901.6767030234083,9381474,ICICIBANK.NS
2022-11-29,923.8770751953125,926.9509968667758,910.9959675424216,910.9959675424216,13096845,ICICIBANK.NS
2022-11-30,929.8785400390625,935.0504833540824,918.2660129689936,925.1456773495776,20858573,ICICIBANK.NS
2022-12-01,917.4853515625,933.8794618649401,913.6307692487462,932.9036212569308,15920653,ICICIBANK.NS
2022-12-02,908.1172485351562,911.9230507412958,903.7259657868033,905.824046924139,14228874,ICICIBANK.NS
2022-12-05,911.0447998046875,914.3626818126604,905.9704761133208,914.3626818126604,10984608,ICICIBANK.NS
2022-12-06,900.359375,907.2878196018734,897.9685535605643,902.6525766407452,18220912,ICICIBANK.NS
2022-12-07,899.8714599609375,910.6544870005209,898.4076990172678,899.7250600423364,15675663,ICICIBANK.NS
2022-12-08,909.3859252929688,910.9960266286454,901.4815802939312,902.6526009857056,10136870,ICICIBANK.NS
2022-12-09,907.4342041015625,912.215787338606,902.7013414221591,909.4834455516406,9575331,ICICIBANK.NS
2022-12-12,907.824462890625,911.3375246500736,902.7012999402709,902.7012999402709,8493863,ICICIBANK.NS
2022-12-13,910.4104614257812,913.2892029869305,905.3848587227286,907.0437995851349,10415140,ICICIBANK.NS
2022-12-14,899.4810180664062,913.4355258812766,897.7732971207961,913.3867457663752,12319827,ICICIBANK.NS
2022-12-15,886.8439331054688,897.6757995963253,883.1357507052321,893.8699973988869,8929748,ICICIBANK.NS
2022-12-16,880.208251953125,891.6255992841462,877.9150502872375,883.6236941724553,9157260,ICICIBANK.NS
2022-12-19,884.5507202148438,888.6004229521618,879.3787769678182,886.0632612266272,7015083,ICICIBANK.NS
2022-12-20,887.72216796875,890.4057295045923,874.0604001499164,884.1115459902278,6384331,ICICIBANK.NS
2022-12-21,870.6937866210938,893.7236012549803,865.5706234047746,888.2589176484736,11341147,ICICIBANK.NS
2022-12-22,869.1324462890625,882.0134944431401,864.9362840988583,878.7444522871822,9788367,ICICIBANK.NS
2022-12-23,857.6663208007812,868.1566071729486,854.1532589304963,861.7160235243845,11059215,ICICIBANK.NS
2022-12-26,871.620849609375,875.3290320358716,854.1044986503864,859.8131424263865,6943159,ICICIBANK.NS
2022-12-27,878.890869140625,880.9401105972046,866.7416416351155,876.0121274292705,4994381,ICICIBANK.NS
2022-12-28,877.2318725585938,882.1110752987155,874.157951008085,874.3531310298059,8980300,ICICIBANK.NS
2022-12-29,886.1119995117188,901.042348014541,867.8637693146782,876.2072536656079,11994220,ICICIBANK.NS
2022-12-30,869.3275756835938,886.5511861175967,867.0831542131343,886.5511861175967,9688527,ICICIBANK.NS
2023-01-02,880.6473388671875,885.0874015715547,872.4014740958874,872.4014740958874,4315403,ICICIBANK.NS
2023-01-03,879.5739135742188,884.0628161348139,875.0850705742079,876.7927916486487,5846855,ICICIBANK.NS
2023-01-04,877.3782348632812,885.9656795492845,873.1821323138736,877.2806746302692,12454582,ICICIBANK.NS
2023-01-05,857.9102783203125,881.184052562088,850.9329942792257,879.1348111478047,16547196,ICICIBANK.NS
2023-01-06,849.0789184570312,857.7151438717982,839.7108721216287,857.7151438717982,14804613,ICICIBANK.NS
2023-01-09,852.2503662109375,857.5199292876928,841.467339467431,853.128646577258,16811853,ICICIBANK.NS
2023-01-10,840.5402221679688,857.178350961341,835.904979620267,854.2508293522662,13470142,ICICIBANK.NS
2023-01-11,845.3706665039062,849.810729146555,834.1972801627661,842.0528443311998,15558460,ICICIBANK.NS
2023-01-12,839.857177734375,848.3469427147597,834.2948747895655,844.5899804905931,16659001,ICICIBANK.NS
2023-01-13,852.3479614257812,853.7629421704522,837.5639529027883,843.8093564017448,11223103,ICICIBANK.NS
2023-01-16,844.3460693359375,856.251336429676,840.2475269514592,856.0561563998281,8319812,ICICIBANK.NS
2023-01-17,844.2484741210938,846.9808157440077,837.3687506076432,846.0049751957827,12624859,ICICIBANK.NS
2023-01-18,848.493408203125,850.9330097218229,837.9055614362097,843.5654250474721,11313898,ICICIBANK.NS
2023-01-19,845.224365234375,849.5180281670827,841.1746028927344,847.029646532359,6694679,ICICIBANK.NS
2023-01-20,849.3228759765625,855.3243197281536,844.6388528234257,852.3967978123699,8127162,ICICIBANK.NS
2023-01-23,850.6402587890625,861.9599858696962,843.7117548264578,860.6914050079915,16882379,ICICIBANK.NS
2023-01-24,849.7131958007812,860.3986621992815,847.0296341717808,857.7638806877826,11504090,ICICIBANK.NS
2023-01-25,834.6364135742188,855.616985476424,827.512789445121,852.2015435388557,14918485,ICICIBANK.NS
2023-01-27,797.4569702148438,822.6336464136058,793.4559879182368,818.876683833697,39718683,ICICIBANK.NS
2023-01-30,803.6046752929688,806.2882367465883,776.7690607567737,780.6724228711294,36301441,ICICIBANK.NS
2023-01-31,811.8018188476562,818.0471629504093,794.4318085216838,806.0443354842496,27291226,ICICIBANK.NS
2023-02-01,827.4640502929688,854.0557066947356,803.2632152779729,823.0727675844201,39237711,ICICIBANK.NS
2023-02-02,837.1736450195312,839.8083668980825,806.1418673862072,808.3863483354639,16798190,ICICIBANK.NS
2023-02-03,842.9310913085938,851.5673162826182,831.5137444720939,843.760591547997,14914366,ICICIBANK.NS
2023-02-06,833.0751342773438,846.8344629485416,829.1229917492834,840.6866790648273,8463833,ICICIBANK.NS
2023-02-07,832.1480712890625,835.3195532376869,826.7321678735284,834.3437126381102,9337066,ICICIBANK.NS
2023-02-08,838.3446044921875,839.9059851305341,831.3186000816627,831.9040805956793,8082983,ICICIBANK.NS
2023-02-09,840.0036010742188,844.0045833872938,831.0258553801846,837.7591795408565,6299265,ICICIBANK.NS
2023-02-10,833.221435546875,841.076999677084,831.4161543411412,834.8803764054466,8656405,ICICIBANK.NS
2023-02-13,830.0988159179688,838.5398012262449,828.830175511351,832.7823775217515,9394365,ICICIBANK.NS
2023-02-14,844.3948364257812,846.3465175729854,831.5137289421172,833.2702896230664,13402934,ICICIBANK.NS
2023-02-15,849.7620239257812,852.1528454242592,839.8084374092238,845.4683608131589,12070288,ICICIBANK.NS
2023-02-16,848.4446411132812,856.5928864866202,843.9557385135968,854.787605159296,10715685,ICICIBANK.NS
2023-02-17,841.8088989257812,846.5904820244143,834.4900945865224,846.5904820244143,9990618,ICICIBANK.NS
2023-02-20,831.5137939453125,845.6147032483111,829.7085125672544,841.8089604500999,9013430,ICICIBANK.NS
2023-02-21,833.56298828125,838.6861510369723,826.3905246868915,833.7581682983457,11704445,ICICIBANK.NS
2023-02-22,818.9742431640625,833.4654525968871,814.5829603588933,830.6843306445138,13880984,ICICIBANK.NS
2023-02-23,819.462158203125,824.048621015575,813.4119344650369,816.3394563163132,11743574,ICICIBANK.NS
2023-02-24,819.413330078125,825.1707536453126,815.3635679302187,823.560652457791,8246139,ICICIBANK.NS
2023-02-27,835.7099609375,837.5640224460278,813.4119662298283,813.4119662298283,14422574,ICICIBANK.NS
2023-02-28,834.1973266601562,837.2712484244097,829.4645234973756,834.2461663394178,19600146,ICICIBANK.NS
2023-03-01,835.6123046875,843.1262893169088,831.269802049156,843.1262893169088,11015843,ICICIBANK.NS
2023-03-02,833.3678588867188,841.0281836482711,830.5378973683739,832.3920183025423,12327141,ICICIBANK.NS
2023-03-03,847.56640625,851.9089091653085,829.3181737177321,836.0514981986004,12823098,ICICIBANK.NS
2023-03-06,846.78564453125,855.6657697882442,844.443603366914,850.6890067647562,13904231,ICICIBANK.NS
2023-03-08,851.0305786132812,852.5431792187243,840.686691893039,845.7122948969003,16144568,ICICIBANK.NS
2023-03-09,835.2708129882812,848.7861821132901,833.51431173732,846.2490202575223,10624440,ICICIBANK.NS
2023-03-10,822.2920532226562,824.9267750269614,816.0466499548239,824.2925144135686,17273189,ICICIBANK.NS
2023-03-13,808.3863525390625,834.6364281528208,804.0438500876161,821.1210600737454,16413159,ICICIBANK.NS
2023-03-14,810.2892456054688,814.2902279362222,798.4815977730528,807.0202033098866,15456802,ICICIBANK.NS
2023-03-15,805.94677734375,823.5606883048955,802.3361552027651,816.2418837869195,12914488,ICICIBANK.NS
2023-03-16,803.9951171875,811.2163020979362,790.7236489111071,809.6549809174596,14987868,ICICIBANK.NS
2023-03-17,816.0466918945312,818.1447729834259,798.8719213661859,811.7041893648593,11104490,ICICIBANK.NS
2023-03-20,816.2418823242188,817.5592433108602,805.0684955346812,816.7785827424584,14838651,ICICIBANK.NS
2023-03-21,831.8065185546875,833.8557599098707,818.7790113206246,822.6335934511657,18755854,ICICIBANK.NS
2023-03-22,839.4180908203125,841.7112923918411,830.4403454439372,836.9297092178792,17431520,ICICIBANK.NS
2023-03-23,834.7828369140625,846.4929238858591,832.1968355502246,836.2953779024698,17920621,ICICIBANK.NS
2023-03-24,831.8065185546875,839.2228829988167,828.6350367294012,831.9040787866177,17295696,ICICIBANK.NS
2023-03-27,828.1959228515625,835.7099073266975,823.6582402717402,834.2949265553112,17047675,ICICIBANK.NS
2023-03-28,834.0997314453125,838.1494936556207,827.7079875914543,834.8803919931624,24469018,ICICIBANK.NS
2023-03-29,830.4403076171875,841.27211389231,827.5127859687133,836.3441310294944,34881515,ICICIBANK.NS
2023-03-31,856.05615234375,859.7155545338773,837.7591413931142,841.1258033201476,25739021,ICICIBANK.NS
2023-04-03,862.4479370117188,865.6681991790865,847.8591076789055,858.9349345674241,26416933,ICICIBANK.NS
2023-04-05,863.228515625,866.302437142274,852.8846297520107,865.1801966999474,21068934,ICICIBANK.NS
2023-04-06,853.8605346679688,868.5957040705766,851.6161131746726,860.6914189453125,26042745,ICICIBANK.NS
2023-04-10,847.4688110351562,861.4721003175092,843.5166683771216,858.7885385723444,30906205,ICICIBANK.NS
2023-04-11,860.5938720703125,864.2044347387856,844.1021416632927,852.5919670233527,39504022,ICICIBANK.NS
2023-04-12,868.64453125,870.4498125302297,859.0324656331312,862.1063873379366,22686032,ICICIBANK.NS
2023-04-13,877.2806396484375,879.8666408865384,865.0826329792434,869.571475609275,34439635,ICICIBANK.NS
2023-04-17,879.525146484375,895.1385965391224,871.5720810990891,895.1385965391224,29957514,ICICIBANK.NS
2023-04-18,875.1826171875,886.0144835702572,872.4990555408676,886.0144835702572,26699379,ICICIBANK.NS
2023-04-19,870.3522338867188,875.2314367685581,865.8145513823755,874.2555961921902,24377956,ICICIBANK.NS
2023-04-20,872.7918701171875,877.573453395635,867.717487005693,870.6937889701342,16999919,ICICIBANK.NS
2023-04-21,864.2532348632812,878.9396237033103,861.0817529732831,872.9381803026192,29578071,ICICIBANK.NS
2023-04-24,882.8917846679688,884.5995057214851,873.3773387983774,883.135744818471,30881665,ICICIBANK.NS
2023-04-25,891.3816528320312,893.8700345751175,881.2816663774997,884.4043683667354,41383839,ICICIBANK.NS
2023-04-26,892.8453369140625,894.7970180441831,883.8675918033912,889.4298949363513,30371555,ICICIBANK.NS
2023-04-27,896.1631469726562,897.6757474764975,886.5999214765843,887.5269819129636,25835108,ICICIBANK.NS
2023-04-28,895.4801025390625,898.2124441608663,888.2588586608995,892.9916614936355,20381002,ICICIBANK.NS
2023-05-02,899.8225708007812,903.433192842073,896.504748580591,901.6766917183744,17515017,ICICIBANK.NS
2023-05-03,900.5545043945312,901.5303450275906,889.5275171530784,897.3342422175527,18715142,ICICIBANK.NS
2023-05-04,899.4323120117188,901.5791732893766,889.7714660425504,897.773371044411,20485002,ICICIBANK.NS
2023-05-05,904.5554809570312,919.6810106729773,901.140038763108,902.6525798225856,19002035,ICICIBANK.NS
2023-05-08,915.2409057617188,918.9490880615251,904.6042195927597,904.6042195927597,18623913,ICICIBANK.NS
2023-05-09,911.8255004882812,922.1693872512037,909.2882791362127,918.2660247654843,21507610,ICICIBANK.NS
2023-05-10,913.435546875,918.2659695728609,905.8240023974581,912.0205661468576,25910923,ICICIBANK.NS
2023-05-11,916.509521484375,924.121066402181,911.2887384351924,917.3389621864789,20027372,ICICIBANK.NS
2023-05-12,921.0958862304688,925.0968085190307,912.5084420472303,917.0461242676784,13873480,ICICIBANK.NS
2023-05-15,922.9012451171875,926.0727270591709,915.5336605179272,920.9495639221207,10453762,ICICIBANK.NS
2023-05-16,923.4867553710938,929.1954587867314,920.2177130883861,927.048597490951,19612293,ICICIBANK.NS
2023-05-17,916.6558227539062,925.4872276297442,913.1916006155064,924.4137672580238,19273344,ICICIBANK.NS
2023-05-18,923.6331176757812,929.2442010636689,919.3393952590775,925.0480984422347,21550141,ICICIBANK.NS
2023-05-19,931.2446899414062,932.9036309042945,918.8515021794102,928.4635680040531,15427412,ICICIBANK.NS
2023-05-22,927.3900756835938,931.1958777874927,923.291592877035,928.0731760048811,15509525,ICICIBANK.NS
2023-05-23,930.366455078125,935.6847387180298,922.1693701855753,929.0002544091722,16579935,ICICIBANK.NS
2023-05-24,917.9244995117188,930.8055479979184,915.8264183625203,923.828323327991,18049620,ICICIBANK.NS
2023-05-25,917.1437377929688,918.8514587940115,910.4104735823489,914.3626159869317,19328582,ICICIBANK.NS
2023-05-26,927.7316284179688,929.4393493908153,912.9476201716645,917.0949425342919,10957182,ICICIBANK.NS
2023-05-29,925.2432861328125,934.4649321286174,923.925865590138,930.8055298888271,12108079,ICICIBANK.NS
2023-05-30,926.999755859375,929.2929573609765,921.8278127813123,922.5108535277766,18483624,ICICIBANK.NS
2023-05-31,926.2190551757812,929.0001768389353,917.7780108372044,926.5605755342111,27254425,ICICIBANK.NS
2023-06-01,913.484375,931.1959059694744,910.2641128857094,931.1959059694744,21650700,ICICIBANK.NS
2023-06-02,915.48486328125,921.827827046608,912.4597217491146,920.2176662665535,12494376,ICICIBANK.NS
2023-06-05,923.8770751953125,928.8050582446286,920.2176729962289,920.2176729962289,10751684,ICICIBANK.NS
2023-06-06,919.33935546875,924.9016584985499,915.4359932809016,923.6330776996152,11894330,ICICIBANK.NS
2023-06-07,917.4853515625,922.9988152614023,911.2399478470065,921.5350543493884,16486469,ICICIBANK.NS
2023-06-08,915.2409057617188,927.5364732717563,912.6061242779729,913.9722653565424,17608140,ICICIBANK.NS
2023-06-09,915.38720703125,921.19347015888,913.5819258557002,918.6563085780134,12253128,ICICIBANK.NS
2023-06-12,913.3380126953125,920.7055972423157,910.7520113059578,915.3384739939503,10520125,ICICIBANK.NS
2023-06-13,920.7543334960938,923.3891148773446,911.5326284420058,913.2891890698932,13528776,ICICIBANK.NS
2023-06-14,917.094970703125,924.0722547164398,913.6307485353478,923.1939743649098,13489262,ICICIBANK.NS
2023-06-15,904.2138671875,920.1688965759562,902.0182258592284,917.9732552476846,19366819,ICICIBANK.NS
2023-06-16,911.6303100585938,915.0945323130579,904.6042457522844,906.848667243868,11249387,ICICIBANK.NS
2023-06-19,900.8472290039062,911.3862950487207,896.5047266373142,910.9471548883993,19351375,ICICIBANK.NS
2023-06-20,903.1892700195312,906.1167918668598,892.6989833999372,898.7004270111945,15212286,ICICIBANK.NS
2023-06-21,902.3598022460938,905.97042432825,897.7733395774403,905.580064269418,9210553,ICICIBANK.NS
2023-06-22,903.3844604492188,912.9476866817438,898.4564771949641,902.0670994269971,27291569,ICICIBANK.NS
2023-06-23,901.1887817382812,909.3858664900742,896.797499098517,903.6771633220311,8767733,ICICIBANK.NS
2023-06-26,905.0433349609375,909.2882175524283,900.8960126007483,904.7017550302205,11749040,ICICIBANK.NS
2023-06-27,913.484375,917.2413971004926,899.920226200877,907.5317710784503,13422726,ICICIBANK.NS
2023-06-28,914.8017578125,921.1935016587148,911.7278361808255,921.1935016587148,25708001,ICICIBANK.NS
2023-06-30,912.0205688476562,919.4369928830703,908.1660462617388,917.7780520093211,13843218,ICICIBANK.NS
2023-07-03,919.7785034179688,922.9012051068142,913.874679970956,914.36260024857,12350359,ICICIBANK.NS
2023-07-04,921.8766479492188,928.3171722332148,919.2418663564622,924.3650296243725,14041699,ICICIBANK.NS
2023-07-05,934.8553466796875,941.4422710952281,918.2660555590668,919.2906763338112,13817767,ICICIBANK.NS
2023-07-06,936.2215576171875,940.6128406087116,930.9519942031235,931.6350945805892,16334427,ICICIBANK.NS
2023-07-07,923.5355224609375,931.9765075014357,920.998301288774,929.9760462814668,8593807,ICICIBANK.NS
2023-07-10,925.4872436523438,929.8785263276142,918.6075198126201,923.1452024012996,12069184,ICICIBANK.NS
2023-07-11,922.12060546875,929.6833702711881,919.1443034908751,925.4872675187265,16977595,ICICIBANK.NS
2023-07-12,921.5838623046875,928.1707861820097,918.5099406710377,925.4872246023599,21511161,ICICIBANK.NS
2023-07-13,932.61083984375,936.0750619372393,919.436992216799,924.8041153240754,23222286,ICICIBANK.NS
2023-07-14,936.8557739257812,941.6861968997155,928.3659486322887,936.5630336523335,12871569,ICICIBANK.NS
2023-07-17,945.2968139648438,950.2735772681716,929.8297045085224,939.636950320126,16290763,ICICIBANK.NS
2023-07-18,951.8836669921875,964.0816737465069,947.6875645808176,954.3720484579527,29709508,ICICIBANK.NS
2023-07-19,949.9320068359375,956.3237506038779,944.174523696845,956.3237506038779,15994261,ICICIBANK.NS
2023-07-20,971.546875,974.0353161719719,948.6146209598538,952.46920323191,26487838,ICICIBANK.NS
2023-07-21,972.9130859375,977.2555885541523,964.9111810417447,971.2541449921898,16903003,ICICIBANK.NS
2023-07-24,968.0338745117188,984.3304244322484,966.1797535488037,980.6710221848502,21687719,ICICIBANK.NS
2023-07-25,970.6686401367188,974.8647427328618,964.3744564622128,974.8647427328618,29325327,ICICIBANK.NS
2023-07-26,972.3764038085938,973.6449847104317,966.0822198580079,969.1073019747433,12780537,ICICIBANK.NS
2023-07-27,966.326171875,982.1835819158673,963.3498699025234,978.3289995630472,25932395,ICICIBANK.NS
2023-07-28,972.1324462890625,974.5720478609782,953.4450744239546,964.1305412210621,12584130,ICICIBANK.NS
2023-07-31,974.181640625,975.2551010010277,964.7159750720841,971.9372191996074,14303116,ICICIBANK.NS
2023-08-01,970.5222778320312,979.4512433395982,966.521355109635,977.4507819784002,15508569,ICICIBANK.NS
2023-08-02,963.1058959960938,970.0831205780985,953.8841903765009,961.4469550572353,15787996,ICICIBANK.NS
2023-08-03,941.6862182617188,959.2513497940618,936.8557951782072,952.9571657495217,30994707,ICICIBANK.NS
2023-08-04,947.0533447265625,952.4204682670015,938.0268187721877,945.248063359922,20582882,ICICIBANK.NS
2023-08-07,952.078857421875,957.7875008210797,944.8088334046981,947.492394919989,16686062,ICICIBANK.NS
2023-08-08,956.2262573242188,962.7643418978649,948.8098327986035,952.1764948847944,23784778,ICICIBANK.NS
2023-08-09,957.0133056640625,959.5713515147028,948.0600250851338,959.2270199754856,19317331,ICICIBANK.NS
2023-08-10,948.552001953125,957.9480378042437,943.9770282120568,955.8818683285078,24858441,ICICIBANK.NS
2023-08-11,937.4833984375,947.961670292414,934.679384304923,947.8633070091408,17162177,ICICIBANK.NS
2023-08-14,944.0753784179688,947.3713891844818,930.7439105257865,933.6955296923587,19026691,ICICIBANK.NS
2023-08-16,941.0745239257812,944.3212928136318,931.3341572113877,939.0575962871804,17930805,ICICIBANK.NS
2023-08-17,936.3027954101562,942.353578529597,931.1866436309263,941.5173104722998,27077611,ICICIBANK.NS
2023-08-18,935.3189086914062,939.5987322998694,930.7438751368339,932.6132578915899,13257508,ICICIBANK.NS
2023-08-21,939.7955322265625,943.8293876376395,933.1052076187755,935.368103582327,13358017,ICICIBANK.NS
2023-08-22,936.6471557617188,941.5173394326239,933.9906864820573,940.9762212582668,16872719,ICICIBANK.NS
2023-08-23,951.2576293945312,952.4382890585223,934.5317876320523,938.6148847885249,14707331,ICICIBANK.NS
2023-08-24,953.3237915039062,966.5568958657866,951.159258811673,956.8165287761593,28389740,ICICIBANK.NS
2023-08-25,954.7504272460938,956.9148999052287,944.7149101731643,947.4205610479281,10275758,ICICIBANK.NS
2023-08-28,954.8980102539062,959.2762574905711,949.4867082885748,954.3077104234818,10481574,ICICIBANK.NS
2023-08-29,952.1431274414062,961.4899212525077,950.0770180929742,957.6036107629861,13209913,ICICIBANK.NS
2023-08-30,943.4359130859375,960.1617553156957,939.992357332752,954.7996350612804,13936165,ICICIBANK.NS
2023-08-31,943.2882690429688,950.6181351385301,938.6640537842972,944.5181103324641,36675400,ICICIBANK.NS
2023-09-01,953.0778198242188,957.3576435007852,937.4342145669208,941.4681300358887,16268147,ICICIBANK.NS
2023-09-04,951.7495727539062,953.4221689523384,945.0592480110233,953.0778374045047,9512956,ICICIBANK.NS
2023-09-05,952.7826538085938,954.3568266156637,946.7318107329097,948.551951794262,16623486,ICICIBANK.NS
2023-09-06,942.0584716796875,953.8649486093547,935.466510050454,947.027018710753,30802100,ICICIBANK.NS
2023-09-07,950.0770263671875,953.8649135559165,939.3036045546078,941.9600737763301,13462347,ICICIBANK.NS
2023-09-08,954.8980102539062,959.2762574905711,945.7480025772426,951.8972093560283,13086915,ICICIBANK.NS
2023-09-11,962.4738159179688,966.1633398736982,953.7173217093658,959.2270468470958,7894110,ICICIBANK.NS
2023-09-12,974.5262451171875,979.1012787688176,966.802865781473,974.1326718812546,20959591,ICICIBANK.NS
2023-09-13,973.8375244140625,978.8060712632008,964.7366987806778,973.8375244140625,21997553,ICICIBANK.NS
2023-09-14,971.7714233398438,976.887575209195,966.4093032080317,976.2972153487822,11464188,ICICIBANK.NS
2023-09-15,976.44482421875,981.4133711300916,972.6568769312493,974.3786547753372,13307980,ICICIBANK.NS
2023-09-18,974.2311401367188,980.1835602868862,971.3778841717555,974.132716797775,16713222,ICICIBANK.NS
2023-09-20,971.2302856445312,979.9375379402288,964.8351109491382,965.7205606456862,25741856,ICICIBANK.NS
2023-09-21,943.8294067382812,966.6552735540002,942.0092656124872,964.1464092816628,19742813,ICICIBANK.NS
2023-09-22,934.9744873046875,945.403576994813,932.1212916735981,941.0745118327471,12701888,ICICIBANK.NS
2023-09-25,940.9269409179688,945.6987611069428,926.3164505561931,934.9745211428321,8997098,ICICIBANK.NS
2023-09-26,933.4003295898438,943.4850278666348,931.8260967551563,943.4850278666348,10521409,ICICIBANK.NS
2023-09-27,927.890625,931.2358173022473,919.3309777310822,931.0390306872603,15152973,ICICIBANK.NS
2023-09-28,927.398681640625,931.973715189207,919.6753024788718,930.2519374097601,25991282,ICICIBANK.NS
2023-09-29,936.5487670898438,940.5826225175415,928.4809961836039,931.4326152919225,10447334,ICICIBANK.NS
2023-10-03,925.1358032226562,936.2535565130627,923.8567802867412,936.2535565130627,11131636,ICICIBANK.NS
2023-10-04,915.0510864257812,920.4132063725941,910.0825397056649,919.9212698646451,17334739,ICICIBANK.NS
2023-10-05,925.6769409179688,928.7269834227375,919.4785526739939,920.1180941808709,10478856,ICICIBANK.NS
2023-10-06,929.9568481445312,931.2850527835039,922.8729499513662,930.743934599139,6355755,ICICIBANK.NS
2023-10-09,923.4632568359375,926.8576310013959,921.2003607425811,925.0866714522842,6725306,ICICIBANK.NS
2023-10-10,935.8600463867188,942.0584345201288,925.184987886715,925.2342295793238,11452715,ICICIBANK.NS
2023-10-11,937.7293701171875,946.5350458326664,935.4172924942318,939.5003896293223,12233117,ICICIBANK.NS
2023-10-12,938.86083984375,944.6164730548359,933.105206632664,937.4833935799946,7836818,ICICIBANK.NS
2023-10-13,935.9584350585938,941.9600967877449,929.317291867472,934.6302304407079,6650442,ICICIBANK.NS
2023-10-16,936.056884765625,939.4511988960326,930.8915510270158,933.2036287753874,5763024,ICICIBANK.NS
2023-10-17,938.5165405273438,945.4528336239722,936.1552211514996,939.9923501245347,7747527,ICICIBANK.NS
2023-10-18,928.5301513671875,935.3188991432158,923.9551178593193,933.892271271344,12000153,ICICIBANK.NS
2023-10-19,920.6591796875,929.7600051345846,918.9374019002138,920.9051479428266,8612676,ICICIBANK.NS
2023-10-20,917.7075805664062,924.8406601258879,915.0019296990167,916.9696757843909,6586576,ICICIBANK.NS
2023-10-23,914.9527587890625,929.5632496240031,910.4761484024964,926.8084170823352,11856890,ICICIBANK.NS
2023-10-25,901.3260498046875,918.7406142727789,896.7018946503207,911.1155983660612,12593434,ICICIBANK.NS
2023-10-26,893.9962768554688,901.8180196143733,884.5018778394127,899.5551235944749,21693345,ICICIBANK.NS
2023-10-27,898.0301513671875,903.3430900053108,896.6035233948352,901.227738868632,8645505,ICICIBANK.NS
2023-10-30,909.9841918945312,911.3615781096987,893.553500239537,894.4389499383923,7687791,ICICIBANK.NS
2023-10-31,900.5881958007812,915.9858334554681,899.3583544561848,914.3132372166475,17211107,ICICIBANK.NS
2023-11-01,899.3091430664062,902.8018803593627,894.63574611152,899.0631748056227,12927203,ICICIBANK.NS
2023-11-02,905.114013671875,909.8857738877014,898.0792974270889,905.2123769553756,9747311,ICICIBANK.NS
2023-11-03,918.7406616210938,919.4293847809116,911.8535501246075,913.5753279987291,7146961,ICICIBANK.NS
2023-11-06,930.2028198242188,932.4657159085782,922.2826535035373,925.8245725876783,10338367,ICICIBANK.NS
2023-11-07,932.8099975585938,935.122135214151,915.4446745754223,928.3825689148798,15704942,ICICIBANK.NS
2023-11-08,920.6591796875,933.1543790682605,919.035765182007,933.1543790682605,17606074,ICICIBANK.NS
2023-11-09,922.2333374023438,927.1527024283356,917.953513850068,918.9373868552664,9406117,ICICIBANK.NS
2023-11-10,923.4632568359375,926.2673311686412,917.3632917279805,919.8229744492044,9560455,ICICIBANK.NS
2023-11-13,919.3801879882812,925.7261812013599,916.9696869940611,925.7261812013599,11470096,ICICIBANK.NS
2023-11-15,925.9229125976562,929.169741735814,923.6108349273643,929.169741735814,19492138,ICICIBANK.NS
2023-11-16,920.9051513671875,930.9406682319986,918.9374053172576,923.8567704420823,19706373,ICICIBANK.NS
2023-11-17,906.9833374023438,923.2664842460193,905.3108012759441,911.6075526979567,10956653,ICICIBANK.NS
2023-11-20,906.58984375,911.8043589612981,902.7035331502466,907.1309619231906,10562301,ICICIBANK.NS
2023-11-21,911.164794921875,913.0833593528811,907.1309394932731,909.4922588007951,8989572,ICICIBANK.NS
2023-11-22,907.8688354492188,910.2793363749666,899.9978512350831,908.3607719626023,12197979,ICICIBANK.NS
2023-11-23,908.1148071289062,910.4268847301861,903.6873784917665,908.1148071289062,5534614,ICICIBANK.NS
2023-11-24,914.41162109375,915.3954941269687,905.3599771779697,906.639000110985,7452002,ICICIBANK.NS
2023-11-28,910.5745239257812,916.0350074399643,906.8358182796372,913.9197163754527,14231987,ICICIBANK.NS
2023-11-29,924.4470825195312,925.9228920765872,911.0664332225615,915.8874351292822,11680078,ICICIBANK.NS
2023-11-30,919.8721313476562,925.6769463830785,913.2309881790077,923.8076235957443,23950292,ICICIBANK.NS
2023-12-01,931.4326171875,936.6471322793062,917.9535445552444,920.8559820278334,16986046,ICICIBANK.NS
2023-12-04,975.2149658203125,978.8060663731462,945.8955613418391,948.1584573156929,33131257,ICICIBANK.NS
2023-12-05,997.1061401367188,999.3690361088786,979.002852257751,986.3327183845934,31378461,ICICIBANK.NS
2023-12-06,987.0706176757812,999.8609670700351,984.1189985847997,997.6472527517989,18786590,ICICIBANK.NS
2023-12-07,982.88916015625,986.037565872625,972.2141617664823,980.2818725979603,11841945,ICICIBANK.NS
2023-12-08,994.5480346679688,996.5157807404588,977.2318932503937,978.4617345457,16116363,ICICIBANK.NS
2023-12-11,1000.697265625,1003.5505215202488,988.4480940647678,990.8585350218602,11714606,ICICIBANK.NS
2023-12-12,999.3198852539062,1004.5344004940981,992.3343504540468,1000.6972715159467,12380856,ICICIBANK.NS
2023-12-13,997.5488891601562,1004.2392137541405,992.9246739088817,998.43433885667,15887040,ICICIBANK.NS
2023-12-14,1016.9804077148438,1023.2279775961745,1004.7803578077819,1005.7642308631628,16317672,ICICIBANK.NS
2023-12-15,1020.6699829101562,1026.8683114091973,1009.1585955233128,1026.8191898149773,14306067,ICICIBANK.NS
2023-12-18,1004.9771728515625,1013.3400340079713,1001.5827987043302,1013.3400340079713,8592711,ICICIBANK.NS
2023-12-19,999.0739135742188,1008.9618258446333,996.2698393148889,1008.9618258446333,10094256,ICICIBANK.NS
2023-12-20,990.415771484375,1005.5181978922636,985.8407380509277,1005.5181978922636,16490281,ICICIBANK.NS
2023-12-21,988.2020874023438,994.5972620458951,973.2472054564856,980.4786481484716,18064916,ICICIBANK.NS
2023-12-22,978.2649536132812,993.2690175032114,975.6084843898132,986.775479446596,20881976,ICICIBANK.NS
2023-12-26,979.052001953125,981.4133211823217,973.9359103746029,978.8552753930608,14339699,ICICIBANK.NS
2023-12-27,986.0867919921875,988.6940796680807,976.002092947119,981.856149768816,12996468,ICICIBANK.NS
2023-12-28,989.6779174804688,995.3843691168538,982.9875327507294,991.7440268494004,24915990,ICICIBANK.NS
2023-12-29,980.5278930664062,992.2851884492294,977.6746971487394,987.8577595641297,12280140,ICICIBANK.NS
2024-01-01,983.28271484375,988.6447747328209,975.0181575005023,975.5592756483813,7683792,ICICIBANK.NS
2024-01-02,966.4092407226562,981.5609087309073,964.4414947501999,980.9213672695223,16263825,ICICIBANK.NS
2024-01-03,968.1802978515625,972.06660854976,959.3746217254817,968.8198393775264,16826752,ICICIBANK.NS
2024-01-04,971.2302856445312,973.1980317046522,966.0649522367138,970.4923808719859,22789140,ICICIBANK.NS
2024-01-05,977.6746215820312,982.2004134055409,967.9342547673281,972.0665334175308,14875499,ICICIBANK.NS
2024-01-08,966.1632690429688,982.1020233733977,964.4906729621558,977.9697448357546,8393164,ICICIBANK.NS
2024-01-09,963.9495849609375,978.9536484165683,959.6697613726194,970.3447595485834,14660414,ICICIBANK.NS
2024-01-10,977.0350952148438,978.9044779822007,958.5874760008375,958.5874760008375,9409181,ICICIBANK.NS
2024-01-11,975.165771484375,982.3972141884088,970.9350694416869,979.2488085023233,6451345,ICICIBANK.NS
2024-01-12,987.3165893554688,992.432741141072,975.7560812090544,978.7568819517846,12255743,ICICIBANK.NS
2024-01-15,993.5641479492188,995.3351674307465,983.1351179289786,987.3165782754367,12388044,ICICIBANK.NS
2024-01-16,992.777099609375,999.4182427672283,988.3988524803248,989.8746620709588,11505126,ICICIBANK.NS
2024-01-17,965.9173583984375,991.5472391168444,960.9979931914172,971.9682016234104,41914771,ICICIBANK.NS
2024-01-18,970.443115234375,978.2649176405237,954.5044205813539,958.2431259931632,17902484,ICICIBANK.NS
2024-01-19,983.0859375,994.5972638899035,971.6237927511231,975.3133165907817,23271148,ICICIBANK.NS
2024-01-23,1012.45458984375,1042.3151122922168,1004.7311505255955,1042.0199023424595,50797448,ICICIBANK.NS
2024-01-24,983.0859375,1019.2432110778104,980.5770732992008,1012.8480364224022,34578943,ICICIBANK.NS
2024-01-25,993.66259765625,998.7295078271164,972.214177202352,982.2988759526587,28315035,ICICIBANK.NS
2024-01-29,1000.0086059570312,1015.3570017302902,993.7117943290631,1003.5505249659846,14078922,ICICIBANK.NS
2024-01-30,1000.5005493164062,1007.338419115052,991.7440549694523,998.5819848189448,16085742,ICICIBANK.NS
2024-01-31,1011.569091796875,1022.2440902784828,987.070629039353,1000.4020967435955,25627447,ICICIBANK.NS
2024-02-01,1008.617431640625,1017.2754419939521,1000.9924158779978,1017.2754419939521,13058880,ICICIBANK.NS
2024-02-02,1007.4859619140625,1033.0666601657867,1005.1738843616477,1020.3746743205556,14774650,ICICIBANK.NS
2024-02-05,1006.9940795898438,1009.8964570838909,995.7779026556566,1006.0102065272255,12948430,ICICIBANK.NS
2024-02-06,1009.8472900390625,1018.2102106949073,1000.3037097510473,1007.0432159063025,12886927,ICICIBANK.NS
2024-02-07,1005.6658935546875,1014.9143245344969,996.6634308450767,1011.4215270569979,16410895,ICICIBANK.NS
2024-02-08,973.3456420898438,1011.6675111981591,969.3609680602832,1007.5844138284667,20565502,ICICIBANK.NS
2024-02-09,994.4005126953125,997.401313514954,969.6068995994941,972.9028503266528,12799837,ICICIBANK.NS
2024-02-12,980.0359497070312,995.8763423051639,969.3609508231015,994.1053827736114,8050066,ICICIBANK.NS
2024-02-13,1003.3536987304688,1010.4868382114652,984.1681747459204,989.7762629977263,18706292,ICICIBANK.NS
2024-02-14,1006.2069702148438,1018.997259686499,991.3012696355923,993.2690157159769,17878720,ICICIBANK.NS
2024-02-15,1000.2545776367188,1010.0933083072188,990.3666052721892,1006.3545426117516,10069878,ICICIBANK.NS
2024-02-16,1006.7481079101562,1009.650485394361,1000.5005380040549,1006.6989262673613,7159395,ICICIBANK.NS
2024-02-19,1026.91748046875,1029.1311947979043,1006.8464465307476,1006.8464465307476,9388255,ICICIBANK.NS
2024-02-20,1031.8369140625,1035.6740431744663,1016.5868810060339,1024.2611392299666,11293528,ICICIBANK.NS
2024-02-21,1034.9852294921875,1046.8409480440782,1031.0989789005582,1039.7571099701715,15946325,ICICIBANK.NS
2024-02-22,1045.5618896484375,1048.808718901475,1023.5232284095382,1038.969987954932,13432573,ICICIBANK.NS
2024-02-23,1044.1844482421875,1052.7440951810236,1040.5932878224016,1052.7440951810236,13142759,ICICIBANK.NS
2024-02-26,1037.198974609375,1045.1684428055735,1033.5586921778424,1036.116738219057,7875941,ICICIBANK.NS
2024-02-27,1043.10205078125,1049.0052884655845,1029.6230394426907,1033.8044994690943,10580973,ICICIBANK.NS
2024-02-28,1029.327880859375,1047.6771362637548,1025.3432672847086,1045.8569952406344,7730332,ICICIBANK.NS
2024-02-29,1035.231201171875,1043.5941223069317,1021.7521880889905,1026.22885861961,20944844,ICICIBANK.NS
2024-03-01,1069.37158203125,1072.3723226042753,1037.0021364831193,1037.986009477885,14909562,ICICIBANK.NS
2024-03-04,1074.733642578125,1077.3409300364494,1062.6811983836533,1063.5667080999103,11424581,ICICIBANK.NS
2024-03-05,1070.5030517578125,1081.768349420518,1059.139270715041,1068.682790650156,9222544,ICICIBANK.NS
2024-03-06,1079.4071044921875,1095.5918883060335,1062.878109231162,1062.878109231162,21796484,ICICIBANK.NS
2024-03-07,1070.4046630859375,1077.3410163000535,1065.2393294461426,1077.2917746056637,9963926,ICICIBANK.NS
2024-03-11,1061.3038330078125,1070.4046589090813,1059.3853285611954,1070.4046589090813,13310362,ICICIBANK.NS
2024-03-12,1059.483642578125,1077.1442354316735,1038.625582496139,1059.6804892440682,21785435,ICICIBANK.NS
2024-03-13,1066.4691162109375,1072.0772645081547,1055.8433596138777,1059.77885170946,24855870,ICICIBANK.NS
2024-03-14,1066.124755859375,1079.4070413229927,1057.7127137934276,1062.5828370894137,14231421,ICICIBANK.NS
2024-03-15,1062.9271240234375,1068.7319984843327,1052.744062948894,1054.711808860948,66192734,ICICIBANK.NS
2024-03-18,1063.763427734375,1067.3054665763489,1042.9546100970365,1057.7127049329833,8769440,ICICIBANK.NS
2024-03-19,1066.4691162109375,1071.1917547663113,1057.9094689437209,1061.0578145795118,16708715,ICICIBANK.NS
2024-03-20,1067.01025390625,1072.4215553322383,1050.2844131350132,1062.582825466805,18725251,ICICIBANK.NS
2024-03-21,1064.3538818359375,1082.2603227720363,1061.7465943107402,1074.3893386064215,19992607,ICICIBANK.NS
2024-03-22,1072.716796875,1076.061869046459,1061.303773813482,1063.7143347625467,17214415,ICICIBANK.NS
2024-03-26,1066.22314453125,1071.585324555275,1059.58200164128,1063.5667354159368,13367635,ICICIBANK.NS
2024-03-27,1066.2724609375,1074.8813504721743,1062.1402420015347,1066.223219242338,26907245,ICICIBANK.NS
2024-03-28,1075.66845703125,1087.2289654055658,1067.5022626495677,1067.5022626495677,22070566,ICICIBANK.NS
2024-04-01,1081.916015625,1085.162724605495,1076.7998037410023,1078.3740966909645,10848191,ICICIBANK.NS
2024-04-02,1063.763427734375,1076.7997448394613,1061.844923446375,1076.7997448394613,14380396,ICICIBANK.NS
2024-04-03,1059.8280029296875,1066.1740561722456,1054.9578793659232,1057.663530257279,15477184,ICICIBANK.NS
2024-04-04,1061.451416015625,1068.2894057744195,1046.2997470246664,1067.2562910312008,21419689,ICICIBANK.NS
2024-04-05,1065.9281005859375,1068.4861465296663,1050.235253168432,1052.7441775200211,15340637,ICICIBANK.NS
2024-04-08,1069.6175537109375,1074.1433454810406,1058.9425557038237,1060.9594232885527,8023461,ICICIBANK.NS
2024-04-09,1089.19677734375,1097.264488826385,1070.749156482513,1074.3401972621416,12298463,ICICIBANK.NS
2024-04-10,1091.5087890625,1098.5435054120717,1087.3273285870816,1093.0337202336968,10598000,ICICIBANK.NS
2024-04-12,1086.5894775390625,1093.9192841060571,1078.1281928847723,1085.703967727192,12216657,ICICIBANK.NS
2024-04-15,1060.95947265625,1088.3111913118553,1059.2376948297706,1082.4570746408115,10526597,ICICIBANK.NS
2024-04-16,1049.8416748046875,1057.2698434841036,1045.5617314093265,1053.2852301148173,11278092,ICICIBANK.NS
2024-04-18,1038.4287109375,1060.664336843005,1033.5093459321554,1056.6796031480021,16564216,ICICIBANK.NS
2024-04-19,1050.0384521484375,1054.7118488668307,1031.1972603055262,1035.9690203029174,11284433,ICICIBANK.NS
2024-04-22,1069.1256103515625,1071.1424779233496,1053.0884325476727,1061.4022313877736,10346714,ICICIBANK.NS
2024-04-23,1072.6676025390625,1082.2603648639933,1065.239312903183,1082.2603648639933,9848215,ICICIBANK.NS
2024-04-24,1079.062744140625,1080.686158658188,1071.4377281688085,1074.6353155118281,5461309,ICICIBANK.NS
2024-04-25,1095.78857421875,1107.4966871577883,1072.3723483406734,1072.4215900322672,19905338,ICICIBANK.NS
2024-04-26,1090.032958984375,1101.9377986819404,1084.9659888361693,1094.2144193811591,14190059,ICICIBANK.NS
2024-04-29,1141.4403076171875,1144.6870165205935,1090.032942347235,1090.1313056288498,28578063,ICICIBANK.NS
2024-04-30,1131.8475341796875,1150.6887263324581,1128.2563736745785,1141.2434493596547,29568491,ICICIBANK.NS
2024-05-02,1121.0740966796875,1136.8653071432534,1114.9741318218018,1124.5668940413143,25118334,ICICIBANK.NS
2024-05-03,1123.6322021484375,1138.734628603609,1117.1385442991193,1122.8942974020772,19933604,ICICIBANK.NS
2024-05-06,1127.813720703125,1139.767682131019,1119.7458896646774,1123.1403237344898,14970524,ICICIBANK.NS
2024-05-07,1113.6458740234375,1134.1596020771042,1108.1362092373274,1129.4369636309043,15097728,ICICIBANK.NS
2024-05-08,1104.889404296875,1113.7442614996105,1098.0515348309932,1108.3822015675178,19913090,ICICIBANK.NS
2024-05-09,1097.7071533203125,1110.6451084134283,1092.0991247743116,1102.4790338657724,12229853,ICICIBANK.NS
2024-05-10,1099.035400390625,1110.6942716080541,1094.1160353113987,1099.9700317150034,8573656,ICICIBANK.NS
2024-05-13,1109.808837890625,1112.4161255815404,1088.8522931770124,1094.4604418124766,9707983,ICICIBANK.NS
2024-05-14,1102.47900390625,1109.7104468669584,1100.5112577889583,1107.7427007496667,8944262,ICICIBANK.NS
2024-05-15,1106.2176513671875,1109.612085486358,1095.5426526828924,1104.003936981434,10743423,ICICIBANK.NS
2024-05-16,1112.8095703125,1118.220871645328,1094.8538886172073,1114.7280745625576,14265565,ICICIBANK.NS
2024-05-17,1112.2684326171875,1125.5507181902365,1102.528065843281,1112.8096108108375,8641784,ICICIBANK.NS
2024-05-21,1102.8724365234375,1115.5153011731006,1098.2482812745363,1104.1022778238569,10452900,ICICIBANK.NS
2024-05-22,1093.1812744140625,1107.742642963088,1080.3909253188892,1106.857133236162,17527411,ICICIBANK.NS
2024-05-23,1116.2039794921875,1118.6636621265907,1093.4765359706398,1097.5596331640875,13787687,ICICIBANK.NS
2024-05-24,1113.6949462890625,1116.6958068503454,1106.0208092809664,1111.7764420624583,6312670,ICICIBANK.NS
2024-05-27,1111.579833984375,1129.2895491082788,1103.4628812192523,1113.6459433951586,11599857,ICICIBANK.NS
2024-05-28,1108.775634765625,1116.8925870555686,1106.8571304468578,1114.2361779831701,9311718,ICICIBANK.NS
2024-05-29,1084.2281494140625,1105.4306626270395,1080.7845935856149,1097.067741329381,19268547,ICICIBANK.NS
2024-05-30,1095.7393798828125,1102.9217012680538,1079.2103845207203,1079.308747806472,15255387,ICICIBANK.NS
2024-05-31,1102.970947265625,1112.366862972861,1093.328943190512,1099.970086377496,26197718,ICICIBANK.NS
2024-06-03,1141.292724609375,1154.0830741093077,1117.974981638635,1151.1314549939386,25699977,ICICIBANK.NS
2024-06-04,1054.1707763671875,1140.70248686833,1036.5595441020037,1139.2266772303517,43476837,ICICIBANK.NS
2024-06-05,1090.7708740234375,1105.1353964425034,1034.0998107211954,1067.5022525173526,42172104,ICICIBANK.NS
2024-06-06,1092.4925537109375,1099.9699641517404,1078.9150588855664,1099.9699641517404,18574162,ICICIBANK.NS
2024-06-07,1103.6103515625,1110.104009770429,1085.8022733872265,1092.4926581643756,17197635,ICICIBANK.NS
2024-06-10,1105.676513671875,1114.9248236920885,1097.1167466019742,1098.0022563128857,10851455,ICICIBANK.NS
2024-06-11,1100.166748046875,1110.8418662508757,1093.0829104393374,1101.691799247928,12250002,ICICIBANK.NS
2024-06-12,1101.4951171875,1115.1217348604168,1094.0668276461688,1102.9216850641683,16096514,ICICIBANK.NS
2024-06-13,1089.4918212890625,1105.0861854460427,1087.1797435922592,1104.1023123749185,12494254,ICICIBANK.NS
2024-06-14,1087.8192138671875,1096.0345294527124,1081.719129164698,1096.0345294527124,11377979,ICICIBANK.NS
2024-06-18,1104.7418212890625,1116.7451444635597,1083.4409459075023,1095.9853271941342,18306176,ICICIBANK.NS
2024-06-19,1125.993408203125,1146.75322461017,1107.9886043418487,1109.75950368303,34309514,ICICIBANK.NS
2024-06-20,1138.1444091796875,1141.2927549457575,1117.1878648628515,1135.4387582520144,15475933,ICICIBANK.NS
2024-06-21,1139.964599609375,1151.0331720647125,1132.0936147522461,1144.7856018547059,69259425,ICICIBANK.NS
2024-06-24,1151.2298583984375,1156.6904019928488,1134.0613213197169,1136.0290674652065,12210295,ICICIBANK.NS
2024-06-25,1178.6307373046875,1186.550963835312,1148.819454304172,1151.3775003551193,27309845,ICICIBANK.NS
2024-06-26,1198.357421875,1203.1291823342124,1174.59686276576,1182.6154524579229,25403461,ICICIBANK.NS
2024-06-27,1200.226806640625,1215.0832662808862,1189.600929226802,1208.5404862113423,20516632,ICICIBANK.NS
2024-06-28,1180.2540283203125,1207.2121725758393,1177.0564410661386,1207.2121725758393,12507092,ICICIBANK.NS
2024-07-01,1192.3065185546875,1195.7500741919466,1172.8259044392062,1180.25407382428,8636894,ICICIBANK.NS
2024-07-02,1171.3992919921875,1197.37356592243,1166.430804884834,1197.37356592243,16153925,ICICIBANK.NS
2024-07-03,1182.2218017578125,1196.24199235147,1160.428990253299,1177.54840489326,22330897,ICICIBANK.NS
2024-07-04,1213.115478515625,1215.033982934888,1194.7171004020095,1209.179986290108,15275791,ICICIBANK.NS
2024-07-05,1213.509033203125,1222.5606171427328,1201.1613784936928,1205.2444756355717,9535575,ICICIBANK.NS
2024-07-08,1215.1324462890625,1219.5106332770943,1197.2751265898385,1209.0816030717467,6617190,ICICIBANK.NS
2024-07-09,1228.1195068359375,1230.038011199292,1209.4751610015549,1215.0339475267522,13366874,ICICIBANK.NS
2024-07-10,1223.1510009765625,1232.5470372074883,1216.4114942007566,1232.5470372074883,18226503,ICICIBANK.NS
2024-07-11,1218.4775390625,1237.5155787915146,1205.2937361837155,1226.2501602309792,11307116,ICICIBANK.NS
2024-07-12,1213.01708984375,1232.6945505595163,1210.2621973028672,1215.9687089511149,12208290,ICICIBANK.NS
2024-07-15,1210.1146240234375,1218.4775450466864,1204.309869041595,1213.213848187686,15612671,ICICIBANK.NS
2024-07-16,1219.9041748046875,1224.9219031587354,1209.1799349253702,1210.1638079399554,12320605,ICICIBANK.NS
2024-07-18,1230.136474609375,1236.187197550179,1211.8363405098085,1214.984806208363,10999632,ICICIBANK.NS
2024-07-19,1228.51318359375,1230.333324828054,1220.2486254442174,1223.9381496090357,7958817,ICICIBANK.NS
2024-07-22,1221.134033203125,1225.2171302912695,1213.0170807189304,1220.002555200142,9958965,ICICIBANK.NS
2024-07-23,1206.96630859375,1228.5131532036169,1192.9461171142627,1221.1341050565184,19369832,ICICIBANK.NS
2024-07-24,1203.2767333984375,1213.7550053424823,1182.6646411572679,1205.2444794873966,20122521,ICICIBANK.NS
2024-07-25,1178.58154296875,1198.6033353860112,1171.3992217096722,1186.0589540798987,14154461,ICICIBANK.NS
2024-07-26,1187.7314453125,1200.3250678353813,1166.824143926023,1170.808877642708,19309265,ICICIBANK.NS
2024-07-29,1193.1427001953125,1222.708130922957,1184.7306583803272,1195.5532610278044,28458261,ICICIBANK.NS
2024-07-30,1189.9451904296875,1211.0000973333736,1184.976703679443,1193.4379877337221,23972277,ICICIBANK.NS
2024-07-31,1195.3074951171875,1204.9002581785046,1191.4703658723204,1199.341350948273,22297629,ICICIBANK.NS
2024-08-01,1190.584716796875,1202.9323712314479,1187.4363711753606,1192.946036063854,8725046,ICICIBANK.NS
2024-08-02,1177.25341796875,1182.271146810082,1170.9073643473816,1177.69611282763,10735395,ICICIBANK.NS
2024-08-05,1153.689453125,1169.7266310287719,1148.1797883580148,1162.937883324056,14306771,ICICIBANK.NS
2024-08-06,1148.0322265625,1168.5459553164283,1142.768529846995,1156.0508158159441,13575619,ICICIBANK.NS
2024-08-07,1153.5419921875,1160.7735557051485,1142.8669928495083,1159.9371674712932,15753644,ICICIBANK.NS
2024-08-08,1145.818603515625,1155.4606080648502,1140.210574811538,1148.13068131111,10806438,ICICIBANK.NS
2024-08-09,1152.70556640625,1161.9047548052447,1150.1475206629223,1157.5758097480823,8687307,ICICIBANK.NS
2024-08-12,1163.8199462890625,1169.228167312303,1147.1485350418181,1162.0336803927066,10860455,ICICIBANK.NS
2024-08-13,1159.4039306640625,1180.143923785119,1154.6903013699869,1174.1402001247322,13117927,ICICIBANK.NS
2024-08-14,1152.7552490234375,1161.090954297597,1144.1714580038308,1158.0642597488902,13431801,ICICIBANK.NS
2024-08-16,1178.1591796875,1183.8651517095705,1156.7245959708455,1161.0412636212889,10961370,ICICIBANK.NS
2024-08-19,1166.8961181640625,1186.5941018157116,1164.3160506791048,1181.8804727263328,6686394,ICICIBANK.NS
2024-08-20,1170.4189453125,1180.6897926432184,1161.041352076898,1165.2091443736933,10427061,ICICIBANK.NS
2024-08-21,1165.8541259765625,1169.625077755297,1156.178781920312,1167.9876876109618,17234142,ICICIBANK.NS
2024-08-22,1181.979736328125,1183.468250844818,1167.5907626667606,1172.9494391539793,8564142,ICICIBANK.NS
2024-08-23,1194.2847900390625,1195.7733045260243,1179.449310773257,1183.8651886303296,7518309,ICICIBANK.NS
2024-08-26,1204.009765625,1205.647034605679,1191.8535643266057,1196.3191076607097,10920226,ICICIBANK.NS
2024-08-27,1216.9598388671875,1223.0627726699063,1199.6435016150756,1204.0098351320562,16295325,ICICIBANK.NS
2024-08-28,1214.47900390625,1217.009527109644,1207.9792296829603,1213.2882407138438,12291305,ICICIBANK.NS
2024-08-29,1212.5439453125,1225.5436144859966,1207.681440347739,1209.6164607584685,10806748,ICICIBANK.NS
2024-08-30,1219.7879638671875,1226.0894388087463,1209.5669036760319,1220.5818867193016,21211148,ICICIBANK.NS
2024-09-02,1220.5322265625,1229.7113993287953,1213.1393196536237,1229.5129791826912,12516759,ICICIBANK.NS
2024-09-03,1238.1463623046875,1241.371477184039,1211.055469999512,1217.8033299887798,19114907,ICICIBANK.NS
2024-09-04,1226.88330078125,1234.176997942738,1223.3605556490777,1230.3565014424944,13505843,ICICIBANK.NS
2024-09-05,1226.486328125,1235.3182053814185,1221.8720299114532,1228.5206798050983,9142811,ICICIBANK.NS
2024-09-06,1198.899169921875,1224.4520011114125,1195.7732653744783,1216.5628019074484,10170479,ICICIBANK.NS
2024-09-09,1225.5435791015625,1228.8183593866072,1191.2580807218426,1193.6893937018356,13863250,ICICIBANK.NS
2024-09-10,1227.8260498046875,1231.844966297702,1217.6048683884173,1227.4786328440832,15545130,ICICIBANK.NS
2024-09-11,1226.88330078125,1229.8107854485313,1217.009535927106,1222.0704612349368,11993242,ICICIBANK.NS
2024-09-12,1242.5623779296875,1247.3752175091806,1216.9598787103319,1228.520699503871,15376442,ICICIBANK.NS
2024-09-13,1240.7760009765625,1246.333097348584,1232.5396270556282,1242.4133910945052,9877288,ICICIBANK.NS
2024-09-16,1253.1802978515625,1255.9092410243197,1235.169248684242,1241.4210578615323,8973335,ICICIBANK.NS
2024-09-17,1258.39013671875,1262.508384404533,1248.7644580527592,1250.302517024621,11513121,ICICIBANK.NS
2024-09-18,1278.485107421875,1285.4315085718288,1252.3368930345305,1252.3368930345305,12466597,ICICIBANK.NS
2024-09-19,1282.107177734375,1290.0459218689532,1275.5080724453824,1278.4851014958492,13172268,ICICIBANK.NS
2024-09-20,1328.201416015625,1351.9184375163336,1281.6606270608918,1285.0841618950908,73257767,ICICIBANK.NS
2024-09-23,1311.7781982421875,1321.60241788708,1298.4807781970735,1320.80849505564,11380409,ICICIBANK.NS
2024-09-24,1308.50341796875,1321.2054564579635,1305.377513381459,1310.8850653274296,13886037,ICICIBANK.NS
2024-09-25,1313.7132568359375,1317.583418764573,1300.0685405806087,1300.7135877579847,8728019,ICICIBANK.NS
2024-09-26,1318.87353515625,1323.1405374478413,1306.8165432729581,1309.892782398436,11100869,ICICIBANK.NS
2024-09-27,1296.5953369140625,1322.793216287465,1293.8663936696585,1322.793216287465,17117379,ICICIBANK.NS
2024-09-30,1263.252685546875,1286.870498271365,1261.168789397214,1282.2064133181361,12622212,ICICIBANK.NS
2024-10-01,1264.6419677734375,1270.4471502080723,1257.8939867892805,1260.0772141126831,10972413,ICICIBANK.NS
2024-10-03,1246.7301025390625,1256.0581509565811,1238.5929384016897,1244.0011592918727,17648551,ICICIBANK.NS
2024-10-04,1230.2572021484375,1254.7184806872842,1226.734336136113,1237.5508987809962,13488887,ICICIBANK.NS
2024-10-07,1224.4520263671875,1253.2795172340534,1215.6201496244253,1232.0434743858432,20667247,ICICIBANK.NS
2024-10-08,1227.13134765625,1238.245662101406,1220.3338222332038,1231.4976811477177,12219259,ICICIBANK.NS
2024-10-09,1234.62353515625,1255.4130720043904,1223.2115909568488,1233.5319821121263,14765997,ICICIBANK.NS
2024-10-10,1233.978515625,1245.0927087268437,1228.520629146562,1237.2036303622588,9118195,ICICIBANK.NS
2024-10-11,1213.635498046875,1231.299252032795,1212.6431550394777,1227.528300150437,8472512,ICICIBANK.NS
2024-10-14,1222.3184814453125,1228.4214150784755,1208.0783837250117,1211.6507942721546,11833929,ICICIBANK.NS
2024-10-15,1245.8865966796875,1248.6652054451272,1225.9405272443164,1229.4632721003522,11657338,ICICIBANK.NS
2024-10-16,1233.6312255859375,1245.340800313192,1232.0930454805564,1238.9402364127245,7869727,ICICIBANK.NS
2024-10-17,1221.8223876953125,1247.3255557801638,1215.024861988864,1239.8829828601924,8459497,ICICIBANK.NS
2024-10-18,1254.8177490234375,1259.1840825393742,1215.8682854811916,1218.547563181441,11018126,ICICIBANK.NS
2024-10-21,1249.4095458984375,1262.607635574402,1240.9746301061532,1254.8177669815936,7742775,ICICIBANK.NS
2024-10-22,1257.7947998046875,1275.0615928812024,1250.1041412654479,1256.9016668439735,20090801,ICICIBANK.NS
2024-10-23,1242.0164794921875,1258.2412633793258,1233.5320194899548,1251.3445279562577,14055447,ICICIBANK.NS
2024-10-24,1243.15771484375,1250.7987076222266,1231.547349996325,1240.6768573006573,12223031,ICICIBANK.NS
2024-10-25,1245.8370361328125,1259.184122863092,1224.7497462785968,1237.6998715609657,13546055,ICICIBANK.NS
2024-10-28,1282.95068359375,1297.7862848220739,1270.794481272672,1275.6569864282283,24096412,ICICIBANK.NS
2024-10-29,1321.6519775390625,1325.1251779791885,1289.3016205238707,1291.3855165608227,20656117,ICICIBANK.NS
2024-10-30,1302.1029052734375,1320.7093367177222,1295.6030101013187,1313.8621457191011,15055031,ICICIBANK.NS
2024-10-31,1282.355224609375,1308.8507339009743,1278.6836040126998,1297.2403694104125,23497314,ICICIBANK.NS
2024-11-01,1281.90869140625,1286.2749035463628,1276.4011394929669,1280.0727600114117,1007022,ICICIBANK.NS
2024-11-04,1267.42041015625,1281.908714624808,1260.3252547322475,1280.221658871375,14309121,ICICIBANK.NS
2024-11-05,1286.7711181640625,1291.3359928673021,1253.4284176295798,1263.2526375453915,16431920,ICICIBANK.NS
2024-11-06,1292.3779296875,1304.9310933295442,1282.8017951557133,1290.2940335374446,12037405,ICICIBANK.NS
2024-11-07,1268.908935546875,1292.824498565034,1265.4854006783698,1287.2177364325325,9909035,ICICIBANK.NS
2024-11-08,1249.2109375,1265.2373008714958,1243.108003939261,1260.2755859661174,11195808,ICICIBANK.NS
2024-11-11,1259.5810546875,1266.1304944492979,1237.1044608620273,1252.3369021242906,8387780,ICICIBANK.NS
2024-11-12,1260.8709716796875,1285.084164724792,1254.817703702316,1266.3785236970411,13486168,ICICIBANK.NS
2024-11-13,1244.100341796875,1266.477724382224,1240.4287212362626,1260.8709623351128,12260404,ICICIBANK.NS
2024-11-14,1247.325439453125,1257.993126310203,1233.5319691696748,1244.149990424334,9506892,ICICIBANK.NS
2024-11-18,1243.852294921875,1252.9322576721884,1239.8333784208526,1250.3521900785158,6195554,ICICIBANK.NS
2024-11-19,1239.53564453125,1251.3445507199667,1231.3488145998942,1247.4248442373848,11537317,ICICIBANK.NS
2024-11-21,1240.974609375,1247.2759633109613,1223.1124350544421,1238.9899233393824,9593870,ICICIBANK.NS
2024-11-22,1268.2640380859375,1271.588362957257,1246.3828261628269,1248.3675121917486,11604338,ICICIBANK.NS
2024-11-25,1290.9886474609375,1301.160163762971,1280.1225394754547,1286.0765977985961,22717581,ICICIBANK.NS
2024-11-26,1294.9580078125,1304.1868465830694,1292.4771502005863,1300.5647702425501,7646955,ICICIBANK.NS
2024-11-27,1290.740478515625,1300.812784090288,1287.9123252215186,1288.5573723920809,21938082,ICICIBANK.NS
2024-11-28,1276.5003662109375,1300.4654733696732,1272.4814498292426,1291.0878806767676,22803745,ICICIBANK.NS
2024-11-29,1290.1451416015625,1293.2710463550777,1273.275310189296,1273.275310189296,11397228,ICICIBANK.NS
2024-12-02,1294.6602783203125,1300.5151260626694,1279.2789623057151,1289.946649219065,9626400,ICICIBANK.NS
2024-12-03,1298.381591796875,1302.747925178162,1286.1757245707627,1293.9655928118616,11509276,ICICIBANK.NS
2024-12-04,1305.9730224609375,1309.8927287632168,1291.7328038420255,1292.625936747851,11570281,ICICIBANK.NS
2024-12-05,1326.2664794921875,1332.6174992065928,1298.5800843127004,1306.171532833215,19210697,ICICIBANK.NS
2024-12-06,1318.5758056640625,1336.7852761002946,1316.5414539912906,1332.2205223736623,8942672,ICICIBANK.NS
2024-12-09,1312.1751708984375,1318.8734860133875,1310.1408193352056,1311.9766296210685,8000764,ICICIBANK.NS
2024-12-10,1320.2626953125,1321.8008754160685,1305.1791301734115,1308.9004164217674,8218214,ICICIBANK.NS
2024-12-11,1317.3353271484375,1321.0566133833202,1305.9233826947975,1314.5567183054773,8138066,ICICIBANK.NS
2024-12-12,1319.0718994140625,1328.4991576758143,1311.4309069614158,1311.4309069614158,9076896,ICICIBANK.NS
2024-12-13,1334.6021728515625,1336.8349446817394,1303.4425773055236,1315.201818050664,13536684,ICICIBANK.NS
2024-12-16,1335.7928466796875,1340.1095143687996,1329.7892443970975,1334.6020835708346,9071006,ICICIBANK.NS
2024-12-17,1323.5374755859375,1337.7775734016686,1315.8964829440192,1331.7243053318298,9879257,ICICIBANK.NS
2024-12-18,1304.087646484375,1324.728309292061,1297.4388753521955,1315.1026301384318,8510595,ICICIBANK.NS
2024-12-19,1277.0462646484375,1293.0229631431896,1274.614951552865,1276.1531316977298,11517304,ICICIBANK.NS
2024-12-20,1278.5347900390625,1287.8131731856893,1262.657301485049,1274.1187908536028,58491181,ICICIBANK.NS
2024-12-23,1286.8704833984375,1296.992333800165,1277.1951389037538,1284.736921667357,6827512,ICICIBANK.NS
2024-12-24,1287.3170166015625,1294.5115036860577,1280.3706152786017,1286.8705106850512,7138516,ICICIBANK.NS
2024-12-26,1287.4161376953125,1302.6982437766815,1279.3285182011693,1296.9922716557783,7338444,ICICIBANK.NS
2024-12-27,1297.5382080078125,1305.8737927483876,1288.6071205266592,1288.6071205266592,4756066,ICICIBANK.NS
2024-12-30,1284.7369384765625,1316.343040012265,1279.576681997175,1294.957999087405,14207425,ICICIBANK.NS
2024-12-31,1271.83642578125,1280.0727999714104,1270.2982456823183,1277.0462265132433,8449607,ICICIBANK.NS
2025-01-01,1273.8211669921875,1283.0995501851953,1257.3978412327829,1271.8364809130148,4705399,ICICIBANK.NS
2025-01-02,1280.7178955078125,1283.4965044573805,1268.6113589467466,1275.26000882058,7433222,ICICIBANK.NS
2025-01-03,1255.363525390625,1278.1377481475479,1252.5849166143184,1276.3514823434055,11194997,ICICIBANK.NS
2025-01-06,1254.4207763671875,1267.9662826986646,1247.3751652140256,1258.3406039432266,7504047,ICICIBANK.NS
2025-01-07,1269.454833984375,1279.0805130186131,1256.8024602237333,1256.8024602237333,7539758,ICICIBANK.NS
2025-01-08,1254.073486328125,1275.1607754157394,1242.7607517198803,1270.7448974492877,7566309,ICICIBANK.NS
2025-01-09,1252.73388671875,1255.0658686519982,1238.543332692866,1248.3675530849682,8684920,ICICIBANK.NS
2025-01-10,1240.2799072265625,1255.264262696962,1233.5815917988612,1249.359870144571,7854524,ICICIBANK.NS
2025-01-13,1220.3338623046875,1234.4250851207983,1215.5210227528514,1225.4444532249365,9669336,ICICIBANK.NS
2025-01-14,1230.8031005859375,1235.3181886617992,1218.0513958245872,1223.9062438907645,10342698,ICICIBANK.NS
2025-01-15,1228.7686767578125,1234.8716102214069,1220.5818472942535,1224.551219155373,5355382,ICICIBANK.NS
2025-01-16,1239.53564453125,1245.8866640990627,1230.1580514277643,1235.56627244332,11895924,ICICIBANK.NS
2025-01-17,1216.066650390625,1239.4363759086416,1208.6737436803246,1233.8296138721637,9790533,ICICIBANK.NS
2025-01-20,1223.50927734375,1232.2419443689244,1205.944854354206,1214.5286456993424,7676418,ICICIBANK.NS
2025-01-21,1186.9910888671875,1229.4632960558952,1183.567432878532,1227.4786100806577,20520898,ICICIBANK.NS
2025-01-22,1191.258056640625,1198.2541229556057,1182.6743869540314,1191.8038937223043,10377123,ICICIBANK.NS
2025-01-23,1192.5482177734375,1198.6511515402387,1176.9188152937772,1188.0826742078204,8770650,ICICIBANK.NS
2025-01-24,1199.941162109375,1208.6738293636251,1192.7963406363526,1193.8878937592276,9216792,ICICIBANK.NS
2025-01-27,1218.547607421875,1225.1963785798748,1183.9644761399952,1185.8499521739243,16164687,ICICIBANK.NS
2025-01-28,1237.3525390625,1254.3215805212242,1226.535975889425,1237.7990449684048,18066499,ICICIBANK.NS
2025-01-29,1242.066162109375,1246.1844098592185,1233.5320363858045,1242.4134579383835,7666777,ICICIBANK.NS
2025-01-30,1245.98583984375,1250.203297570973,1230.0091418571585,1240.428743300886,11921041,ICICIBANK.NS
2025-01-31,1243.2073974609375,1246.3828467053002,1229.6122252573796,1244.8943321590757,10195417,ICICIBANK.NS
2025-02-01,1245.936279296875,1251.6917959101459,1224.3528194419691,1241.5699459496786,3011914,ICICIBANK.NS
2025-02-03,1243.40576171875,1250.3521626222068,1228.3221967826344,1237.3028281264465,6176831,ICICIBANK.NS
2025-02-04,1258.4893798828125,1270.6952475836679,1250.3522155059911,1253.1308244391428,14839077,ICICIBANK.NS
2025-02-05,1257.9931640625,1267.966259598702,1255.462762111137,1260.4740215455731,6840709,ICICIBANK.NS
2025-02-06,1262.6572265625,1269.2066659752802,1253.5275985042942,1265.2372940723083,8396554,ICICIBANK.NS
2025-02-07,1247.2760009765625,1265.2373859141799,1239.9823038025354,1262.2603567708522,7382039,ICICIBANK.NS
2025-02-10,1252.9322509765625,1255.3138984101563,1239.7837061908433,1247.5735745348811,5740361,ICICIBANK.NS
2025-02-11,1243.15771484375,1252.188012073483,1238.8410469458931,1246.2339539700604,6586627,ICICIBANK.NS
2025-02-12,1242.2149658203125,1260.0274734986122,1235.119689428972,1247.5735208959845,8809352,ICICIBANK.NS
2025-02-13,1239.337158203125,1256.3061987457909,1236.3601292961446,1242.9592342670746,7263785,ICICIBANK.NS
2025-02-14,1250.451416015625,1253.8254065127483,1234.9212235163006,1242.5126718509223,10368438,ICICIBANK.NS
2025-02-17,1241.5699462890625,1248.5163471638045,1223.8069826822411,1241.5699462890625,8386151,ICICIBANK.NS
2025-02-18,1233.531982421875,1247.9705000138076,1227.5779245772142,1243.3065364897366,8135042,ICICIBANK.NS
2025-02-19,1251.9896240234375,1254.7681118615644,1220.8300282561831,1225.3947820253827,10683412,ICICIBANK.NS
2025-02-20,1240.379150390625,1254.3216187366877,1237.203701075922,1245.7378271028595,8398849,ICICIBANK.NS
2025-02-21,1223.50927734375,1235.1693078219741,1215.173692889092,1231.5968971791747,7786428,ICICIBANK.NS
2025-02-24,1209.0211181640625,1222.467414805944,1200.9831637697991,1217.3071583182455,11522480,ICICIBANK.NS
2025-02-25,1214.7767333984375,1222.2193060560244,1211.6508286551266,1217.2079253456668,11059417,ICICIBANK.NS
2025-02-27,1213.0897216796875,1225.3947998146707,1209.1203494513463,1215.769120615194,12008162,ICICIBANK.NS
2025-02-28,1194.8802490234375,1215.620243112648,1190.9108768010287,1206.6891556122284,20215075,ICICIBANK.NS
2025-03-03,1196.964111328125,1207.6814644794808,1194.929880803104,1201.2312348006667,8158881,ICICIBANK.NS
2025-03-04,1201.1319580078125,1207.334101585249,1197.0137104452713,1197.9068433475454,9574490,ICICIBANK.NS
2025-03-05,1206.391357421875,1216.5628733470458,1202.0251450551775,1207.6814517983407,9052846,ICICIBANK.NS
2025-03-06,1208.7235107421875,1218.5476101118768,1199.7427576093883,1218.5476101118768,11949475,ICICIBANK.NS
2025-03-07,1205.250244140625,1208.5249033729367,1197.0634143564148,1201.8265880949464,6620284,ICICIBANK.NS
2025-03-10,1205.5478515625,1216.4140799337886,1198.7503263397664,1198.7503263397664,7363437,ICICIBANK.NS
2025-03-11,1235.864013671875,1238.4440812807522,1207.8798680000234,1207.8798680000234,10927950,ICICIBANK.NS
2025-03-12,1234.425048828125,1242.3637929723905,1225.8413786306357,1237.4020778822246,11548372,ICICIBANK.NS
2025-03-13,1240.4783935546875,1245.9858244254206,1235.7647643884725,1241.4707365370484,8132940,ICICIBANK.NS
2025-03-17,1259.2833251953125,1264.1953748180651,1245.1424367918191,1247.4248742515454,11164812,ICICIBANK.NS
2025-03-18,1259.2833251953125,1259.2833251953125,1259.2833251953125,1259.2833251953125,0,ICICIBANK.NS
2025-03-19,1303.0455322265625,1308.2057883620175,1292.1794251380722,1295.6029599370165,11278014,ICICIBANK.NS
2025-03-20,1311.5797119140625,1314.1102350516276,1301.0113557334153,1309.8927772461004,10886735,ICICIBANK.NS
2025-03-21,1332.81591796875,1338.6707661545943,1301.5571120874529,1305.923445707521,60494318,ICICIBANK.NS
2025-03-24,1347.750732421875,1362.4870024308004,1334.7510627437973,1345.5675050388625,9352280,ICICIBANK.NS
2025-03-25,1333.4112548828125,1353.3574463042776,1319.8658696966822,1348.5941513991709,16419207,ICICIBANK.NS
2025-03-26,1325.6710205078125,1347.6017762925185,1321.304687138062,1333.7586400786652,10859639,ICICIBANK.NS
2025-03-27,1326.415283203125,1341.1515523929718,1322.9420827344788,1322.9420827344788,15109614,ICICIBANK.NS
2025-03-28,1338.025634765625,1347.5521031600986,1317.0375564815454,1325.7702231722565,8266544,ICICIBANK.NS
2025-04-01,1308.3546142578125,1341.995067068455,1305.328040709696,1329.739654923708,14288024,ICICIBANK.NS
2025-04-02,1321.056640625,1327.705290380845,1312.026343402594,1312.026343402594,8042214,ICICIBANK.NS
2025-04-03,1319.3697509765625,1322.7932860458366,1311.1332552048473,1311.8278468858045,4591008,ICICIBANK.NS
2025-04-04,1325.07568359375,1328.3007984100484,1311.9766830431024,1319.3697112264526,8648542,ICICIBANK.NS
2025-04-07,1277.6912841796875,1314.854481252151,1255.3139009690346,1285.3322768617725,19185012,ICICIBANK.NS
2025-04-08,1289.9466552734375,1300.0189606799747,1277.4927025037578,1289.8969896705237,13085762,ICICIBANK.NS
2025-04-09,1290.83984375,1295.106846037701,1274.6646041339118,1294.9579703581671,13005622,ICICIBANK.NS
2025-04-11,1301.606689453125,1314.8544439632922,1295.1067945023049,1295.1067945023049,13064247,ICICIBANK.NS
2025-04-15,1339.8614501953125,1343.9301533432258,1325.9686484021752,1340.655373037739,15202603,ICICIBANK.NS
2025-04-16,1346.0140380859375,1349.2886972283168,1332.6174078978706,1346.6094196449503,14039073,ICICIBANK.NS
2025-04-17,1395.9288330078125,1398.112060263163,1349.6856739861041,1351.5711498907554,17490424,ICICIBANK.NS
2025-04-21,1399.0052490234375,1425.004587897116,1393.9442026732427,1425.004587897116,16882426,ICICIBANK.NS
2025-04-22,1405.6539306640625,1407.9363681338637,1388.1887172069748,1401.9823098324273,16135274,ICICIBANK.NS
2025-04-23,1413.493408203125,1418.9512947601793,1400.4937389943566,1418.0581618237188,13990764,ICICIBANK.NS
2025-04-24,1391.95947265625,1410.3178180904442,1388.0894318786184,1405.4554343163697,15678099,ICICIBANK.NS
2025-04-25,1394.04345703125,1403.966886762009,1377.769008045682,1399.2035920369979,11705093,ICICIBANK.NS
2025-04-28,1417.8597412109375,1424.0122194189871,1393.0511659597357,1394.8373106964493,10948561,ICICIBANK.NS
2025-04-29,1418.85205078125,1427.2869661678633,1411.7071085959242,1417.8597077945897,10786910,ICICIBANK.NS
2025-04-30,1416.073486328125,1422.7221360927958,1389.2802248488963,1422.0275444346203,14192027,ICICIBANK.NS
2025-05-02,1419.149658203125,1435.5233172200462,1413.6917718641512,1415.9742091510598,8842434,ICICIBANK.NS
2025-05-05,1418.455078125,1435.7218701832576,1415.081087769954,1428.9738894731652,4565705,ICICIBANK.NS
2025-05-06,1420.63818359375,1422.7220796211836,1409.5239906903596,1418.0581160771362,6301690,ICICIBANK.NS
2025-05-07,1424.4091796875,1430.9586193213472,1410.119416127347,1414.0887881642996,10480453,ICICIBANK.NS
2025-05-08,1424.5084228515625,1437.8058437113664,1415.1803741209164,1427.5846620245352,15306490,ICICIBANK.NS
2025-05-09,1378.2652587890625,1409.0278927234135,1376.379782804671,1404.3638078003796,13491197,ICICIBANK.NS
2025-05-12,1437.4088134765625,1441.8743569081432,1393.249550653154,1398.6082269981746,9925445,ICICIBANK.NS
2025-05-13,1419.6458740234375,1436.8134564073198,1416.4704248722041,1429.0731325397105,12475424,ICICIBANK.NS
2025-05-14,1415.279541015625,1429.6685145448027,1406.4477852062123,1418.9512828044426,8026837,ICICIBANK.NS
2025-05-15,1439.6912841796875,1445.3475908699352,1404.6615275498752,1414.9819190581854,18209264,ICICIBANK.NS
2025-05-16,1442.86669921875,1447.5306627908633,1435.920298328426,1442.172107583965,6439208,ICICIBANK.NS
2025-05-19,1437.905029296875,1448.5230511072755,1432.7448940711074,1435.4241717584057,6005334,ICICIBANK.NS
2025-05-20,1427.1876220703125,1447.8284044606678,1424.5083444847762,1439.0957378026826,11352383,ICICIBANK.NS
2025-05-21,1433.637939453125,1440.1875004165765,1427.485461067875,1431.8517946649677,5510460,ICICIBANK.NS
2025-05-22,1431.057861328125,1434.2334317099203,1416.867428660744,1430.0655182967434,7245933,ICICIBANK.NS
2025-05-23,1438.698974609375,1440.6836606711147,1423.4168677068544,1431.1570706662649,5203706,ICICIBANK.NS
2025-05-26,1449.4161376953125,1460.331910515487,1443.8590412139838,1446.8360701649403,5608725,ICICIBANK.NS
2025-05-27,1435.324951171875,1451.7978208795425,1424.7068083036186,1441.3782192942826,14842959,ICICIBANK.NS
2025-05-28,1442.6683349609375,1446.836127202333,1431.454810349359,1436.5157355383742,8618343,ICICIBANK.NS
2025-05-29,1445.3475341796875,1451.698553407669,1433.9355900375203,1445.4467442494526,15545514,ICICIBANK.NS
2025-05-30,1434.7296142578125,1449.7139699197687,1433.2410996992944,1448.7216268807567,11803975,ICICIBANK.NS
2025-06-02,1439.3935546875,1448.8208134048605,1421.8291316367724,1430.9586389930196,9458990,ICICIBANK.NS
2025-06-03,1426.8900146484375,1443.8590556109682,1421.035166759386,1443.7598455387374,11167345,ICICIBANK.NS
2025-06-04,1420.0428466796875,1429.0731438395549,1415.4780930628378,1426.3938661679927,8025388,ICICIBANK.NS
2025-06-05,1443.66064453125,1447.8284366760695,1416.3712120373557,1419.9436226094324,11385668,ICICIBANK.NS
2025-06-06,1448.5230712890625,1450.2101271201,1431.0578582020253,1437.5080878919146,11580994,ICICIBANK.NS
2025-06-09,1423.8138427734375,1455.5688200651953,1422.4245382897982,1453.7825541382838,11022031,ICICIBANK.NS
2025-06-10,1412.0048828125,1430.660858582463,1405.6538633679,1427.9815809293386,12905272,ICICIBANK.NS
2025-06-11,1420.0428466796875,1423.5160472131458,1407.737769134025,1410.9133394459884,7136877,ICICIBANK.NS
2025-06-12,1414.2872314453125,1425.5007560873705,1409.127096167119,1419.5466979345517,7953247,ICICIBANK.NS
2025-06-13,1405.2569580078125,1410.6156346634868,1392.8526699787633,1392.8526699787633,7573103,ICICIBANK.NS
2025-06-16,1415.9742431640625,1418.0581392255135,1403.3714144517853,1405.7530618658518,5451137,ICICIBANK.NS
2025-06-17,1412.302490234375,1418.8520508551696,1406.9439350146247,1415.9742319665809,6970098,ICICIBANK.NS
2025-06-18,1401.78369140625,1421.0351697486842,1399.402043989603,1406.150024814166,6751745,ICICIBANK.NS
2025-06-19,1400.4937744140625,1403.8676438261634,1393.9442134714564,1397.2189939427594,8849883,ICICIBANK.NS
2025-06-20,1416.1727294921875,1422.3253290273638,1399.4021078732494,1400.4937821267788,12408178,ICICIBANK.NS
2025-06-23,1409.226318359375,1412.3025575376569,1401.0891539348067,1406.1500791810931,5514384,ICICIBANK.NS
2025-06-24,1413.1956787109375,1424.9053748687675,1405.6538959425357,1416.7680893764307,11188438,ICICIBANK.NS
2025-06-25,1414.8826904296875,1417.9589294864209,1404.463088984364,1411.1117385952273,7527388,ICICIBANK.NS
2025-06-26,1428.080810546875,1436.4165161110168,1410.814017835929,1413.8903780949927,13617435,ICICIBANK.NS
2025-06-27,1451.00390625,1454.774858156496,1426.0961208320166,1427.882386711014,22532899,ICICIBANK.NS
2025-06-30,1434.7296142578125,1450.706312958781,1431.2564136212704,1450.6071028820047,6325073,ICICIBANK.NS
2025-07-01,1421.03515625,1436.5156826077227,1418.653508855977,1434.6302067068036,7761449,ICICIBANK.NS
2025-07-02,1416.867431640625,1439.8897415628453,1411.707175185214,1421.2336440793872,13372280,ICICIBANK.NS
2025-07-03,1414.98193359375,1435.027214103107,1412.798706272776,1421.1344118511029,10177738,ICICIBANK.NS
2025-07-04,1431.7525634765625,1433.3402880878325,1410.2186471744621,1416.0734952431667,5066503,ICICIBANK.NS
2025-07-07,1424.706787109375,1429.8670433562065,1418.6535190770169,1425.9968814549877,5177477,ICICIBANK.NS
2025-07-08,1430.9586181640625,1433.935647189369,1419.050502062836,1421.035188079707,5315847,ICICIBANK.NS
2025-07-09,1420.93603515625,1427.683895203639,1415.6765685457565,1425.2030375827696,8827347,ICICIBANK.NS
2025-07-10,1413.1956787109375,1427.981614021397,1411.2109926594833,1425.7985078190466,7795964,ICICIBANK.NS
2025-07-11,1411.0125732421875,1417.0658414751456,1403.7684206963636,1411.111783317687,7158015,ICICIBANK.NS
2025-07-14,1412.1041259765625,1413.9896019530586,1405.2569348701418,1413.9896019530586,5846154,ICICIBANK.NS
2025-07-15,1419.844482421875,1422.8215115677394,1408.134785993891,1410.218682168871,6041457,ICICIBANK.NS
2025-07-16,1415.4781494140625,1418.25663727007,1408.2339967016344,1415.081187967311,5649093,ICICIBANK.NS
2025-07-17,1407.8370361328125,1412.3025798563917,1398.7075285299677,1410.1194736013367,12927394,ICICIBANK.NS
2025-07-18,1414.8826904296875,1418.0581395587762,1397.7151081655259,1404.9592604817603,11297246,ICICIBANK.NS
2025-07-21,1454.576416015625,1456.4617708047458,1425.9968891975022,1436.9126621837045,13867136,ICICIBANK.NS
2025-07-22,1462.316650390625,1470.6523559877205,1458.4464883845856,1462.8128219007424,8930165,ICICIBANK.NS
2025-07-23,1477.2017822265625,1478.5910866693491,1461.3242940475627,1471.5454755170424,11974174,ICICIBANK.NS
2025-07-24,1472.0416259765625,1477.3009711792895,1466.782159638216,1476.3086281822896,6700578,ICICIBANK.NS
2025-07-25,1465.789794921875,1488.5144734435703,1462.31659448384,1488.5144734435703,8696077,ICICIBANK.NS
2025-07-28,1477.00341796875,1482.3620946590604,1465.7898930637602,1465.7898930637602,7507479,ICICIBANK.NS
2025-07-29,1474.8201904296875,1478.3927223132807,1464.1029581857863,1468.5685019046516,9776027,ICICIBANK.NS
2025-07-30,1471.04931640625,1477.1025845983731,1465.9883912336757,1476.308661728485,7238625,ICICIBANK.NS
2025-07-31,1470.0570068359375,1483.0566764606926,1452.7902136757805,1458.6450618514623,12406146,ICICIBANK.NS
2025-08-01,1460.3319091796875,1473.7285394467383,1458.5457644921182,1469.0645758820863,4416771,ICICIBANK.NS
2025-08-04,1451.9962158203125,1467.4768633867377,1450.1108610461113,1465.492177404952,6140054,ICICIBANK.NS
2025-08-05,1433.3402099609375,1450.3092505192255,1429.96621963613,1441.8743352750153,14799343,ICICIBANK.NS
2025-08-06,1432.54638671875,1442.866778550362,1430.561700640964,1431.2564134495642,7805252,ICICIBANK.NS
2025-08-07,1429.271728515625,1436.8135113901221,1418.1574137897542,1430.0655302659995,7432535,ICICIBANK.NS
2025-08-08,1424.9053955078125,1436.5157606227415,1421.0352334242946,1434.8288259088201,5415511,ICICIBANK.NS
2025-08-11,1425.5999755859375,1427.3862414978396,1409.5240669213151,1416.9666396615337,8492484,ICICIBANK.NS
2025-08-12,1422.0,1433.800048828125,1420.0999755859375,1431.0,5913947,ICICIBANK.NS
2025-08-13,1420.800048828125,1427.699951171875,1415.199951171875,1424.5999755859375,9009465,ICICIBANK.NS
2025-08-14,1427.300048828125,1431.0999755859375,1412.0,1412.0,7577793,ICICIBANK.NS
2025-08-18,1434.5999755859375,1452.4000244140625,1431.0,1450.0,6908844,ICICIBANK.NS
2025-08-19,1436.300048828125,1438.5,1426.300048828125,1431.0999755859375,6709554,ICICIBANK.NS
2025-08-20,1430.5999755859375,1435.9000244140625,1423.0,1432.5999755859375,5817858,ICICIBANK.NS
2025-08-21,1446.0,1447.800048828125,1436.4000244140625,1440.0999755859375,6238645,ICICIBANK.NS
2025-08-22,1436.4000244140625,1446.0,1429.4000244140625,1444.300048828125,6657207,ICICIBANK.NS
2025-08-25,1433.199951171875,1435.9000244140625,1424.0,1435.9000244140625,6738427,ICICIBANK.NS
2025-08-26,1416.5999755859375,1427.9000244140625,1413.0999755859375,1427.9000244140625,8720155,ICICIBANK.NS
2025-08-28,1399.0999755859375,1411.800048828125,1396.300048828125,1408.0,12990789,ICICIBANK.NS
2025-08-29,1397.800048828125,1405.0,1392.0999755859375,1392.0999755859375,8519507,ICICIBANK.NS
2025-09-01,1411.0,1412.4000244140625,1398.0999755859375,1398.0999755859375,4927348,ICICIBANK.NS
2025-09-02,1394.199951171875,1413.9000244140625,1390.0,1413.9000244140625,7163073,ICICIBANK.NS
2025-09-03,1397.0,1400.0,1384.199951171875,1389.0,9813382,ICICIBANK.NS
2025-09-04,1405.5,1415.0999755859375,1401.9000244140625,1409.9000244140625,10564859,ICICIBANK.NS
2025-09-05,1402.800048828125,1411.5,1387.699951171875,1411.0,6621077,ICICIBANK.NS
2025-09-08,1402.699951171875,1410.5999755859375,1397.5999755859375,1402.199951171875,5880943,ICICIBANK.NS
2025-09-09,1403.699951171875,1407.5,1395.199951171875,1399.0,6470679,ICICIBANK.NS
2025-09-10,1403.9000244140625,1413.699951171875,1402.0999755859375,1410.0,7452347,ICICIBANK.NS
2025-09-11,1401.5999755859375,1408.0,1396.0,1398.0,10192026,ICICIBANK.NS
2025-09-12,1417.699951171875,1419.699951171875,1400.0999755859375,1405.0999755859375,7770038,ICICIBANK.NS
2025-09-15,1419.4000244140625,1426.800048828125,1416.300048828125,1422.0,5845637,ICICIBANK.NS
2025-09-16,1421.5999755859375,1424.9000244140625,1413.699951171875,1414.0,8213151,ICICIBANK.NS
2025-09-17,1419.199951171875,1426.0999755859375,1416.4000244140625,1420.0999755859375,7484283,ICICIBANK.NS
2025-09-18,1421.699951171875,1432.800048828125,1415.300048828125,1431.0999755859375,8130537,ICICIBANK.NS
2025-09-19,1402.199951171875,1418.0,1400.199951171875,1416.0999755859375,13457344,ICICIBANK.NS
2025-09-22,1401.5,1409.9000244140625,1397.199951171875,1403.9000244140625,8847948,ICICIBANK.NS
2025-09-23,1394.300048828125,1403.300048828125,1391.0,1391.0,12827524,ICICIBANK.NS
2025-09-24,1382.699951171875,1390.9000244140625,1376.5,1386.4000244140625,9735678,ICICIBANK.NS
2025-09-25,1375.800048828125,1391.5,1371.800048828125,1377.0,21613389,ICICIBANK.NS
2025-09-26,1359.5999755859375,1372.699951171875,1357.0,1368.0,18342280,ICICIBANK.NS
2025-09-29,1348.0999755859375,1366.5,1346.199951171875,1359.5999755859375,20563163,ICICIBANK.NS
2025-09-30,1348.0,1356.5999755859375,1342.5999755859375,1353.699951171875,20166871,ICICIBANK.NS
2025-10-01,1372.0,1379.4000244140625,1347.0999755859375,1348.0,20952632,ICICIBANK.NS
2025-10-03,1365.199951171875,1371.9000244140625,1361.300048828125,1371.9000244140625,12163695,ICICIBANK.NS
2025-10-06,1363.4000244140625,1372.5999755859375,1359.0999755859375,1371.0,14314283,ICICIBANK.NS
2025-10-07,1375.9000244140625,1383.0999755859375,1363.5999755859375,1363.5999755859375,16126464,ICICIBANK.NS
2025-10-08,1370.300048828125,1381.5999755859375,1364.300048828125,1372.300048828125,8100832,ICICIBANK.NS
2025-10-09,1376.199951171875,1378.699951171875,1365.0999755859375,1369.800048828125,7909575,ICICIBANK.NS
2025-10-10,1380.300048828125,1385.0,1370.300048828125,1370.300048828125,7673816,ICICIBANK.NS
2025-10-13,1379.4000244140625,1386.4000244140625,1373.0999755859375,1373.0999755859375,8923018,ICICIBANK.NS
2025-10-14,1384.0999755859375,1389.0,1375.0999755859375,1389.0,10610855,ICICIBANK.NS
2025-10-15,1398.4000244140625,1400.4000244140625,1385.5,1386.5,8988550,ICICIBANK.NS
2025-10-16,1417.300048828125,1418.9000244140625,1399.4000244140625,1401.0,12185032,ICICIBANK.NS
2025-10-17,1436.5999755859375,1439.5999755859375,1410.9000244140625,1412.0,17037215,ICICIBANK.NS
2025-10-20,1390.300048828125,1445.0,1389.199951171875,1442.0,23330227,ICICIBANK.NS
2025-10-21,1382.0,1387.5999755859375,1375.9000244140625,1384.5,3415560,ICICIBANK.NS
2025-10-23,1363.699951171875,1389.800048828125,1360.0999755859375,1385.0,21124942,ICICIBANK.NS
2025-10-24,1377.699951171875,1381.5999755859375,1368.0999755859375,1368.0999755859375,10570263,ICICIBANK.NS
2025-10-27,1377.5999755859375,1386.800048828125,1374.0,1382.0999755859375,11499836,ICICIBANK.NS
2025-10-28,1363.0999755859375,1375.800048828125,1356.199951171875,1373.0,26477914,ICICIBANK.NS
2025-10-29,1370.4000244140625,1371.699951171875,1358.4000244140625,1364.5999755859375,16129382,ICICIBANK.NS
2025-10-30,1362.4000244140625,1370.199951171875,1361.300048828125,1362.4000244140625,9324401,ICICIBANK.NS
2025-10-31,1345.300048828125,1362.0,1343.300048828125,1357.0,15926798,ICICIBANK.NS
2025-11-03,1346.4000244140625,1351.5999755859375,1337.9000244140625,1340.5,11071450,ICICIBANK.NS
2025-11-04,1336.9000244140625,1349.800048828125,1333.199951171875,1342.5999755859375,15211183,ICICIBANK.NS
2025-11-06,1320.4000244140625,1342.199951171875,1317.4000244140625,1330.0,24221853,ICICIBANK.NS
2025-11-07,1343.0,1344.300048828125,1318.5999755859375,1320.4000244140625,7719245,ICICIBANK.NS
2025-11-10,1348.0,1349.5999755859375,1341.0,1342.9000244140625,8542340,ICICIBANK.NS
2025-11-11,1358.300048828125,1360.4000244140625,1346.199951171875,1349.0,8305184,ICICIBANK.NS
2025-11-12,1358.9000244140625,1370.0,1355.4000244140625,1370.0,9736761,ICICIBANK.NS
2025-11-13,1385.9000244140625,1390.4000244140625,1358.5,1358.9000244140625,18296626,ICICIBANK.NS
2025-11-14,1373.0,1381.199951171875,1363.199951171875,1374.0,9694498,ICICIBANK.NS
2025-11-17,1379.0,1382.5,1373.5999755859375,1375.0999755859375,7660717,ICICIBANK.NS
2025-11-18,1373.4000244140625,1382.800048828125,1369.0999755859375,1380.199951171875,9529560,ICICIBANK.NS
2025-11-19,1383.0999755859375,1384.0,1371.5999755859375,1373.5,10393918,ICICIBANK.NS
2025-11-20,1383.0,1388.300048828125,1375.4000244140625,1380.0999755859375,10131863,ICICIBANK.NS
2025-11-21,1369.5,1376.0,1364.5999755859375,1373.0,11483595,ICICIBANK.NS
2025-11-24,1368.4000244140625,1377.0,1361.5,1373.300048828125,15896003,ICICIBANK.NS
2025-11-25,1357.800048828125,1376.9000244140625,1354.300048828125,1365.0,12235000,ICICIBANK.NS
2025-11-26,1375.0,1377.0,1359.9000244140625,1360.0,9659004,ICICIBANK.NS
2025-11-27,1392.199951171875,1394.0,1375.699951171875,1379.0,15158741,ICICIBANK.NS
2025-11-28,1388.800048828125,1398.5,1385.5999755859375,1392.0,7683986,ICICIBANK.NS
2025-12-01,1390.0999755859375,1400.0,1385.4000244140625,1394.0,8867593,ICICIBANK.NS
2025-12-02,1373.0,1381.800048828125,1370.5999755859375,1381.800048828125,12126396,ICICIBANK.NS
2025-12-03,1391.5,1394.199951171875,1367.0,1367.0,7955933,ICICIBANK.NS
2025-12-04,1386.699951171875,1391.5999755859375,1379.9000244140625,1387.0,7373909,ICICIBANK.NS
2025-12-05,1392.5,1395.300048828125,1381.0,1381.0,4942638,ICICIBANK.NS
2025-12-08,1389.5999755859375,1394.9000244140625,1383.300048828125,1387.0,7826227,ICICIBANK.NS
2025-12-09,1375.199951171875,1384.300048828125,1373.4000244140625,1379.9000244140625,10492030,ICICIBANK.NS
2025-12-10,1363.5999755859375,1379.4000244140625,1357.9000244140625,1377.9000244140625,8725381,ICICIBANK.NS
2025-12-11,1360.0,1366.5999755859375,1352.800048828125,1363.699951171875,6734750,ICICIBANK.NS
2025-12-12,1366.0,1370.699951171875,1363.300048828125,1368.0,3890885,ICICIBANK.NS
2025-12-15,1365.199951171875,1370.0,1356.0999755859375,1356.0999755859375,5342530,ICICIBANK.NS
2025-12-16,1366.0,1368.699951171875,1355.5,1364.0,12359741,ICICIBANK.NS
2025-12-17,1352.4000244140625,1365.0,1343.0999755859375,1365.0,9440391,ICICIBANK.NS
2025-12-18,1356.800048828125,1369.5,1345.5,1346.300048828125,7314573,ICICIBANK.NS
2025-12-19,1354.0999755859375,1360.4000244140625,1350.800048828125,1354.0,14318512,ICICIBANK.NS
2025-12-22,1368.5,1371.300048828125,1354.800048828125,1358.0,9375294,ICICIBANK.NS
2025-12-23,1363.0,1365.0,1357.0,1361.0999755859375,9105467,ICICIBANK.NS
2025-12-24,1359.800048828125,1368.199951171875,1357.5999755859375,1363.800048828125,8955140,ICICIBANK.NS
2025-12-26,1350.4000244140625,1362.0,1348.5,1356.5,2812144,ICICIBANK.NS
2025-12-29,1343.300048828125,1355.699951171875,1341.5,1352.0999755859375,6057201,ICICIBANK.NS
2025-12-30,1342.5,1347.0999755859375,1338.0999755859375,1343.300048828125,18621277,ICICIBANK.NS
2025-12-31,1342.9000244140625,1350.0,1339.5,1342.800048828125,6150634,ICICIBANK.NS
2026-01-01,1338.0,1348.4000244140625,1336.0,1343.9000244140625,4179311,ICICIBANK.NS
2026-01-02,1355.4000244140625,1356.9000244140625,1336.300048828125,1338.0,8226205,ICICIBANK.NS
2026-01-05,1371.5,1375.5,1352.5999755859375,1354.199951171875,6920565,ICICIBANK.NS
2026-01-06,1411.199951171875,1413.5999755859375,1366.0,1372.0,17260416,ICICIBANK.NS
2026-01-07,1427.699951171875,1429.9000244140625,1404.199951171875,1408.0,15813795,ICICIBANK.NS
2026-01-08,1435.0,1442.199951171875,1423.300048828125,1429.0,14861699,ICICIBANK.NS
2026-01-09,1404.300048828125,1429.5,1401.5,1427.0999755859375,12555636,ICICIBANK.NS
2026-01-12,1413.0999755859375,1424.300048828125,1391.699951171875,1399.9000244140625,10923811,ICICIBANK.NS
2026-01-13,1437.0,1441.800048828125,1411.0999755859375,1420.0,14295581,ICICIBANK.NS
2026-01-14,1418.4000244140625,1443.9000244140625,1414.9000244140625,1425.5999755859375,13832255,ICICIBANK.NS
2026-01-15,1418.4000244140625,1418.4000244140625,1418.4000244140625,1418.4000244140625,0,ICICIBANK.NS
2026-01-16,1410.800048828125,1429.0,1400.199951171875,1417.9000244140625,12530886,ICICIBANK.NS
2026-01-19,1380.5999755859375,1400.0,1360.0,1399.9000244140625,23302883,ICICIBANK.NS
2026-01-20,1375.800048828125,1387.800048828125,1371.5,1374.699951171875,15012785,ICICIBANK.NS
2026-01-21,1349.0,1371.5,1339.5,1367.5,21766068,ICICIBANK.NS
2026-01-22,1345.5,1358.0,1338.0,1355.0999755859375,17179765,ICICIBANK.NS
2026-01-23,1343.4000244140625,1355.199951171875,1335.699951171875,1340.5,14056524,ICICIBANK.NS
2026-01-27,1361.4000244140625,1369.0999755859375,1328.5999755859375,1340.0,25263634,ICICIBANK.NS
2026-01-28,1367.699951171875,1380.4000244140625,1362.5999755859375,1362.5999755859375,13242696,ICICIBANK.NS
2026-01-29,1383.5999755859375,1387.699951171875,1354.4000244140625,1359.0,23118234,ICICIBANK.NS
2026-01-30,1355.0,1381.9000244140625,1353.199951171875,1368.199951171875,24013717,ICICIBANK.NS
2026-02-02,1352.800048828125,1354.4000244140625,1329.0999755859375,1329.9000244140625,12800245,ICICIBANK.NS
2026-02-03,1389.699951171875,1417.0,1373.4000244140625,1412.0,24896698,ICICIBANK.NS
2026-02-04,1408.4000244140625,1414.0,1386.9000244140625,1387.0,11080683,ICICIBANK.NS
2026-02-05,1396.5,1414.0,1393.199951171875,1414.0,8982761,ICICIBANK.NS
2026-02-06,1406.0999755859375,1410.5,1394.699951171875,1396.699951171875,10851190,ICICIBANK.NS
2026-02-09,1396.300048828125,1414.0,1388.800048828125,1413.5,7889742,ICICIBANK.NS
2026-02-10,1406.5,1409.5,1395.5,1401.0,16497628,ICICIBANK.NS
2026-02-11,1406.0999755859375,1413.0,1400.4000244140625,1407.4000244140625,8551341,ICICIBANK.NS
2026-02-12,1430.0,1433.0,1405.300048828125,1406.0999755859375,19646265,ICICIBANK.NS
2026-02-13,1414.5999755859375,1434.4000244140625,1410.699951171875,1425.300048828125,12228083,ICICIBANK.NS
2026-02-16,1411.5999755859375,1414.0,1400.5,1404.0,5000042,ICICIBANK.NS
2026-02-17,1407.5,1413.5999755859375,1393.5999755859375,1406.199951171875,11756187,ICICIBANK.NS
2026-02-18,1408.199951171875,1412.300048828125,1398.9000244140625,1410.0999755859375,4758071,ICICIBANK.NS
2026-02-19,1388.800048828125,1412.300048828125,1384.800048828125,1408.5,14323091,ICICIBANK.NS
2026-02-20,1394.5,1403.699951171875,1384.0,1388.5,10337877,ICICIBANK.NS
2026-02-23,1399.4000244140625,1408.300048828125,1395.300048828125,1400.0,10728445,ICICIBANK.NS
2026-02-24,1384.800048828125,1400.9000244140625,1382.300048828125,1400.9000244140625,18274784,ICICIBANK.NS
2026-02-25,1400.5,1407.4000244140625,1388.199951171875,1391.800048828125,16297015,ICICIBANK.NS
2026-02-26,1404.9000244140625,1410.0,1392.0999755859375,1405.0999755859375,27288792,ICICIBANK.NS
2026-02-27,1378.9000244140625,1402.199951171875,1376.699951171875,1400.0,15096898,ICICIBANK.NS
2026-03-02,1374.0,1379.199951171875,1355.0,1355.0,16928683,ICICIBANK.NS
2026-03-04,1365.4000244140625,1376.0,1326.0,1326.0,20009132,ICICIBANK.NS
2026-03-05,1357.5999755859375,1370.800048828125,1347.5999755859375,1368.9000244140625,17590491,ICICIBANK.NS
2026-03-06,1313.4000244140625,1357.5999755859375,1310.4000244140625,1339.0,22778852,ICICIBANK.NS
2026-03-09,1278.4000244140625,1282.699951171875,1251.0999755859375,1272.699951171875,16116652,ICICIBANK.NS
2026-03-10,1311.9000244140625,1315.0,1285.5999755859375,1287.5999755859375,19136143,ICICIBANK.NS
2026-03-11,1294.5999755859375,1306.5,1290.9000244140625,1300.0,13224259,ICICIBANK.NS
2026-03-12,1266.5,1280.5,1258.300048828125,1275.699951171875,19676187,ICICIBANK.NS
2026-03-13,1254.800048828125,1262.300048828125,1248.699951171875,1251.9000244140625,17344394,ICICIBANK.NS
2026-03-16,1272.9000244140625,1276.800048828125,1240.0999755859375,1255.0,22740688,ICICIBANK.NS
2026-03-17,1288.699951171875,1294.4000244140625,1273.0,1278.9000244140625,22303102,ICICIBANK.NS
2026-03-18,1289.300048828125,1297.0999755859375,1270.800048828125,1286.0,12961135,ICICIBANK.NS
2026-03-19,1250.0999755859375,1285.9000244140625,1243.699951171875,1267.5999755859375,14422899,ICICIBANK.NS
2026-03-20,1245.4000244140625,1274.0,1241.699951171875,1258.4000244140625,16421006,ICICIBANK.NS
2026-03-23,1222.699951171875,1234.9000244140625,1218.0999755859375,1226.5999755859375,17049534,ICICIBANK.NS
2026-03-24,1251.199951171875,1253.9000244140625,1223.699951171875,1237.0999755859375,20617782,ICICIBANK.NS
2026-03-25,1259.699951171875,1272.9000244140625,1254.4000244140625,1258.9000244140625,17290030,ICICIBANK.NS
2026-03-27,1233.800048828125,1260.9000244140625,1230.0999755859375,1256.0,23630905,ICICIBANK.NS
2026-03-30,1205.9000244140625,1222.5999755859375,1200.4000244140625,1216.5,23952775,ICICIBANK.NS
2026-04-01,1212.699951171875,1234.0,1210.0,1228.0999755859375,25472333,ICICIBANK.NS
2026-04-02,1215.800048828125,1222.0999755859375,1187.5999755859375,1196.0,20851722,ICICIBANK.NS
2026-04-06,1231.4000244140625,1234.4000244140625,1200.5,1213.0,10058414,ICICIBANK.NS
2026-04-07,1245.5,1250.4000244140625,1216.5999755859375,1229.0,25600557,ICICIBANK.NS
2026-04-08,1309.199951171875,1333.5,1292.4000244140625,1310.0,25148651,ICICIBANK.NS
2026-04-09,1281.300048828125,1308.0,1275.9000244140625,1299.9000244140625,22923062,ICICIBANK.NS
2026-04-10,1321.9000244140625,1324.0,1288.5,1289.0,18174755,ICICIBANK.NS
2026-04-13,1351.0999755859375,1357.0,1296.699951171875,1304.9000244140625,30572141,ICICIBANK.NS
2026-04-15,1348.0999755859375,1364.800048828125,1338.0,1358.0,23827473,ICICIBANK.NS
2026-04-16,1345.5,1366.9000244140625,1340.199951171875,1352.0,24017236,ICICIBANK.NS
2026-04-17,1346.800048828125,1352.9000244140625,1334.0,1347.0,18151993,ICICIBANK.NS
2026-04-20,1356.199951171875,1376.4000244140625,1353.0,1364.699951171875,21551520,ICICIBANK.NS
2026-04-21,1388.4000244140625,1393.0999755859375,1360.0,1368.0,23312455,ICICIBANK.NS
2026-04-22,1367.5999755859375,1380.0999755859375,1365.0,1380.0,13613487,ICICIBANK.NS
2026-04-23,1348.0,1354.0,1343.5,1348.4000244140625,20111792,ICICIBANK.NS
2026-04-24,1326.199951171875,1348.800048828125,1324.0,1336.300048828125,14056743,ICICIBANK.NS
2026-04-27,1317.0,1335.9000244140625,1310.9000244140625,1327.9000244140625,6468432,ICICIBANK.NS
2021-04-27,1187.1119384765625,1191.073379873036,1179.7612853775233,1184.911137700744,3636115,INFY.NS
2021-04-28,1193.71435546875,1196.7954765927475,1183.6786823155342,1195.4749961110342,4879234,INFY.NS
2021-04-29,1194.022216796875,1205.1582882130215,1189.6646750284053,1204.27796806093,5412357,INFY.NS
2021-04-30,1192.26171875,1209.4720227612527,1184.8230555616503,1185.1752051566957,8354677,INFY.NS
2021-05-03,1190.2371826171875,1198.11600683424,1177.8686386070633,1180.333578593025,4560337,INFY.NS
2021-05-04,1170.2978515625,1192.7899711977664,1165.632110895416,1191.953709880542,4887060,INFY.NS
2021-05-05,1180.9498291015625,1183.0626195761258,1168.8894824782858,1180.5976794456374,3939788,INFY.NS
2021-05-06,1198.64404296875,1201.3730142790157,1177.340335688776,1184.0307481639024,4810090,INFY.NS
2021-05-07,1190.6771240234375,1208.723688040517,1187.1117842454348,1201.9012065218649,4991435,INFY.NS
2021-05-10,1179.23291015625,1190.9851627686044,1175.2714694468525,1188.3001433034078,7195348,INFY.NS
2021-05-11,1171.398193359375,1180.5094866973957,1166.5123728573353,1176.900195068442,6420988,INFY.NS
2021-05-12,1168.1849365234375,1170.8258971937994,1157.1809337302627,1170.8258971937994,5241898,INFY.NS
2021-05-14,1158.8538818359375,1168.0531877125184,1154.3642689557928,1168.0531877125184,4824609,INFY.NS
2021-05-17,1170.2978515625,1175.18356484798,1162.2869581655425,1162.2869581655425,5017129,INFY.NS
2021-05-18,1179.62890625,1183.6783571225492,1170.385545417444,1177.8682660914178,5620150,INFY.NS
2021-05-19,1176.9881591796875,1194.990665077294,1173.6869582844565,1181.389760373329,4435878,INFY.NS
2021-05-20,1179.0130615234375,1187.640136285022,1175.227641118216,1187.0239550381152,4490092,INFY.NS
2021-05-21,1192.3939208984375,1195.0348819635503,1185.2192885126847,1186.2316784131742,4969733,INFY.NS
2021-05-24,1186.7159423828125,1199.8766892029557,1184.1189327608447,1194.2866762296803,4225371,INFY.NS
2021-05-25,1198.64404296875,1204.2781141176345,1192.3497316257221,1195.4749115290554,4099340,INFY.NS
2021-05-26,1230.02734375,1232.4482241903738,1199.0401170975963,1204.1899685422004,6850024,INFY.NS
2021-05-27,1234.4290771484375,1246.7535607141913,1225.141655477,1236.1456586607087,15365391,INFY.NS
2021-05-28,1236.8941650390625,1244.7729892781776,1229.015233338966,1241.0316277474617,4261312,INFY.NS
2021-05-31,1240.1864013671875,1247.0825051236686,1230.6208380920684,1247.0825051236686,4429904,INFY.NS
2021-06-01,1234.35791015625,1246.6374661187112,1226.7500164882556,1245.747646371303,4791325,INFY.NS
2021-06-02,1226.7501220703125,1238.584660557052,1214.6040597487086,1228.6187219765782,9272276,INFY.NS
2021-06-03,1236.5382080078125,1244.858002094692,1225.3264993342227,1235.1589437566838,5115645,INFY.NS
2021-06-04,1232.97900390625,1242.9894780877164,1225.8604444883183,1240.3644441299962,4194328,INFY.NS
2021-06-07,1236.5382080078125,1238.6292629848542,1225.5489543024312,1237.7394431120204,5154576,INFY.NS
2021-06-08,1257.27099609375,1265.1014547357097,1241.788216584457,1242.1885920949892,7360630,INFY.NS
2021-06-09,1259.3621826171875,1267.9933924367642,1249.8410442524976,1257.671503036486,5394317,INFY.NS
2021-06-10,1267.3704833984375,1271.5525933362621,1262.6543946425165,1267.1034939893893,3496575,INFY.NS
2021-06-11,1287.48046875,1291.6625789412817,1271.9530459160198,1272.5314505902854,6140828,INFY.NS
2021-06-14,1300.7386474609375,1314.2638651845425,1293.3085651180995,1308.9249463009223,7132294,INFY.NS
2021-06-15,1311.5054931640625,1313.3740931171444,1301.806435115435,1302.6962549617203,5403104,INFY.NS
2021-06-16,1317.4671630859375,1325.3420465256531,1305.8105455279979,1310.4375650008872,7661710,INFY.NS
2021-06-17,1330.5477294921875,1337.0878839818208,1312.5733024806775,1312.5733024806775,7677951,INFY.NS
2021-06-18,1337.6661376953125,1348.7888851030746,1323.5179812685233,1342.73806706502,13533974,INFY.NS
2021-06-21,1334.9969482421875,1339.8909580911288,1320.6707597878958,1328.5012189944428,5454052,INFY.NS
2021-06-22,1345.2740478515625,1353.8162962388503,1336.5983047696675,1343.360913550413,6427862,INFY.NS
2021-06-23,1337.53271484375,1356.975256632698,1333.528525561883,1356.975256632698,5529809,INFY.NS
2021-06-24,1387.4071044921875,1395.9049277395711,1344.6957505278851,1349.8567492468076,10785137,INFY.NS
2021-06-25,1400.754150390625,1404.1355087521981,1372.991818760863,1398.7965904679693,9780240,INFY.NS
2021-06-28,1398.6187744140625,1406.048747856994,1388.6527277002867,1399.59755444848,5019178,INFY.NS
2021-06-29,1390.8331298828125,1400.2651997208347,1387.4072361453655,1389.0089555192524,5913567,INFY.NS
2021-06-30,1406.6273193359375,1415.703438725539,1398.84139533289,1398.84139533289,6058722,INFY.NS
2021-07-01,1388.474853515625,1403.1123459447122,1387.27361849601,1403.1123459447122,4814317,INFY.NS
2021-07-02,1395.0594482421875,1396.5275639340105,1372.6359253578846,1387.184456554028,5166064,INFY.NS
2021-07-05,1404.98095703125,1410.3644103739707,1389.053269198572,1396.2607879943475,4058338,INFY.NS
2021-07-06,1390.0762939453125,1411.9214110608116,1385.5382351927221,1400.3092205104294,4089574,INFY.NS
2021-07-07,1392.212158203125,1397.506651645048,1374.4602951004547,1393.502462197475,4797120,INFY.NS
2021-07-08,1388.7862548828125,1402.356006852675,1378.3308722175086,1395.2374484422553,3326813,INFY.NS
2021-07-09,1390.6993408203125,1396.928079212835,1380.110463828909,1384.5595626807105,3436594,INFY.NS
2021-07-12,1377.307373046875,1404.1354581830408,1364.760937254904,1397.5063450004286,4588982,INFY.NS
2021-07-13,1374.7271728515625,1384.9156755957686,1367.0303178269412,1384.9156755957686,4456160,INFY.NS
2021-07-14,1403.156982421875,1408.406941407783,1368.6319278283077,1382.7800855630126,5657716,INFY.NS
2021-07-15,1406.6273193359375,1420.9088633348867,1384.5597427133494,1386.2504222209864,10021355,INFY.NS
2021-07-16,1384.070068359375,1401.1546725054604,1378.8646446149278,1400.3538130169516,6265593,INFY.NS
2021-07-19,1371.835205078125,1381.8012524671824,1368.142539635368,1374.5046646004569,5669162,INFY.NS
2021-07-20,1379.2652587890625,1386.072293532128,1368.5428864837877,1368.8098758786696,5069939,INFY.NS
2021-07-22,1414.991455078125,1417.3494993598415,1389.3647090584504,1389.3647090584504,7854575,INFY.NS
2021-07-23,1415.2138671875,1422.3769600749592,1410.408927130944,1413.5232964523468,4179719,INFY.NS
2021-07-26,1427.181884765625,1434.0779876639178,1418.4616079750388,1418.4616079750388,4586710,INFY.NS
2021-07-27,1425.980712890625,1431.9869963256106,1421.8430292446305,1428.1607278743518,5892859,INFY.NS
2021-07-28,1428.6947021484375,1430.4743418144471,1410.8093452291575,1428.249792231935,4686788,INFY.NS
2021-07-29,1438.8385009765625,1441.5079601620478,1423.800525840881,1423.800525840881,4660873,INFY.NS
2021-07-30,1433.0548095703125,1444.5335068880067,1429.184115105897,1432.6098996635847,6234257,INFY.NS
2021-08-02,1451.7855224609375,1454.6329023419573,1440.7961611531427,1448.13717442387,5553389,INFY.NS
2021-08-03,1472.829833984375,1475.89977776786,1455.3893859177253,1465.5333543568822,5513668,INFY.NS
2021-08-04,1467.5352783203125,1494.8082764158198,1458.4591599744758,1485.1981793032805,6740391,INFY.NS
2021-08-05,1471.3614501953125,1482.4396623268976,1465.577621980952,1467.7576368596744,5420536,INFY.NS
2021-08-06,1468.3807373046875,1477.6794203166185,1462.8638974414057,1474.4315559978156,3754855,INFY.NS
2021-08-09,1480.0374755859375,1483.73014125567,1464.999497628351,1477.9908463781162,5018477,INFY.NS
2021-08-10,1492.4501953125,1494.897199657177,1478.035158621179,1484.2193625167686,6846517,INFY.NS
2021-08-11,1492.7174072265625,1498.456702096927,1484.2195837872175,1490.270402517081,4899639,INFY.NS
2021-08-12,1503.4393310546875,1509.579108658402,1489.558165572747,1494.1407587142437,5659579,INFY.NS
2021-08-13,1523.549560546875,1532.7147487919517,1504.9524118847114,1510.0243417706486,5612790,INFY.NS
2021-08-16,1516.6090087890625,1530.44564260102,1503.8845411944826,1519.5453491889418,4564109,INFY.NS
2021-08-17,1549.7547607421875,1556.205954643305,1500.7257088178133,1516.164061463956,9510390,INFY.NS
2021-08-18,1542.4581298828125,1562.078700442846,1536.7188354684106,1538.4984751157394,6686090,INFY.NS
2021-08-20,1542.01318359375,1552.7355556641908,1527.0197416428282,1527.0197416428282,6206972,INFY.NS
2021-08-23,1547.17431640625,1559.9877444028339,1541.1680322160316,1544.504856766153,6189051,INFY.NS
2021-08-24,1531.246337890625,1563.413344476915,1523.9942850011782,1557.184606052704,7602939,INFY.NS
2021-08-25,1544.3270263671875,1554.4264608708518,1528.7106431129923,1528.7106431129923,6153253,INFY.NS
2021-08-26,1537.341552734375,1553.6252977570348,1530.4899840447308,1542.9474606590484,5302248,INFY.NS
2021-08-27,1520.52392578125,1537.3414309822294,1517.3204880090946,1534.9389612736802,6698514,INFY.NS
2021-08-30,1510.95849609375,1529.2887615369723,1504.1513531642884,1515.4075949207736,6559667,INFY.NS
2021-08-31,1518.4329833984375,1526.0409862826573,1500.1027168908208,1512.8271837232185,12255438,INFY.NS
2021-09-01,1492.8951416015625,1521.1469197245544,1488.8019923220322,1521.1469197245544,7801974,INFY.NS
2021-09-02,1502.9947509765625,1507.6218795661478,1479.4590583890802,1492.539367293398,6830050,INFY.NS
2021-09-03,1513.27197265625,1517.987952137385,1498.812401784732,1509.1788235490428,5339139,INFY.NS
2021-09-06,1539.7442626953125,1541.1679527057966,1512.1153133974738,1517.2763118836374,4876026,INFY.NS
2021-09-07,1518.6109619140625,1543.7483709085054,1516.2529177532997,1539.3882322260613,3520341,INFY.NS
2021-09-08,1506.6875,1513.450109310874,1497.522311859604,1513.450109310874,4584896,INFY.NS
2021-09-09,1505.2191162109375,1508.155564929437,1496.8103627488554,1500.1471869196148,3331674,INFY.NS
2021-09-13,1505.486083984375,1514.028332014795,1490.6260287182015,1497.5666663419925,4662374,INFY.NS
2021-09-14,1500.36962890625,1509.089797491508,1493.6514461855788,1509.089797491508,4945167,INFY.NS
2021-09-15,1522.8822021484375,1526.1300664600856,1503.973529549805,1506.687523653375,4062344,INFY.NS
2021-09-16,1514.6956787109375,1529.8226145535493,1505.0855819038713,1526.2188010957557,3246568,INFY.NS
2021-09-17,1504.9522705078125,1528.7104157088386,1498.8569179841036,1510.024199917287,7454864,INFY.NS
2021-09-20,1501.8824462890625,1519.545348989545,1493.073207849401,1499.3464813829482,5660743,INFY.NS
2021-09-21,1529.11083984375,1536.4963878637336,1499.0349948323485,1512.693707466829,4672222,INFY.NS
2021-09-22,1527.731689453125,1547.3077257336527,1524.3059048281496,1527.8206497121014,4553892,INFY.NS
2021-09-23,1550.5556640625,1552.7356793044048,1531.4689626029945,1541.1680209485553,3826090,INFY.NS
2021-09-24,1569.508544921875,1590.997713616821,1559.3645780438271,1564.3031211064717,8280446,INFY.NS
2021-09-27,1531.513427734375,1574.0912850316047,1528.7994337947073,1573.8688300732904,5045337,INFY.NS
2021-09-28,1501.2149658203125,1521.5918610046667,1490.4481679431676,1521.5918610046667,6557197,INFY.NS
2021-09-29,1505.797607421875,1513.9394805910563,1472.6518187520774,1476.4335530298395,7792548,INFY.NS
2021-09-30,1490.6260986328125,1515.3631327387895,1486.088039336983,1515.3631327387895,6914031,INFY.NS
2021-10-01,1481.6834716796875,1493.9629198300943,1478.2131527121837,1481.638937241155,5733906,INFY.NS
2021-10-04,1493.7850341796875,1502.0158675772525,1481.9059612165079,1488.223660262414,2947154,INFY.NS
2021-10-05,1506.287109375,1515.3186940990138,1479.7704339769668,1486.8889928896642,4373310,INFY.NS
2021-10-06,1489.157958984375,1520.702027218349,1485.9990552689544,1514.562248918571,4271698,INFY.NS
2021-10-07,1504.6854248046875,1516.43100383275,1491.9165311852532,1501.126145266415,5476108,INFY.NS
2021-10-08,1533.9158935546875,1540.7230369842214,1511.2700223097372,1517.3652664264184,4738376,INFY.NS
2021-10-11,1504.640869140625,1539.3883785911644,1480.393277628134,1496.6770247342997,8840633,INFY.NS
2021-10-12,1499.47998046875,1502.9057652551307,1478.8806286879972,1492.2279267808492,7439300,INFY.NS
2021-10-13,1520.880126953125,1524.8398906735067,1494.941963810283,1509.0900132988902,7104171,INFY.NS
2021-10-14,1526.7083740234375,1587.0826277925394,1511.0919925515338,1560.7439825365639,19655776,INFY.NS
2021-10-18,1594.690673828125,1600.7859181068043,1548.286546695853,1548.286546695853,13438109,INFY.NS
2021-10-19,1621.3851318359375,1632.3743843811635,1585.9258353711248,1614.133078913835,10324260,INFY.NS
2021-10-20,1603.7667236328125,1644.3870199570588,1596.3812843324115,1627.8363931036856,5876115,INFY.NS
2021-10-21,1560.4324951171875,1614.133097673442,1554.3816771021532,1614.133097673442,8779629,INFY.NS
2021-10-22,1530.3121337890625,1568.9302261697185,1518.9223969134766,1557.0956880152075,7369809,INFY.NS
2021-10-25,1519.411865234375,1539.1658216360158,1501.303945142191,1532.3142525237072,5905209,INFY.NS
2021-10-26,1529.421142578125,1549.9786248274681,1522.419103935256,1535.1216613849867,5871709,INFY.NS
2021-10-27,1552.0882568359375,1556.7563923180637,1527.132103632975,1534.2688202556412,5090259,INFY.NS
2021-10-28,1529.600830078125,1548.3179728132604,1518.9630389912397,1543.4703399076664,5329972,INFY.NS
2021-10-29,1497.148681640625,1537.4107603815037,1491.1340972820406,1525.2019847743497,5875091,INFY.NS
2021-11-01,1526.144775390625,1532.5632841362876,1504.5549072616056,1505.9014659494887,3636806,INFY.NS
2021-11-02,1524.2147216796875,1531.890040630247,1513.8461757071277,1521.611352905563,3471772,INFY.NS
2021-11-03,1528.343994140625,1541.7646508726255,1525.2020241086177,1534.179081342924,3530713,INFY.NS
2021-11-04,1533.909912109375,1541.3609143521744,1530.5884443625262,1539.565502687233,483407,INFY.NS
2021-11-08,1559.763671875,1562.9056418615107,1528.792824865108,1553.0308790467627,5245903,INFY.NS
2021-11-09,1564.252197265625,1570.9849900802546,1549.4400530734397,1557.294978023841,4016134,INFY.NS
2021-11-10,1562.1424560546875,1571.8376109976302,1545.8041480260454,1549.4398996191524,4780368,INFY.NS
2021-11-11,1555.993408203125,1561.7835664122908,1534.179114814545,1555.679123526493,4731349,INFY.NS
2021-11-12,1598.095703125,1600.4746452356892,1560.257494120251,1564.7010936682932,5069009,INFY.NS
2021-11-15,1604.3348388671875,1615.8703357362158,1593.8765450553617,1599.801381036417,4354074,INFY.NS
2021-11-16,1608.9581298828125,1623.904843607028,1595.2231874741956,1606.8933627342767,6034233,INFY.NS
2021-11-17,1604.6041259765625,1617.665788691909,1598.544612062206,1609.1825130450993,4732492,INFY.NS
2021-11-18,1597.3778076171875,1606.3996856383449,1579.0645864039852,1599.352716649209,4326924,INFY.NS
2021-11-22,1579.4234619140625,1602.7638105783417,1572.017389741743,1601.5070006566984,6621839,INFY.NS
2021-11-23,1559.2252197265625,1568.5164528029118,1535.0769118860949,1557.6093054597075,8436160,INFY.NS
2021-11-24,1522.5089111328125,1562.4568159355308,1515.3272653255822,1562.0079630725788,7333061,INFY.NS
2021-11-25,1546.2083740234375,1549.6195900535836,1523.3616974043014,1526.0997437189671,4476260,INFY.NS
2021-11-26,1518.60400390625,1542.5727043871634,1511.7365327759849,1528.3890188200792,4494181,INFY.NS
2021-11-29,1522.8232421875,1536.872360153446,1498.4056877753633,1518.0205379786664,3942776,INFY.NS
2021-11-30,1537.4556884765625,1552.9411117960724,1526.1446185772156,1530.1842942257836,14808963,INFY.NS
2021-12-01,1539.4755859375,1563.7136407678477,1537.769923125387,1539.5653345943017,5193264,INFY.NS
2021-12-02,1569.4141845703125,1571.4340226456925,1536.2888182174336,1539.5654663452515,5559574,INFY.NS
2021-12-03,1558.0133056640625,1603.8860489685592,1555.3201883320971,1589.926680297916,6754012,INFY.NS
2021-12-06,1521.8804931640625,1556.5767302580853,1518.4691677243022,1553.0308366320087,3991449,INFY.NS
2021-12-07,1536.5579833984375,1548.4525839240318,1520.7134558760026,1527.087144429678,4202122,INFY.NS
2021-12-08,1573.9923095703125,1579.7825772411895,1555.3649157936254,1555.72401999994,3029169,INFY.NS
2021-12-09,1583.059326171875,1588.4007416916018,1563.8035796586253,1579.0645790008737,2082171,INFY.NS
2021-12-10,1579.288818359375,1583.3284941772615,1567.394217340042,1579.962097662356,1823469,INFY.NS
2021-12-13,1566.1822509765625,1590.1509490203869,1560.9306946167599,1586.2908803107057,4040584,INFY.NS
2021-12-14,1572.915283203125,1582.6553694878078,1535.3911358845291,1553.8390344217205,4768144,INFY.NS
2021-12-15,1556.80126953125,1569.144723607344,1545.1310947683974,1566.4965354752162,3053149,INFY.NS
2021-12-16,1590.37548828125,1595.7617227930966,1578.166711971042,1582.3410656343676,4481031,INFY.NS
2021-12-17,1634.58740234375,1653.5738998202182,1621.9297738871765,1633.8243744151991,18887243,INFY.NS
2021-12-20,1614.8828125,1642.4872628921498,1604.46944825245,1617.3963227207378,5773891,INFY.NS
2021-12-21,1626.28369140625,1649.983144782225,1616.7680325096776,1616.7680325096776,5353584,INFY.NS
2021-12-22,1638.0438232421875,1642.038680030921,1626.957177893869,1638.3131788309054,4156428,INFY.NS
2021-12-23,1667.5782470703125,1671.1690702162794,1640.108471920312,1643.9237215129017,4112933,INFY.NS
2021-12-24,1672.874755859375,1683.8716518933313,1664.3465507718172,1681.3580318237075,3780347,INFY.NS
2021-12-27,1675.25341796875,1682.7492382175476,1656.3118507008678,1669.7325063134908,2647733,INFY.NS
2021-12-28,1694.86865234375,1701.9605505069624,1686.2506980620387,1688.3153557762882,3340933,INFY.NS
2021-12-29,1692.6689453125,1700.0750169824125,1684.4549166346821,1690.8286048824498,3236635,INFY.NS
2021-12-30,1699.222412109375,1714.438591263301,1682.6148547067908,1691.726590549719,4584738,INFY.NS
2021-12-31,1694.6439208984375,1704.1595793216295,1680.1908811668404,1696.6637587064213,4619420,INFY.NS
2022-01-03,1704.24951171875,1718.2538096972232,1694.6441036073452,1694.6441036073452,3329616,INFY.NS
2022-01-04,1704.8779296875,1711.6107229414722,1685.8914307946536,1704.2494699005285,3921999,INFY.NS
2022-01-05,1655.9530029296875,1708.2443650547573,1651.7786491009124,1705.640996354203,6995719,INFY.NS
2022-01-06,1631.849609375,1641.0061644901782,1615.8704026708538,1641.0061644901782,6449205,INFY.NS
2022-01-07,1628.7076416015625,1648.1878132075997,1621.9748482469563,1629.7399155826886,4834389,INFY.NS
2022-01-10,1661.4288330078125,1678.6199191698154,1627.5404426546881,1629.3358540641252,7857560,INFY.NS
2022-01-11,1665.7828369140625,1678.7098221671822,1660.890384206812,1665.2442353583547,5142287,INFY.NS
2022-01-12,1685.3975830078125,1695.7661280475315,1669.7326618149332,1677.7222647477881,5362535,INFY.NS
2022-01-13,1702.7681884765625,1716.8621239088293,1675.4329845969487,1710.1293312660496,14277630,INFY.NS
2022-01-14,1731.988525390625,1735.2651732163426,1688.5844753336473,1689.4821810621609,7688506,INFY.NS
2022-01-17,1741.100341796875,1754.0273268080673,1733.0209898627827,1740.2475651482325,5262464,INFY.NS
2022-01-18,1724.2684326171875,1746.0377984851907,1715.9197247602908,1725.480313542678,3690315,INFY.NS
2022-01-19,1676.0615234375,1720.0041749935306,1672.2910936296498,1720.0041749935306,5747770,INFY.NS
2022-01-20,1637.145751953125,1658.9600431064778,1629.7846094479494,1655.3692205023513,5533463,INFY.NS
2022-01-21,1603.0330810546875,1623.0519627022786,1594.325379291619,1611.3817881916982,8252758,INFY.NS
2022-01-24,1559.1353759765625,1587.7272819323061,1551.2355216165236,1584.450634058544,7116712,INFY.NS
2022-01-25,1545.9840087890625,1562.0080348157867,1526.548657013934,1549.978755619526,9137653,INFY.NS
2022-01-27,1506.888916015625,1534.807544146456,1494.6801391976826,1527.8952534020755,11231734,INFY.NS
2022-01-28,1513.711181640625,1550.8313969156268,1507.6965977840277,1509.0431562220606,10998502,INFY.NS
2022-01-31,1558.5968017578125,1570.5363330040534,1539.8796573165653,1542.2585996575958,8788872,INFY.NS
2022-02-01,1590.7796630859375,1597.9163806155063,1557.2502626013809,1585.4382476367502,5119935,INFY.NS
2022-02-02,1604.2899169921875,1609.4069054950608,1590.7345821422696,1605.9955798264787,4253717,INFY.NS
2022-02-03,1560.7064208984375,1597.0185757090092,1556.6218157838234,1597.0185757090092,3832922,INFY.NS
2022-02-04,1562.995361328125,1574.5308575751117,1535.2114139423968,1554.8262614323921,4700077,INFY.NS
2022-02-07,1539.5654296875,1554.8264281158893,1521.9704181220025,1546.0288675415272,4310209,INFY.NS
2022-02-08,1541.630126953125,1548.5424173887602,1522.5089506616448,1535.0768311505972,6053401,INFY.NS
2022-02-09,1559.5841064453125,1564.7009849379867,1548.542282856011,1557.5193395682197,3867244,INFY.NS
2022-02-10,1588.580078125,1592.4402566950537,1569.8629350970984,1576.0571267076214,4334630,INFY.NS
2022-02-11,1545.2657470703125,1567.3492862638898,1537.769926089788,1562.00798096686,7551371,INFY.NS
2022-02-14,1510.12060546875,1542.7522979398288,1506.5747115034765,1517.1227543219873,7459637,INFY.NS
2022-02-15,1560.43701171875,1568.0675105535606,1517.5266332614685,1525.2020612168308,4669915,INFY.NS
2022-02-16,1555.993408203125,1575.8775027443555,1550.2031404107388,1560.4370077977667,5350642,INFY.NS
2022-02-17,1548.3629150390625,1570.0873502660593,1544.323239180745,1565.5988215345953,3937950,INFY.NS
2022-02-18,1532.3387451171875,1546.2981129893628,1529.2417041958663,1535.076791414694,5602215,INFY.NS
2022-02-21,1553.6591796875,1559.584124854063,1518.4691607935565,1526.9973647708184,5120890,INFY.NS
2022-02-22,1556.9359130859375,1571.8827354279815,1518.0653206725158,1526.009994477481,8878515,INFY.NS
2022-02-23,1564.56640625,1578.3910963789203,1556.083130953027,1570.9850241223437,5478811,INFY.NS
2022-02-24,1506.4849853515625,1539.5204924970208,1499.6175141781305,1517.2125256514232,13592379,INFY.NS
2022-02-25,1521.2520751953125,1551.3701456178273,1505.4524766061313,1539.5652936073436,9737281,INFY.NS
2022-02-28,1540.10400390625,1551.2805065421107,1494.6801136600138,1510.1206091390077,15076542,INFY.NS
2022-03-02,1528.61328125,1539.0266452589117,1518.0203103545127,1535.0767183360242,6771489,INFY.NS
2022-03-03,1544.8170166015625,1556.532121220316,1531.0821834995784,1544.233485910162,7344147,INFY.NS
2022-03-04,1547.0162353515625,1558.4170536039749,1509.0432414218212,1521.8355473053791,9074499,INFY.NS
2022-03-07,1561.873291015625,1571.8827318127442,1522.508916707261,1523.4066224364515,9742588,INFY.NS
2022-03-08,1596.3001708984375,1615.8701982437856,1542.6622573734007,1542.6622573734007,10984500,INFY.NS
2022-03-09,1627.854736328125,1644.2378666327916,1607.7910342826165,1607.7910342826165,10193515,INFY.NS
2022-03-10,1639.1209716796875,1656.042703365668,1625.0269254755779,1656.042703365668,6547182,INFY.NS
2022-03-11,1635.619873046875,1644.058328995704,1625.7451098177226,1628.438227062037,4758657,INFY.NS
2022-03-14,1697.2921142578125,1701.1522925808597,1644.192910047784,1644.192910047784,10289724,INFY.NS
2022-03-15,1651.1500244140625,1695.1824202242353,1642.8013181443082,1695.1824202242353,7140443,INFY.NS
2022-03-16,1696.1253662109375,1700.2098618649063,1659.8580298508234,1674.221322699722,5233979,INFY.NS
2022-03-17,1664.885009765625,1726.5574586044008,1645.5395172103943,1726.5574586044008,17731459,INFY.NS
2022-03-21,1663.4937744140625,1693.8810937888873,1652.766124367728,1670.6304916817223,8362085,INFY.NS
2022-03-22,1694.3297119140625,1696.6637247510457,1650.8807353530017,1660.7554977721877,5709382,INFY.NS
2022-03-23,1680.8643798828125,1705.6410383121752,1667.0396884977417,1702.9479208832613,6192824,INFY.NS
2022-03-24,1693.7015380859375,1700.7934360280046,1666.2766908514945,1666.2766908514945,3784303,INFY.NS
2022-03-25,1684.5897216796875,1700.2546427439086,1667.9372366516275,1698.4592312943375,3438588,INFY.NS
2022-03-28,1682.2108154296875,1688.4947556370578,1663.1345683715988,1675.118918136154,4008555,INFY.NS
2022-03-29,1693.0728759765625,1696.125097139398,1670.2263107464303,1682.2106593993997,3917785,INFY.NS
2022-03-30,1709.1868896484375,1722.6974055786316,1701.1524666865591,1714.6180534941045,7795839,INFY.NS
2022-03-31,1711.790283203125,1717.3111957910278,1700.4342829138939,1705.6410203883704,5399145,INFY.NS
2022-04-01,1708.827880859375,1714.887394872627,1686.1608099209134,1693.8361285877643,6171518,INFY.NS
2022-04-04,1690.3349609375,1699.3569473597815,1681.4028327548183,1696.439403736475,7364074,INFY.NS
2022-04-05,1670.72021484375,1696.3048297207965,1667.17432082566,1691.0982019168066,5472024,INFY.NS
2022-04-06,1641.76904296875,1667.488333118964,1635.7544586287402,1665.244068875197,5407453,INFY.NS
2022-04-07,1625.7452392578125,1641.1409159802406,1622.6481980135563,1634.7672265778747,5797544,INFY.NS
2022-04-08,1628.9766845703125,1649.9830191353592,1623.0518490733023,1636.5174341043307,5131446,INFY.NS
2022-04-11,1585.8421630859375,1628.4382578043667,1582.2513400257294,1628.4382578043667,8248407,INFY.NS
2022-04-12,1564.207275390625,1577.7177902011679,1551.0110452461267,1577.7177902011679,6456184,INFY.NS
2022-04-13,1569.6834716796875,1577.7178945069024,1554.8263973177552,1575.4287009546981,6257693,INFY.NS
2022-04-18,1455.5400390625,1481.2144000805872,1427.352058259475,1441.266496563262,30523965,INFY.NS
2022-04-19,1402.21630859375,1469.2300612636093,1391.4438401538494,1469.2300612636093,17044923,INFY.NS
2022-04-20,1425.2874755859375,1433.007833244966,1403.1141858362757,1413.886655593176,10678747,INFY.NS
2022-04-21,1453.2060546875,1460.7466950238763,1426.6788069866927,1431.8406148458548,7766514,INFY.NS
2022-04-22,1423.2677001953125,1445.9347729738438,1420.5297630947769,1440.2343627263847,8134245,INFY.NS
2022-04-25,1401.4083251953125,1411.9115474766672,1395.1243853901856,1411.9115474766672,7000570,INFY.NS
2022-04-26,1419.272705078125,1429.1474677320525,1406.3009016069334,1415.861379600755,5345435,INFY.NS
2022-04-27,1393.95751953125,1411.8667052446997,1391.7580747141747,1411.8667052446997,8819356,INFY.NS
2022-04-28,1420.709228515625,1437.9452462485663,1398.1319049129104,1409.3981569434259,9245177,INFY.NS
2022-04-29,1407.1988525390625,1433.9056016437141,1401.1393380363265,1427.352305088943,9831395,INFY.NS
2022-05-02,1383.3646240234375,1393.9126670683922,1374.3875661128377,1392.2519332715767,7072627,INFY.NS
2022-05-04,1378.4720458984375,1409.3979637538907,1373.6244131510482,1388.9751588651002,6220959,INFY.NS
2022-05-05,1422.9981689453125,1426.8134180541488,1398.1316560624994,1400.465778478004,6144870,INFY.NS
2022-05-06,1385.025390625,1402.081801059126,1378.0233510388225,1391.4440090997512,6171472,INFY.NS
2022-05-09,1409.712158203125,1424.4794830755254,1366.4427862489936,1382.4668114652425,6832202,INFY.NS
2022-05-10,1394.136962890625,1408.6349319744825,1387.8979520606213,1398.6254914253664,6212545,INFY.NS
2022-05-11,1370.572265625,1391.39899537121,1356.9720014786396,1391.39899537121,7846080,INFY.NS
2022-05-12,1354.45849609375,1371.24554999195,1350.4188201690602,1359.1265222178802,7034979,INFY.NS
2022-05-13,1350.508544921875,1372.8165107722343,1344.852954894135,1363.8843824412697,6723761,INFY.NS
2022-05-16,1336.773681640625,1357.196488541389,1327.3926998865318,1355.5357547320384,6145331,INFY.NS
2022-05-17,1363.121337890625,1369.0013547558183,1329.4125506103449,1341.9804318999065,6516378,INFY.NS
2022-05-18,1354.8173828125,1391.1744632386558,1351.3164182898859,1366.30805947183,6594126,INFY.NS
2022-05-19,1281.160888671875,1332.8237930944929,1272.6326833436513,1329.502325378898,16561140,INFY.NS
2022-05-20,1306.296630859375,1316.7099963349126,1298.7109510177181,1304.3665414519367,10488908,INFY.NS
2022-05-23,1318.191162109375,1335.7861731182122,1301.718283302418,1306.2516316480803,5887569,INFY.NS
2022-05-24,1293.5941162109375,1319.2236617915048,1288.432307627861,1318.370775493057,5693167,INFY.NS
2022-05-25,1266.1690673828125,1294.9405813245614,1256.114806529215,1288.2077880074494,9630092,INFY.NS
2022-05-26,1278.2880859375,1283.7192496732532,1263.1169461079405,1272.946780445226,13040065,INFY.NS
2022-05-27,1311.8623046875,1316.934364203155,1290.362295335605,1296.2422023774436,8284860,INFY.NS
2022-05-30,1370.617431640625,1373.4900467285909,1333.0932806483381,1334.8886924741273,10904213,INFY.NS
2022-05-31,1364.085205078125,1377.1490921324805,1350.0688109873222,1370.5263940981097,16033857,INFY.NS
2022-06-01,1341.359619140625,1374.2006803920185,1335.50802974436,1372.613057886202,8738508,INFY.NS
2022-06-02,1368.0771484375,1373.3843221232019,1338.6834262825294,1346.3040373217839,7205840,INFY.NS
2022-06-03,1380.505859375,1410.7160939809075,1377.1492158604615,1383.4090071722164,9395707,INFY.NS
2022-06-06,1388.080810546875,1394.02298717696,1354.4685363290907,1375.3344280474894,6624883,INFY.NS
2022-06-07,1366.8974609375,1378.827331227114,1363.1779106621018,1378.827331227114,4904592,INFY.NS
2022-06-08,1360.8192138671875,1379.1448683164317,1353.5615113932292,1379.1448683164317,4697608,INFY.NS
2022-06-09,1374.427490234375,1376.196511023312,1344.0358592621958,1347.2111042891397,4361061,INFY.NS
2022-06-10,1339.77197265625,1355.3305843397889,1336.868825108461,1348.208985661335,6516436,INFY.NS
2022-06-13,1292.3245849609375,1309.6523266400254,1280.7122172604907,1309.6523266400254,6987685,INFY.NS
2022-06-14,1306.8856201171875,1314.4608258731198,1272.9558346588265,1279.1702210306835,6090247,INFY.NS
2022-06-15,1290.238037109375,1312.1926539494157,1287.1988962903904,1306.5678679807882,4651958,INFY.NS
2022-06-16,1267.5577392578125,1309.7885413741665,1262.8402767742612,1304.5720675297325,6641772,INFY.NS
2022-06-17,1258.5762939453125,1267.3308083987577,1240.2959348612192,1261.978341762064,9692047,INFY.NS
2022-06-20,1282.93505859375,1290.374159577052,1253.7681436672126,1261.0712513196502,4595194,INFY.NS
2022-06-21,1315.3680419921875,1320.9020186854545,1290.7371889318204,1291.871205087972,6270787,INFY.NS
2022-06-22,1303.8916015625,1324.1677855678092,1301.8503727550444,1302.8029904960238,6253366,INFY.NS
2022-06-23,1317.68115234375,1322.716227548584,1300.0359081461734,1306.2049993211278,6254281,INFY.NS
2022-06-24,1307.3843994140625,1331.334840499222,1296.3164470818606,1322.716318533469,6114340,INFY.NS
2022-06-27,1337.776123046875,1346.303946473831,1329.2030054210798,1331.8339449854482,4511097,INFY.NS
2022-06-28,1342.8109130859375,1350.1593138785072,1318.1800658931436,1332.695469234018,4412178,INFY.NS
2022-06-29,1327.479248046875,1339.9534251599073,1321.8091675409512,1328.7946624267454,5060038,INFY.NS
2022-06-30,1326.254638671875,1344.4895968857418,1319.9948471449084,1329.112381623726,9165177,INFY.NS
2022-07-01,1342.1307373046875,1347.2111072100613,1308.5184562919433,1319.0875083390094,4651635,INFY.NS
2022-07-04,1349.9326171875,1353.7882715040637,1326.3450848979335,1342.9017181396484,4800224,INFY.NS
2022-07-05,1339.000732421875,1369.8459686483452,1335.4172860401247,1359.7306341867263,7379669,INFY.NS
2022-07-06,1353.2440185546875,1360.8192234162877,1333.602838947962,1344.6707910009138,5209162,INFY.NS
2022-07-07,1359.6397705078125,1373.4747656207644,1356.9181321249366,1363.5862347579819,3323472,INFY.NS
2022-07-08,1373.928466796875,1376.1964989390626,1360.7738803721873,1374.427478165659,3652582,INFY.NS
2022-07-11,1336.460693359375,1360.7286382087686,1330.3370063413038,1356.2832728913424,4702638,INFY.NS
2022-07-12,1305.116455078125,1332.3328420632538,1302.7577236881664,1326.163860792882,4710356,INFY.NS
2022-07-13,1310.4234619140625,1324.530665006667,1305.116289274943,1315.4585371641556,5264025,INFY.NS
2022-07-14,1296.27099609375,1318.1348025761679,1282.798908069353,1316.3657819014365,6157606,INFY.NS
2022-07-15,1297.6319580078125,1311.8298621361157,1279.7599080562986,1311.8298621361157,5620018,INFY.NS
2022-07-18,1351.656494140625,1355.0131375042863,1313.6896572029552,1315.4586780241734,5835171,INFY.NS
2022-07-19,1346.4398193359375,1348.8892494530244,1333.6934359551399,1335.0089608832923,3418540,INFY.NS
2022-07-20,1374.6995849609375,1384.2253192557744,1360.819184976676,1361.9532009641566,5079392,INFY.NS
2022-07-21,1390.66650390625,1392.9798300677912,1363.631518545163,1376.2417984383378,5008061,INFY.NS
2022-07-22,1366.534912109375,1397.107944254316,1353.6978267065963,1391.664666549429,7020642,INFY.NS
2022-07-25,1364.085205078125,1376.3779833666647,1342.765703322451,1342.765703322451,7859626,INFY.NS
2022-07-26,1316.501953125,1357.780137915972,1310.9225719330734,1357.780137915972,7268273,INFY.NS
2022-07-27,1334.5555419921875,1336.3245627981846,1310.9226023376623,1316.3658795792028,4517285,INFY.NS
2022-07-28,1376.6048583984375,1383.000642812574,1351.6110990365607,1357.5533877504583,6636841,INFY.NS
2022-07-29,1405.9078369140625,1411.3511145079642,1386.2213605802913,1390.5760269529192,7009465,INFY.NS
2022-08-01,1407.132568359375,1418.8809307454737,1395.202696952757,1418.8809307454737,2983249,INFY.NS
2022-08-02,1400.3736572265625,1403.4582028981656,1386.5386620137654,1403.050001435288,4374635,INFY.NS
2022-08-03,1420.7860107421875,1424.3241629773152,1397.017078561979,1405.2726932814403,6011955,INFY.NS
2022-08-04,1451.4498291015625,1455.0332754831431,1428.8148025431328,1440.200367858984,7402209,INFY.NS
2022-08-05,1466.6456298828125,1474.8558394703302,1453.6271480443154,1459.1611241061719,5361971,INFY.NS
2022-08-08,1469.140625,1471.4993564435733,1447.9118205203101,1466.9632918429459,3763409,INFY.NS
2022-08-10,1453.76318359375,1470.7734244892295,1440.744701377161,1470.7734244892295,4423829,INFY.NS
2022-08-11,1469.639404296875,1479.981652880995,1466.0559578558064,1478.7569376887157,3462090,INFY.NS
2022-08-12,1446.1878662109375,1464.2414226287779,1442.6044200379383,1463.6064179821378,3562286,INFY.NS
2022-08-16,1448.3199462890625,1459.7055121386732,1443.4663795689878,1459.7055121386732,3004430,INFY.NS
2022-08-17,1457.210693359375,1462.4271674367703,1437.9324195950876,1448.319962808223,4067324,INFY.NS
2022-08-18,1436.072509765625,1449.9075054695088,1427.9529992074047,1446.187955002789,4635706,INFY.NS
2022-08-19,1448.90966796875,1455.985972727663,1438.023113412736,1438.2046224349253,4739884,INFY.NS
2022-08-22,1429.4500732421875,1450.6334729783907,1427.9531497610926,1438.8397049053958,3950555,INFY.NS
2022-08-23,1399.28515625,1410.262409855025,1390.7573331024466,1404.3655261856406,5551574,INFY.NS
2022-08-24,1394.8397216796875,1402.5510307101117,1388.9428383034808,1392.5716896119156,2888426,INFY.NS
2022-08-25,1377.28515625,1405.0004412820567,1373.2933977181217,1404.3654366095145,4331088,INFY.NS
2022-08-26,1380.3697509765625,1401.5984429909956,1376.6500897106735,1392.7078235409888,3079136,INFY.NS
2022-08-29,1326.118408203125,1332.2874999956043,1315.458657016953,1332.2874999956043,8079050,INFY.NS
2022-08-30,1354.42333984375,1357.281082385042,1329.9739985606177,1336.4151874553734,6725875,INFY.NS
2022-09-01,1328.3408203125,1331.878972069211,1316.411061639618,1324.575976119532,8140604,INFY.NS
2022-09-02,1318.18017578125,1340.8604953920767,1313.6441118590847,1340.8604953920767,5175653,INFY.NS
2022-09-05,1325.7100830078125,1330.8811515691712,1312.1471854668405,1316.3657470530793,3669352,INFY.NS
2022-09-06,1320.0853271484375,1333.602820058323,1311.330701453046,1325.7101129718044,3428442,INFY.NS
2022-09-07,1322.3988037109375,1329.7472054847017,1304.6174543928623,1306.386475113744,3600574,INFY.NS
2022-09-08,1338.95556640625,1343.6730292773457,1327.7968032291676,1338.1390526321622,4061475,INFY.NS
2022-09-09,1371.388427734375,1378.963633440377,1342.6751167708933,1349.93282010479,4816910,INFY.NS
2022-09-12,1393.660400390625,1402.4604318892673,1380.0069128123039,1384.2254749088493,5494819,INFY.NS
2022-09-13,1401.5985107421875,1408.9016188074963,1398.287272287198,1407.903706776797,4947158,INFY.NS
2022-09-14,1338.5018310546875,1359.8666267473366,1335.4172852850338,1358.097606026967,14332197,INFY.NS
2022-09-15,1299.8546142578125,1338.3203504578364,1296.45256607429,1338.138952185551,12784100,INFY.NS
2022-09-16,1249.2774658203125,1292.7782765113873,1241.3846477911488,1292.7782765113873,20464045,INFY.NS
2022-09-19,1261.2979736328125,1275.5411699960084,1252.4979432114847,1262.8401910629045,6595241,INFY.NS
2022-09-20,1259.71044921875,1282.3907705057266,1256.5804984348933,1277.3102899424387,7219797,INFY.NS
2022-09-21,1249.4588623046875,1259.9372147231684,1241.4300509581421,1251.8629984379054,7917054,INFY.NS
2022-09-22,1241.0218505859375,1255.5372570833497,1233.809552280041,1239.5703320849489,9168498,INFY.NS
2022-09-23,1238.75390625,1265.3806955287248,1235.624065799338,1240.6137371370007,10426200,INFY.NS
2022-09-26,1252.180419921875,1269.5988607267132,1229.273297586771,1233.8093614155043,9414587,INFY.NS
2022-09-27,1264.24658203125,1275.9949447974686,1250.1393771282699,1264.1557721461727,8561254,INFY.NS
2022-09-28,1265.289794921875,1275.405240966301,1249.232170793064,1251.0465966039471,7022098,INFY.NS
2022-09-29,1268.8731689453125,1279.0339077201488,1263.7473946216799,1274.5432487847852,6119965,INFY.NS
2022-09-30,1282.300048828125,1287.607332969342,1248.324969500773,1260.0733324380312,8120130,INFY.NS
2022-10-03,1264.427978515625,1280.9846139293722,1257.3970785454037,1280.9846139293722,4943169,INFY.NS
2022-10-04,1296.7701416015625,1299.3556762181945,1282.7990407907328,1287.9701100239968,6631341,INFY.NS
2022-10-06,1320.130859375,1324.3494214633474,1310.106112640393,1310.922626390357,6180672,INFY.NS
2022-10-07,1316.5472412109375,1322.580228801138,1306.5226056830536,1312.1472810452483,3994466,INFY.NS
2022-10-10,1326.934814453125,1329.066742368926,1294.0029457542655,1294.0029457542655,5274677,INFY.NS
2022-10-11,1291.689697265625,1342.3575126771138,1288.3329432818086,1326.9348942612842,12824774,INFY.NS
2022-10-12,1296.134765625,1307.3842254744823,1282.3905815453047,1303.6646754802455,5481467,INFY.NS
2022-10-13,1288.151611328125,1304.5267376311374,1283.7062459953604,1298.2216523105023,4821514,INFY.NS
2022-10-14,1337.45849609375,1355.37594923796,1331.1080063717516,1347.2110338811046,14990688,INFY.NS
2022-10-17,1351.70166015625,1356.2831290703418,1338.5924795607286,1339.8625996229894,4286396,INFY.NS
2022-10-18,1364.176025390625,1370.7533190697093,1358.3245463460491,1369.8915110920248,4692004,INFY.NS
2022-10-19,1347.6192626953125,1365.3099129941174,1343.854418021596,1364.4481050975749,3553171,INFY.NS
2022-10-20,1361.6356201171875,1364.4479574552151,1337.4129735751615,1338.138788062794,4583939,INFY.NS
2022-10-21,1361.2728271484375,1366.26249762449,1352.9718077531638,1361.0914288831727,3594485,INFY.NS
2022-10-24,1377.012939453125,1380.5964964935235,1370.7985538626567,1377.6026499274944,982837,INFY.NS
2022-10-25,1384.6790771484375,1390.6666600686863,1379.916209479914,1386.3119939028177,3914341,INFY.NS
2022-10-27,1397.6563720703125,1407.6989851035105,1387.1553072532172,1403.9387848432514,6760137,INFY.NS
2022-10-28,1387.843017578125,1401.3247453776467,1382.1109714126776,1399.5363917556376,3053981,INFY.NS
2022-10-31,1410.2210693359375,1418.2459346568946,1403.4343037022636,1403.4343037022636,4542336,INFY.NS
2022-11-01,1442.641357421875,1444.4756121674845,1418.887736075427,1424.3447111160303,4542692,INFY.NS
2022-11-02,1424.5740966796875,1442.412180597886,1416.9618941495685,1441.7243350182016,2938906,INFY.NS
2022-11-03,1403.8927001953125,1415.9529473175025,1395.546863646527,1411.2297190433037,3174027,INFY.NS
2022-11-04,1388.5308837890625,1394.4463107382567,1376.7458190882635,1394.4463107382567,4509682,INFY.NS
2022-11-07,1382.5235595703125,1401.2788807869697,1367.528549999092,1395.3175530956448,4898592,INFY.NS
2022-11-09,1385.9627685546875,1402.2876797188958,1376.6998049643528,1402.2876797188958,3334755,INFY.NS
2022-11-10,1377.4794921875,1386.6966675969895,1361.934227104186,1361.934227104186,3435763,INFY.NS
2022-11-11,1439.9815673828125,1443.099822628358,1418.4749767398023,1418.4749767398023,7214098,INFY.NS
2022-11-14,1453.9222412109375,1459.5166964573084,1438.4685535843537,1444.6133748828577,4908813,INFY.NS
2022-11-15,1461.9010009765625,1465.4319188955194,1442.4120447213857,1447.0893718318237,3497614,INFY.NS
2022-11-16,1469.9720458984375,1475.658191787474,1461.442715110839,1464.7902529771134,4497697,INFY.NS
2022-11-17,1455.8482666015625,1469.9720529843366,1451.766981911977,1464.8360492422046,3469515,INFY.NS
2022-11-18,1461.3509521484375,1465.5697161746532,1444.934347830517,1459.79176825668,3126064,INFY.NS
2022-11-21,1438.2392578125,1456.2608350406842,1434.4332683642735,1450.987352073004,3071764,INFY.NS
2022-11-22,1453.69287109375,1456.3983522183364,1432.5530391467516,1438.972931127563,3399329,INFY.NS
2022-11-23,1451.9503173828125,1460.0668727709146,1448.4193991579355,1457.2238001205214,3245067,INFY.NS
2022-11-24,1494.734130859375,1500.4202753854638,1453.4175008662064,1457.315291923901,5282215,INFY.NS
2022-11-25,1500.099365234375,1507.7573561793968,1480.0601551236466,1496.2015740155414,4563255,INFY.NS
2022-11-28,1488.8646240234375,1516.4701360105687,1485.7463685135297,1493.0833876173003,3825766,INFY.NS
2022-11-29,1494.0465087890625,1502.9426002223424,1481.2067245613812,1486.8469687838856,3131710,INFY.NS
2022-11-30,1499.45751953125,1509.3625410366662,1479.4642077611848,1485.7006074148594,11868134,INFY.NS
2022-12-01,1519.771728515625,1533.9872026204164,1515.369584352362,1518.9462914993808,5407928,INFY.NS
2022-12-02,1502.1629638671875,1524.0823307242517,1498.540243529846,1518.7629471181933,4283343,INFY.NS
2022-12-05,1503.859619140625,1508.5369463809327,1488.77291854345,1502.2546462279884,3824966,INFY.NS
2022-12-06,1479.2347412109375,1491.2490872351268,1474.328132226153,1490.3319598752034,4822398,INFY.NS
2022-12-07,1472.447998046875,1489.2314737623112,1464.3772323790536,1474.7408164804579,4898087,INFY.NS
2022-12-08,1485.884033203125,1489.3232610774244,1466.0282018846967,1472.4480939167222,4206837,INFY.NS
2022-12-09,1439.248046875,1493.083379473675,1431.7275351622377,1493.083379473675,8880658,INFY.NS
2022-12-12,1418.979248046875,1436.1753841252967,1403.2506051436874,1421.5472491495236,8037679,INFY.NS
2022-12-13,1441.86181640625,1446.7684254424607,1413.4308679506453,1418.9794213639211,6135067,INFY.NS
2022-12-14,1448.5111083984375,1456.8569457535275,1442.6414703621647,1450.895617363601,4976020,INFY.NS
2022-12-15,1412.8348388671875,1439.8900986832095,1408.019919747387,1439.2481542488501,6443866,INFY.NS
2022-12-16,1396.05126953125,1421.0888920823663,1386.7425160776045,1398.6192710071691,9630453,INFY.NS
2022-12-19,1382.4320068359375,1391.1906185589476,1371.151406638808,1382.9822609021824,6222740,INFY.NS
2022-12-20,1382.3861083984375,1390.3650716135553,1359.5954040399706,1376.608161274371,7396259,INFY.NS
2022-12-21,1384.44970703125,1394.9507709461102,1377.8463225999167,1389.4480065636799,6236361,INFY.NS
2022-12-22,1395.913818359375,1403.159035330933,1386.467361260263,1395.4093535025568,6302640,INFY.NS
2022-12-23,1373.031494140625,1384.7707703774543,1369.2712939559335,1383.6701502561066,6283822,INFY.NS
2022-12-26,1377.8922119140625,1384.7706673330085,1372.3435464278352,1376.1496474837907,4115459,INFY.NS
2022-12-27,1389.3104248046875,1395.363443276997,1373.3982867447278,1384.8164781367202,4860076,INFY.NS
2022-12-28,1384.9998779296875,1398.573295419047,1374.3153220044476,1380.36834007092,5029860,INFY.NS
2022-12-29,1391.78662109375,1395.2258485730229,1376.6081190369514,1379.3595010203696,4624745,INFY.NS
2022-12-30,1383.2115478515625,1403.57184400983,1379.405558572839,1401.3707157827157,5060544,INFY.NS
2023-01-02,1397.7022705078125,1399.9950891930287,1379.405622181402,1388.5309957669474,3801140,INFY.NS
2023-01-03,1396.3724365234375,1405.6354013294995,1389.53976988402,1393.896125248884,4551130,INFY.NS
2023-01-04,1370.922119140625,1394.9508128847058,1367.5286804970206,1394.9508128847058,7059590,INFY.NS
2023-01-05,1352.9461669921875,1381.102042666127,1347.489304262912,1381.102042666127,9868404,INFY.NS
2023-01-06,1328.458984375,1352.7628594774767,1326.6247296502847,1348.1772226656885,6443714,INFY.NS
2023-01-09,1361.4295654296875,1365.9235115565782,1328.1837010555696,1328.1837010555696,11498717,INFY.NS
2023-01-10,1347.947998046875,1360.9253731659428,1333.5491426282238,1359.182808712685,7158624,INFY.NS
2023-01-11,1349.3236083984375,1370.1882555291525,1342.674435137001,1348.177199215431,6173092,INFY.NS
2023-01-12,1357.89892578125,1361.9343090878735,1334.4204846618559,1359.1370254896133,6591385,INFY.NS
2023-01-13,1379.03857421875,1393.4833301069489,1346.342961515927,1360.5584355646306,11610426,INFY.NS
2023-01-16,1399.0780029296875,1401.3708216824402,1377.800689685759,1384.862526662621,6073063,INFY.NS
2023-01-17,1411.9176025390625,1414.393801685257,1397.7021281387017,1400.453510280707,5922644,INFY.NS
2023-01-18,1417.32861328125,1423.2440398411995,1412.0092299289386,1416.7324581195912,5843098,INFY.NS
2023-01-19,1411.3671875,1421.1346153807065,1399.673814730397,1412.2843147760473,6165284,INFY.NS
2023-01-20,1399.123779296875,1416.9618628206752,1397.7021870153455,1410.5419708855652,6496429,INFY.NS
2023-01-23,1419.71337890625,1424.5741994683594,1401.4625191509494,1407.790721331456,4855020,INFY.NS
2023-01-24,1423.2901611328125,1438.7896379631716,1421.3183146564998,1430.71887134321,5200802,INFY.NS
2023-01-25,1415.1275634765625,1427.0502195525155,1411.2297720671163,1418.7960730383943,4158617,INFY.NS
2023-01-27,1393.254150390625,1422.4187353397176,1382.477903144469,1417.8789993665666,6209955,INFY.NS
2023-01-30,1411.275634765625,1416.0446522844554,1394.0335955131943,1402.104361110933,6964719,INFY.NS
2023-01-31,1406.6441650390625,1420.53866769089,1387.6137712822178,1420.53866769089,9448126,INFY.NS
2023-02-01,1422.5562744140625,1426.1789947825198,1401.4165552146444,1414.3938182397721,6194199,INFY.NS
2023-02-02,1452.50048828125,1455.4352511160564,1423.3816939621152,1423.3816939621152,6916834,INFY.NS
2023-02-03,1466.8536376953125,1471.6685567151628,1442.6414510904015,1465.1110731830363,7040194,INFY.NS
2023-02-06,1439.7523193359375,1465.5694761151274,1432.1860188491103,1465.5694761151274,4570612,INFY.NS
2023-02-07,1432.9197998046875,1445.4386105734359,1426.224725341101,1438.9728179482734,4336238,INFY.NS
2023-02-08,1458.691162109375,1470.1552548640857,1435.7629765999538,1435.7629765999538,7983338,INFY.NS
2023-02-09,1482.9949951171875,1485.5170954490195,1454.6099470732718,1463.9187005529932,6904911,INFY.NS
2023-02-10,1475.245361328125,1482.3530988577234,1464.1480299444947,1479.2806324268656,4786762,INFY.NS
2023-02-13,1437.5513916015625,1464.6525528112115,1436.2216015669112,1464.6525528112115,4001199,INFY.NS
2023-02-14,1461.213134765625,1463.7352349511611,1447.3645343194853,1453.3716512253498,5043736,INFY.NS
2023-02-15,1464.6983642578125,1466.48671791268,1445.3927876362625,1452.7298068628425,3465747,INFY.NS
2023-02-16,1469.0546875,1480.6562593366962,1465.4319671631831,1467.4038134282825,4290289,INFY.NS
2023-02-17,1452.54638671875,1462.8181685754123,1444.934184696277,1461.901041196995,2857734,INFY.NS
2023-02-20,1460.4794921875,1470.1552310976708,1451.3541192838827,1453.6010366458702,2417716,INFY.NS
2023-02-21,1448.6026611328125,1468.917054491703,1445.3927153816476,1466.211461614736,2723288,INFY.NS
2023-02-22,1432.36962890625,1444.4756658959568,1426.4083007612826,1433.47013701294,3656244,INFY.NS
2023-02-23,1422.189453125,1439.7524657040512,1419.850845363736,1439.7524657040512,4766854,INFY.NS
2023-02-24,1422.1434326171875,1438.9726957373991,1416.961641118089,1430.7185502551577,2790986,INFY.NS
2023-02-27,1384.2205810546875,1412.3763505337108,1377.5255055205412,1412.3763505337108,4920268,INFY.NS
2023-02-28,1364.27294921875,1397.7021991611691,1358.5409027983055,1389.9983063812856,9679811,INFY.NS
2023-03-01,1372.0684814453125,1376.4706257604705,1358.7242330919914,1368.7209440691638,5125043,INFY.NS
2023-03-02,1350.1490478515625,1365.2357479456998,1345.701002604229,1361.9341118834534,4644499,INFY.NS
2023-03-03,1356.70654296875,1366.336380209989,1350.9285958423973,1363.539096991639,4615015,INFY.NS
2023-03-06,1382.5235595703125,1394.400425758518,1369.4087058218104,1370.6927064845922,6561742,INFY.NS
2023-03-08,1368.9959716796875,1372.02253676298,1358.3573166463943,1367.0242374099919,4137080,INFY.NS
2023-03-09,1357.71533203125,1374.1777229481327,1352.3959486952547,1371.10536876011,5104656,INFY.NS
2023-03-10,1349.5987548828125,1352.120855017214,1336.8506627217619,1339.0058895367195,3699580,INFY.NS
2023-03-13,1316.16943359375,1355.78940216574,1309.6578518193462,1342.8578170068272,8798403,INFY.NS
2023-03-14,1302.3209228515625,1328.321462547265,1294.066776157433,1321.5805984711983,7402784,INFY.NS
2023-03-15,1302.0,1323.2773119475332,1299.4319983717653,1318.8292662290141,7556182,INFY.NS
2023-03-16,1287.7386474609375,1300.3033608672233,1282.7861367735707,1300.3033608672233,7323117,INFY.NS
2023-03-17,1302.962890625,1323.3231866747517,1294.4336727271848,1311.4922204768466,9090018,INFY.NS
2023-03-20,1287.3258056640625,1302.0456322126888,1270.0837669911443,1302.0456322126888,8221829,INFY.NS
2023-03-21,1275.448974609375,1288.5639406373286,1274.8070302390654,1283.0611764780233,8536755,INFY.NS
2023-03-22,1274.119140625,1290.6274325316042,1267.6075589859765,1286.7296413869892,8356487,INFY.NS
2023-03-23,1260.6375732421875,1269.258481654683,1256.4645985893467,1269.258481654683,7607718,INFY.NS
2023-03-24,1266.2318115234375,1283.0151737075835,1263.3428381778178,1272.9726746938736,7559127,INFY.NS
2023-03-27,1273.843994140625,1280.0805049322928,1260.2246753182865,1271.3677950652989,4170193,INFY.NS
2023-03-28,1263.4346923828125,1282.1441138599873,1261.8297194219722,1276.7330397726337,6633366,INFY.NS
2023-03-29,1268.8916015625,1274.715337897841,1251.466181751986,1264.7186272999518,8813966,INFY.NS
2023-03-31,1309.612060546875,1311.4463153951938,1278.3839389266645,1287.6469035198686,8711975,INFY.NS
2023-04-03,1293.92919921875,1316.077848821429,1288.7016177019077,1316.077848821429,5242764,INFY.NS
2023-04-05,1305.5767822265625,1309.199390750354,1283.978386725391,1283.978386725391,7506334,INFY.NS
2023-04-06,1304.0634765625,1310.024804681296,1293.4706102774894,1298.6524024946332,6948465,INFY.NS
2023-04-10,1309.291015625,1315.160653204444,1297.7352331131717,1305.9434783219242,4993788,INFY.NS
2023-04-11,1289.6187744140625,1314.564596044306,1273.8900163996034,1310.4834237107443,6942255,INFY.NS
2023-04-12,1309.93310546875,1312.8678683565352,1283.9783553609145,1295.946912669283,5831169,INFY.NS
2023-04-13,1274.0733642578125,1294.1126879036105,1268.3872190480308,1292.9203774786417,11267238,INFY.NS
2023-04-17,1154.0213623046875,1156.6351528002706,1087.0710673200379,1146.6843436762329,53171705,INFY.NS
2023-04-18,1154.9842529296875,1164.7057800036057,1149.2522072547338,1164.7057800036057,12430884,INFY.NS
2023-04-19,1130.084228515625,1150.3986208573567,1127.5163392156835,1150.3986208573567,11307230,INFY.NS
2023-04-20,1122.0137939453125,1135.2662413976043,1120.1795389648407,1128.7087574516104,8621249,INFY.NS
2023-04-21,1125.6363525390625,1131.047426880891,1118.8954881773257,1126.324198126057,8691352,INFY.NS
2023-04-24,1124.6734619140625,1128.0667887734735,1117.0612591269032,1126.2325338323785,8313774,INFY.NS
2023-04-25,1123.389404296875,1133.110932602619,1114.3098204064606,1124.3523209198693,6808576,INFY.NS
2023-04-26,1125.8197021484375,1130.818001330537,1119.3998108189048,1126.232364666585,5680192,INFY.NS
2023-04-27,1142.969970703125,1144.3915628906238,1123.8478876663187,1128.0666511252507,8020704,INFY.NS
2023-04-28,1148.931396484375,1154.6634429645405,1141.7777576955154,1151.6368776414001,10118277,INFY.NS
2023-05-02,1171.5843505859375,1173.6937883843755,1150.5822227207543,1150.5822227207543,8886401,INFY.NS
2023-05-03,1163.9722900390625,1167.044644512001,1157.506496932256,1161.0833162689144,5549783,INFY.NS
2023-05-04,1168.007568359375,1170.0711048738817,1157.8732664731895,1163.788693033167,4505401,INFY.NS
2023-05-05,1154.7548828125,1173.0057372369336,1150.3068380996276,1173.0057372369336,5373791,INFY.NS
2023-05-08,1160.71630859375,1165.026874150822,1151.1781621177383,1157.8273351579073,5260842,INFY.NS
2023-05-09,1165.3936767578125,1166.5859870922673,1156.2224032743827,1161.0832230022093,4969897,INFY.NS
2023-05-10,1158.5611572265625,1170.621404606506,1154.800957377408,1170.621404606506,6515734,INFY.NS
2023-05-11,1152.003662109375,1170.1628287388498,1149.2064908153254,1164.9810367298412,6888461,INFY.NS
2023-05-12,1142.0069580078125,1151.9119783998672,1136.3667142373067,1149.4815684750179,8292212,INFY.NS
2023-05-15,1154.067138671875,1163.742876662217,1142.4196665102663,1146.317457613311,5534710,INFY.NS
2023-05-16,1159.524169921875,1168.3743594123644,1158.1025777274938,1160.1661142944206,5236469,INFY.NS
2023-05-17,1143.5662841796875,1156.4518581798793,1139.4849996963649,1156.1308859507287,10465667,INFY.NS
2023-05-18,1142.74072265625,1155.2595338626716,1139.4848756551935,1154.2965053260136,6948732,INFY.NS
2023-05-19,1163.7431640625,1167.7785476506892,1148.977432981078,1151.95809750187,11094136,INFY.NS
2023-05-22,1185.662353515625,1188.2302430762331,1164.9810857591126,1167.4572849700612,7625947,INFY.NS
2023-05-23,1192.3116455078125,1205.2431208057392,1189.5602630208477,1191.5319975732739,7436031,INFY.NS
2023-05-24,1191.027587890625,1196.8513248198226,1184.2867235094584,1188.8723607693044,4824077,INFY.NS
2023-05-25,1196.2550048828125,1198.685414686715,1182.4064046555832,1187.2213231154954,4334121,INFY.NS
2023-05-26,1208.2694091796875,1213.7721734013032,1197.7683455717138,1197.7683455717138,5521606,INFY.NS
2023-05-29,1205.4722900390625,1222.2556544688687,1201.2993155421436,1222.2556544688687,4419365,INFY.NS
2023-05-30,1214.1390380859375,1216.4777576450638,1200.6573106206852,1206.0224833077132,6274719,INFY.NS
2023-05-31,1209.049072265625,1220.7882355808035,1205.24297124017,1210.4705525350664,17800782,INFY.NS
2023-06-01,1210.1495361328125,1219.3208096161989,1208.8655354543341,1212.9468193268542,4277841,INFY.NS
2023-06-02,1207.3612060546875,1220.2806442692772,1204.619361093427,1216.655749596294,10909311,INFY.NS
2023-06-05,1212.47314453125,1217.0738979713722,1205.7811188985672,1212.0084173773478,5002553,INFY.NS
2023-06-06,1188.772216796875,1197.6949566393228,1183.195490212996,1197.6949566393228,10008100,INFY.NS
2023-06-07,1198.0201416015625,1202.7139314625765,1192.0252064148026,1199.4608412306454,5397578,INFY.NS
2023-06-08,1192.30419921875,1200.8551346703464,1190.7240585978548,1195.4642535429527,5034942,INFY.NS
2023-06-09,1176.642822265625,1192.0253388838628,1174.8304314613665,1192.0253388838628,5339073,INFY.NS
2023-06-12,1200.80859375,1204.2940478285252,1183.1954778567024,1183.6602050671725,4785588,INFY.NS
2023-06-13,1212.798583984375,1214.332206477655,1205.5489075433659,1208.1978299633267,4846587,INFY.NS
2023-06-14,1208.6624755859375,1214.5179699939283,1201.970336101225,1214.1926836588375,3457981,INFY.NS
2023-06-15,1196.02197265625,1202.6674808789603,1192.1647141872293,1202.6674808789603,6161155,INFY.NS
2023-06-16,1200.52978515625,1209.6848882031022,1190.677591317118,1196.2077995523568,8536287,INFY.NS
2023-06-19,1202.714111328125,1207.826111028515,1196.2544479993342,1202.714111328125,4451787,INFY.NS
2023-06-20,1211.4510498046875,1212.938154351979,1200.0187137709518,1202.7141545834947,4009180,INFY.NS
2023-06-21,1207.6865234375,1211.8226634951286,1203.6434195847064,1208.2441733725773,4041529,INFY.NS
2023-06-22,1191.1422119140625,1198.4384055285493,1183.6600593630037,1198.4384055285493,6676607,INFY.NS
2023-06-23,1175.7598876953125,1189.0975364568558,1174.2262651500378,1186.402095840736,7239467,INFY.NS
2023-06-26,1180.732421875,1184.1249532633137,1173.2038636237187,1180.6394991230175,3403244,INFY.NS
2023-06-27,1188.91162109375,1191.5605434478787,1184.3107537282526,1189.7016346437479,3240024,INFY.NS
2023-06-28,1202.1099853515625,1205.2236353137198,1191.0030491785699,1198.996335389405,5662358,INFY.NS
2023-06-30,1241.286376953125,1244.446544670447,1212.4267718508554,1215.9122259231685,12821692,INFY.NS
2023-07-03,1239.6134033203125,1251.0457388883244,1234.733767265956,1236.1744671036192,7732412,INFY.NS
2023-07-04,1250.2554931640625,1251.0455066392037,1237.4754963466114,1249.4654796889213,5797775,INFY.NS
2023-07-05,1252.25390625,1262.1525044299242,1246.3982983908247,1262.0595816855596,5414936,INFY.NS
2023-07-06,1249.0938720703125,1252.3933673295787,1242.8200544623764,1247.8391312404847,5963897,INFY.NS
2023-07-07,1236.3602294921875,1250.8598092744526,1231.8523982272873,1239.8922016871068,6295647,INFY.NS
2023-07-10,1235.3843994140625,1247.2349435988492,1226.229295814045,1242.262385005227,3940315,INFY.NS
2023-07-11,1253.462158203125,1255.5999486675075,1233.3859662223854,1239.38090160913,6126128,INFY.NS
2023-07-12,1239.2415771484375,1256.52940602109,1233.3859691382677,1255.6928743826675,8102770,INFY.NS
2023-07-13,1268.7982177734375,1279.6729026631901,1236.9644035943056,1240.728739413603,9977644,INFY.NS
2023-07-14,1325.35546875,1329.1198044888868,1283.251252109647,1283.251252109647,12833381,INFY.NS
2023-07-17,1322.5670166015625,1356.027373066275,1314.5273272735951,1325.3553796402884,11569884,INFY.NS
2023-07-18,1371.1309814453125,1373.686980851345,1328.1902368074773,1332.8375084548093,16743977,INFY.NS
2023-07-19,1370.8988037109375,1393.0663832409173,1357.6540777205,1381.1693208273919,13687062,INFY.NS
2023-07-20,1347.2442626953125,1367.2275339253567,1339.0650179246122,1367.2275339253567,8347221,INFY.NS
2023-07-21,1237.6614990234375,1254.7634832648805,1212.9380338227177,1227.065695806331,45548305,INFY.NS
2023-07-24,1242.308837890625,1254.6706278841593,1240.1246425497882,1246.3984603029912,8859789,INFY.NS
2023-07-25,1240.4498291015625,1248.1178279606174,1230.829998679233,1242.6805423705,6801982,INFY.NS
2023-07-26,1253.694580078125,1254.7634753600048,1244.9112811341217,1248.2572943766568,5528885,INFY.NS
2023-07-27,1257.69140625,1267.590119578346,1252.0217563705712,1262.7568879997546,9191861,INFY.NS
2023-07-28,1245.93359375,1267.6363307852569,1241.7510490488623,1258.3417870049511,6122735,INFY.NS
2023-07-31,1260.0611572265625,1261.7342203608282,1239.1949534409387,1253.6014951835484,7902180,INFY.NS
2023-08-01,1268.8909912109375,1272.4229630074722,1261.2695111768735,1265.9167827729561,6064652,INFY.NS
2023-08-02,1261.130126953125,1275.1648651116004,1253.322687629451,1272.7019018221301,7419145,INFY.NS
2023-08-03,1268.0546875,1270.145959906921,1253.8339897494227,1254.7634441524986,6503741,INFY.NS
2023-08-04,1281.1134033203125,1288.13082917061,1265.9168471204257,1272.3301049407662,5712345,INFY.NS
2023-08-07,1294.72998046875,1296.5888892705716,1279.8587100541772,1289.9897857158628,3729093,INFY.NS
2023-08-08,1292.1275634765625,1295.241326729345,1286.7367956063742,1294.5906405227167,4161877,INFY.NS
2023-08-09,1296.03125,1297.5183543619519,1284.970719846274,1286.3649014591272,4090828,INFY.NS
2023-08-10,1291.1051025390625,1297.3325151820761,1287.8520120932285,1293.428738571801,3873025,INFY.NS
2023-08-11,1275.072021484375,1298.3083819497344,1270.610708350301,1293.800550711213,5783517,INFY.NS
2023-08-14,1295.2412109375,1296.5888744198694,1269.2628926543166,1275.0719825934739,4304135,INFY.NS
2023-08-16,1318.4310302734375,1319.7786937329943,1306.2552006588273,1311.2742769730567,7735313,INFY.NS
2023-08-17,1311.971435546875,1319.825280033983,1306.812918118155,1319.825280033983,5618346,INFY.NS
2023-08-18,1290.8262939453125,1309.3223454207798,1288.3632171358356,1304.6750735005544,5134103,INFY.NS
2023-08-21,1306.25537109375,1307.7424755952752,1289.2928265453395,1291.7093855426679,3032722,INFY.NS
2023-08-22,1304.7216796875,1306.8594702986447,1298.1225758070195,1305.6046160284368,2890714,INFY.NS
2023-08-23,1308.625244140625,1316.665047189912,1306.4875671497327,1316.1073972557133,2559125,INFY.NS
2023-08-24,1323.1712646484375,1324.5190416072762,1314.6667341741827,1321.2194330950322,5171963,INFY.NS
2023-08-25,1319.9180908203125,1322.148803936989,1311.8318834134902,1313.3189876716804,4307172,INFY.NS
2023-08-28,1315.7821044921875,1324.286634688253,1311.8319234109513,1319.9181310643203,3133464,INFY.NS
2023-08-29,1317.64111328125,1323.914930768979,1315.4569180328365,1323.5431263001694,3074444,INFY.NS
2023-08-30,1333.9066162109375,1335.3007979273286,1323.5431760940035,1326.331539526786,3070887,INFY.NS
2023-08-31,1334.185302734375,1342.968715084765,1327.8650807492497,1333.906534483456,9792735,INFY.NS
2023-09-01,1341.99267578125,1343.9910253779606,1327.446692130181,1330.0026916597724,3582133,INFY.NS
2023-09-04,1361.74365234375,1366.2980017078678,1333.4882151949037,1341.2027322887438,4609014,INFY.NS
2023-09-05,1374.570068359375,1375.6389635594269,1353.750268114738,1361.650630132572,5496840,INFY.NS
2023-09-06,1373.222412109375,1378.2880068646311,1360.0707225971962,1377.3585524279374,5075786,INFY.NS
2023-09-07,1362.76611328125,1369.4582536129653,1358.908967956038,1366.8557356852762,4411743,INFY.NS
2023-09-08,1365.9261474609375,1370.7128602563196,1357.1892535120792,1360.25649837947,3125838,INFY.NS
2023-09-11,1372.29296875,1373.7801866277496,1361.1860335253727,1365.9262284990148,4182226,INFY.NS
2023-09-12,1395.2041015625,1397.8995422546177,1372.8971939733306,1377.9162708726535,6793161,INFY.NS
2023-09-13,1392.64794921875,1398.8288435447748,1383.6322871056639,1398.8288435447748,4804686,INFY.NS
2023-09-14,1400.6412353515625,1405.846270656975,1393.3915592483722,1398.8288446904617,6444213,INFY.NS
2023-09-15,1404.96337890625,1411.2837147970909,1402.546819933446,1410.9119103107828,8657816,INFY.NS
2023-09-18,1386.5601806640625,1398.7360111511314,1383.0282084042437,1398.7360111511314,3991916,INFY.NS
2023-09-20,1385.11962890625,1389.6274607356734,1372.0607472293989,1372.0607472293989,4169337,INFY.NS
2023-09-21,1395.8082275390625,1398.4107453961012,1371.8747753272223,1381.680565209184,6779195,INFY.NS
2023-09-22,1390.6031494140625,1400.641188325793,1380.4255561991947,1386.6529684238076,5455613,INFY.NS
2023-09-25,1370.1551513671875,1384.7475392640083,1367.7385927513728,1384.7475392640083,4217863,INFY.NS
2023-09-26,1357.6075439453125,1375.4995405113145,1356.0739215478982,1374.8024497360157,3996528,INFY.NS
2023-09-27,1363.5096435546875,1365.9262023716149,1347.7554364104253,1353.2856448640935,3863586,INFY.NS
2023-09-28,1337.9033203125,1368.7147616522336,1333.767292906175,1364.3463706060295,5814602,INFY.NS
2023-09-29,1334.185302734375,1344.7347011757531,1316.1074596363055,1331.0716531169655,6068968,INFY.NS
2023-10-03,1332.837646484375,1335.626009761539,1320.1041662355099,1334.7430734406207,4181867,INFY.NS
2023-10-04,1342.4573974609375,1347.6623192444497,1318.1521429784143,1324.4724780818983,4510406,INFY.NS
2023-10-05,1360.2099609375,1371.5493723980028,1347.8946904576385,1349.5677537176623,7384621,INFY.NS
2023-10-06,1374.3841552734375,1379.7750360960613,1360.0706484952473,1365.8332203052626,3598672,INFY.NS
2023-10-09,1371.3634033203125,1385.8164641413844,1359.0481329313968,1361.5577278028998,3567552,INFY.NS
2023-10-10,1389.673828125,1391.393296146582,1365.4614945887647,1379.2174656790087,5688951,INFY.NS
2023-10-11,1388.9765625,1411.1440254040863,1376.9400609460672,1391.3931210472037,7220129,INFY.NS
2023-10-12,1362.1153564453125,1398.2711535251433,1349.5677226602481,1386.6529740945282,11081662,INFY.NS
2023-10-13,1330.188720703125,1336.555460811477,1301.2361927232737,1305.8834648401426,17973439,INFY.NS
2023-10-16,1332.97705078125,1341.7603494799055,1329.1197923285388,1331.0716238772634,4850745,INFY.NS
2023-10-17,1340.6915283203125,1350.8226045344618,1336.6020195003289,1338.6467739103207,3923764,INFY.NS
2023-10-18,1338.9256591796875,1351.4267762032766,1336.880791305478,1340.2733227545561,4264837,INFY.NS
2023-10-19,1332.5123291015625,1338.0890555260446,1325.49490296724,1325.49490296724,6795691,INFY.NS
2023-10-20,1326.563720703125,1337.0200821379894,1324.7048120035936,1329.119720164981,3928622,INFY.NS
2023-10-23,1309.27587890625,1331.3039013836562,1306.1157114580749,1325.0300845878248,2636516,INFY.NS
2023-10-25,1289.8814697265625,1320.4797298426586,1281.6434766183827,1317.1374123821106,6940777,INFY.NS
2023-10-26,1279.9014892578125,1293.6001393242148,1273.9230836517906,1275.7590480024355,6357656,INFY.NS
2023-10-27,1299.57861328125,1303.9565408986182,1283.8558619720413,1283.8558619720413,4634358,INFY.NS
2023-10-30,1296.4716796875,1299.5785105468342,1283.3378978736482,1299.5785105468342,2667696,INFY.NS
2023-10-31,1288.3277587890625,1300.3316893879341,1283.2437181381906,1299.2018387281082,3451595,INFY.NS
2023-11-01,1274.9117431640625,1296.848271394198,1272.5580310195833,1292.7058299617952,3090672,INFY.NS
2023-11-02,1289.9755859375,1295.765741180137,1281.9729641186536,1289.8343402140486,3758060,INFY.NS
2023-11-03,1307.7696533203125,1310.5469878192453,1297.1308279223888,1299.2962891749294,3349045,INFY.NS
2023-11-06,1321.185791015625,1324.9046103571086,1309.4172299003549,1312.3358100714709,2736381,INFY.NS
2023-11-07,1322.127197265625,1323.6335500133118,1313.2300966352614,1318.078766511828,2272209,INFY.NS
2023-11-08,1309.60546875,1322.7862570767434,1305.3216665728671,1322.7862570767434,3550635,INFY.NS
2023-11-09,1294.353515625,1315.7251773651033,1289.8814622493405,1314.2188244766687,5498051,INFY.NS
2023-11-10,1288.75146484375,1292.7998955154703,1281.3608320382564,1289.7870751538298,2943649,INFY.NS
2023-11-13,1293.176513671875,1301.5556365838725,1290.6344357148544,1299.1077990502322,3462092,INFY.NS
2023-11-15,1327.96435546875,1331.2595523805833,1311.4883709095843,1317.1372799012984,8551860,INFY.NS
2023-11-16,1360.3515625,1368.3541841941474,1328.0585842809098,1333.2367512594758,6673907,INFY.NS
2023-11-17,1353.4315185546875,1366.0944431282537,1351.0778065575678,1356.726715350655,4901251,INFY.NS
2023-11-20,1352.5369873046875,1367.0358756378293,1349.7596532252571,1357.6210280094697,3584210,INFY.NS
2023-11-21,1354.7967529296875,1365.1530866907901,1352.6784119330985,1357.6212075918063,3793135,INFY.NS
2023-11-22,1372.4967041015625,1373.5793197717323,1352.1605387506925,1352.1605387506925,3108786,INFY.NS
2023-11-23,1364.4468994140625,1382.0056146017555,1362.9875519464238,1382.0056146017555,3186928,INFY.NS
2023-11-24,1353.29052734375,1367.648173226221,1349.9482097083599,1360.963652882806,2973195,INFY.NS
2023-11-28,1358.2801513671875,1360.4456124998921,1343.5460053605395,1359.504127646951,3755373,INFY.NS
2023-11-29,1374.191162109375,1375.2267723820626,1364.964680220391,1366.1885414781705,3875778,INFY.NS
2023-11-30,1370.0018310546875,1375.179998215723,1364.7295383852872,1368.2129866863122,10120867,INFY.NS
2023-12-01,1367.318359375,1374.4736205469867,1361.5282051305396,1374.4736205469867,3489187,INFY.NS
2023-12-04,1378.663330078125,1385.7715867334168,1364.4940519087752,1374.9915161431222,5511948,INFY.NS
2023-12-05,1368.871826171875,1381.0641237085301,1357.621128395019,1380.0285133783032,5123039,INFY.NS
2023-12-06,1388.0311279296875,1390.5730909944189,1366.1416056780827,1371.5080232268922,5269178,INFY.NS
2023-12-07,1380.1226806640625,1386.6659544767813,1376.2626157196041,1386.6659544767813,4424453,INFY.NS
2023-12-08,1403.8951416015625,1407.2373438258442,1380.4521461092754,1384.3593311792147,6323433,INFY.NS
2023-12-11,1401.400146484375,1410.3442522227704,1395.2804951896835,1402.812373706227,3862018,INFY.NS
2023-12-12,1389.6787109375,1402.812378171591,1381.7702154844862,1391.0438179520306,6103494,INFY.NS
2023-12-13,1364.211669921875,1389.6788833678963,1349.2891566973667,1389.631763150233,8549258,INFY.NS
2023-12-14,1413.5924072265625,1422.5836336750658,1375.8388870549381,1377.7689770027378,12489858,INFY.NS
2023-12-15,1486.0396728515625,1495.5957668241965,1431.9984208352303,1433.9285107001285,18395389,INFY.NS
2023-12-18,1472.8118896484375,1499.7854551895782,1468.9989447357254,1476.2012123244115,6467243,INFY.NS
2023-12-19,1467.1158447265625,1481.8499902553428,1452.9464521784103,1478.225296674548,4221721,INFY.NS
2023-12-20,1446.497314453125,1490.8412269194432,1440.4717885612556,1473.470877793026,6592367,INFY.NS
2023-12-21,1446.1207275390625,1456.1475641627426,1432.2338260213533,1432.2338260213533,5319038,INFY.NS
2023-12-22,1471.446533203125,1474.3651129316345,1433.8812688345336,1445.1319655836069,6741060,INFY.NS
2023-12-26,1453.6055908203125,1457.4186507029785,1433.8815277911087,1445.1793467888062,6878067,INFY.NS
2023-12-27,1475.4007568359375,1478.1310856483994,1453.6524816822475,1453.6524816822475,4225849,INFY.NS
2023-12-28,1471.2113037109375,1477.1425892283842,1464.0089217215004,1477.1425892283842,5702253,INFY.NS
2023-12-29,1452.6170654296875,1468.1985714635211,1449.8867362525718,1450.875341361868,4388990,INFY.NS
2024-01-01,1460.5726318359375,1465.8920447074709,1445.4147473584744,1448.945315866922,2808451,INFY.NS
2024-01-02,1444.6143798828125,1458.5012814497022,1433.8814295846275,1455.5355811804557,5396313,INFY.NS
2024-01-03,1402.8125,1431.0099267639569,1400.9295302013422,1431.0099267639569,7550363,INFY.NS
2024-01-04,1424.18408203125,1430.821596173285,1405.5427510177758,1416.8875744672803,7056038,INFY.NS
2024-01-05,1442.8726806640625,1449.6042055294993,1418.1115826606078,1418.5823250946862,8895403,INFY.NS
2024-01-08,1433.6932373046875,1446.120791889042,1424.7020106289667,1439.4832774397032,4440136,INFY.NS
2024-01-09,1439.812744140625,1462.1258878294154,1436.5645526388157,1451.675429581847,4412074,INFY.NS
2024-01-10,1430.962890625,1445.6029115375234,1416.9347429419645,1435.7173203076957,4096845,INFY.NS
2024-01-11,1406.7667236328125,1435.7645051838629,1399.6114612154008,1435.6703796771912,11296088,INFY.NS
2024-01-12,1518.379638671875,1523.3224339613043,1464.3855074004339,1470.5992842073904,26754401,INFY.NS
2024-01-15,1555.4271240234375,1567.5251815652139,1540.2692406673768,1548.6954842465418,13228305,INFY.NS
2024-01-16,1536.07958984375,1552.0377114243083,1529.9128183588118,1548.5542635934448,6500917,INFY.NS
2024-01-17,1544.223388671875,1551.0962739751476,1525.4408120839046,1525.4408120839046,9209876,INFY.NS
2024-01-18,1546.48291015625,1552.508435864297,1532.972626255938,1546.5300303672077,6375464,INFY.NS
2024-01-19,1562.111572265625,1568.0429726211407,1547.9422946366542,1554.9563105966838,4522736,INFY.NS
2024-01-23,1546.0594482421875,1576.7047127157934,1541.8697714896578,1553.5442072103745,9401255,INFY.NS
2024-01-24,1577.36376953125,1581.6945769350064,1548.7426065821937,1562.7707540892902,8999681,INFY.NS
2024-01-25,1571.4322509765625,1582.2123208537434,1560.9817927200572,1575.0569444579046,8865304,INFY.NS
2024-01-29,1559.663818359375,1581.0825992301918,1551.1904544983925,1567.7135599982494,4253785,INFY.NS
2024-01-30,1554.815185546875,1591.109474259052,1551.8024798505812,1565.1715194029991,4995943,INFY.NS
2024-01-31,1563.7122802734375,1569.690686352798,1542.2463787626282,1551.8024734029086,6763779,INFY.NS
2024-02-01,1560.0875244140625,1578.8701012939357,1553.7795069313138,1562.4412365507558,5760011,INFY.NS
2024-02-02,1594.263427734375,1617.9417958851127,1567.5723538834523,1568.5609589964831,7858483,INFY.NS
2024-02-05,1588.4732666015625,1601.2304328815121,1583.4363454059862,1595.5815235195898,3634135,INFY.NS
2024-02-06,1628.2508544921875,1631.5931715300217,1575.9984476716934,1588.0494991796102,7694265,INFY.NS
2024-02-07,1594.6400146484375,1627.827356650715,1588.143745994436,1627.827356650715,4613877,INFY.NS
2024-02-08,1593.08642578125,1606.50258433862,1584.3306859949523,1598.6412091518757,5919715,INFY.NS
2024-02-09,1571.667724609375,1593.8397389846994,1562.6766131725003,1586.1194941932167,4600004,INFY.NS
2024-02-12,1581.7886962890625,1593.8867538003944,1572.6092188693096,1572.6092188693096,3555808,INFY.NS
2024-02-13,1585.978271484375,1590.2619583832927,1566.1599704025425,1584.518924068217,2696481,INFY.NS
2024-02-14,1568.7021484375,1571.761974467885,1539.7986069829612,1563.053238842943,3768579,INFY.NS
2024-02-15,1578.258056640625,1588.9910065851047,1564.3711555313787,1578.870044759722,4834391,INFY.NS
2024-02-16,1602.07763671875,1608.997527029752,1589.1792259716428,1590.1678309849335,4880654,INFY.NS
2024-02-19,1600.2886962890625,1611.3511420495545,1588.9437591339633,1605.2314912033248,3690993,INFY.NS
2024-02-20,1586.6373291015625,1595.1106926748687,1571.1028292171682,1586.401957891193,3706389,INFY.NS
2024-02-21,1558.67529296875,1576.04564252021,1549.0250732340833,1576.04564252021,4300508,INFY.NS
2024-02-22,1582.9654541015625,1586.0252797181995,1548.1776365233488,1567.5722005233338,5841277,INFY.NS
2024-02-23,1578.728759765625,1599.0648084069708,1574.0684559887509,1597.6997014214783,5373072,INFY.NS
2024-02-26,1563.006103515625,1576.9400103998594,1548.742584990576,1576.9400103998594,2782438,INFY.NS
2024-02-27,1566.254150390625,1573.315286661556,1556.0861831168934,1563.8063128021718,5159088,INFY.NS
2024-02-28,1573.45654296875,1589.0381630824766,1564.7949283890164,1572.2796869156693,3188916,INFY.NS
2024-02-29,1575.951416015625,1583.8127910418666,1556.5568522895687,1567.5721783829442,7814722,INFY.NS
2024-03-01,1557.8748779296875,1574.1154909938598,1554.3914300839626,1571.3381567596207,6387291,INFY.NS
2024-03-04,1541.39892578125,1567.0543875331723,1538.0567235736469,1560.8406106080845,4445156,INFY.NS
2024-03-05,1512.495361328125,1541.5401450012134,1508.2586796437324,1538.386193843857,4596579,INFY.NS
2024-03-06,1522.8988037109375,1525.3466412368123,1483.7800637991031,1509.0119027331223,6420684,INFY.NS
2024-03-07,1521.8631591796875,1533.1609775234701,1510.3299696204092,1522.004404894455,6348359,INFY.NS
2024-03-11,1506.940673828125,1519.3683431830998,1495.0779873422402,1514.0489306330928,6752895,INFY.NS
2024-03-12,1518.5679931640625,1529.9129319534898,1504.1633434380817,1506.375809923436,4614222,INFY.NS
2024-03-13,1517.108642578125,1529.4420705773052,1505.0105857809417,1518.5208697901078,5688997,INFY.NS
2024-03-14,1556.556884765625,1560.746446205705,1513.9075768353332,1519.9331026141767,8803799,INFY.NS
2024-03-15,1538.38623046875,1549.4957975654736,1523.6519697189988,1545.0707498555741,11809997,INFY.NS
2024-03-18,1508.87060546875,1537.1151488653109,1505.292917334249,1534.6201912131464,4958904,INFY.NS
2024-03-19,1470.08154296875,1505.4343467383314,1466.8334660527332,1499.1734492026353,6870411,INFY.NS
2024-03-20,1463.9617919921875,1482.7914886121835,1461.5139544170574,1471.540790852675,4759059,INFY.NS
2024-03-21,1463.7265625,1484.6746020178996,1453.0878518360887,1472.4824182469645,11062497,INFY.NS
2024-03-22,1420.559326171875,1439.4361424981196,1410.5324900051585,1431.9983895472183,14673890,INFY.NS
2024-03-26,1405.307373046875,1419.2412797585116,1400.8353200453062,1404.6953849138222,8351081,INFY.NS
2024-03-27,1397.0223388671875,1411.285858016063,1394.85699256447,1408.4614033302403,6857402,INFY.NS
2024-03-28,1410.391357421875,1423.3367734843898,1400.129150066849,1400.129150066849,12499530,INFY.NS
2024-04-01,1407.9434814453125,1440.4247089660325,1405.4486385196594,1435.7644049013911,6580002,INFY.NS
2024-04-02,1396.080810546875,1405.7781506375063,1394.1978408148962,1397.9637802788536,7279400,INFY.NS
2024-04-03,1394.009521484375,1407.613931160152,1388.690109266799,1392.4560485461666,8736248,INFY.NS
2024-04-04,1399.70556640625,1408.1319252871788,1382.09984460195,1403.3303752430386,11186915,INFY.NS
2024-04-05,1392.55029296875,1399.7055552251502,1389.6788329794124,1393.4447725803975,5072482,INFY.NS
2024-04-08,1390.2906494140625,1403.706808694374,1387.8428117589144,1396.2220500141934,6610887,INFY.NS
2024-04-09,1407.3785400390625,1425.2197460789992,1400.2703987062528,1402.8123617129154,9423230,INFY.NS
2024-04-10,1418.62939453125,1421.5008543199363,1397.6813569645744,1412.5567483925915,6744595,INFY.NS
2024-04-12,1397.8697509765625,1418.6295396712196,1392.9269550899642,1415.9933358940898,12275616,INFY.NS
2024-04-15,1382.240966796875,1404.6482366428452,1375.5564475345761,1393.3975389714133,8531224,INFY.NS
2024-04-16,1331.68310546875,1370.0016050968616,1330.3651187142993,1366.0944202615754,16173541,INFY.NS
2024-04-18,1336.202392578125,1360.1631363842591,1325.1399454315383,1337.9441165902024,22107945,INFY.NS
2024-04-19,1328.67041015625,1343.3575498977523,1298.0721544750609,1303.9564344137511,20603621,INFY.NS
2024-04-22,1348.9122314453125,1352.7722958085985,1330.3650284478476,1336.814175788956,5859087,INFY.NS
2024-04-23,1357.997802734375,1362.1873644449943,1349.1478219496535,1358.562670672261,4856174,INFY.NS
2024-04-24,1347.029541015625,1359.7867075742051,1343.546092803966,1359.7867075742051,4268213,INFY.NS
2024-04-25,1354.27880859375,1360.351454707475,1336.9084594402714,1336.9084594402714,9089398,INFY.NS
2024-04-26,1346.5587158203125,1360.8222343797577,1343.4988900371166,1355.4557017420498,8062444,INFY.NS
2024-04-29,1350.79541015625,1355.549954695784,1344.6757585333085,1346.2762368329832,5055957,INFY.NS
2024-04-30,1337.4263916015625,1352.4901496742034,1334.6019369629423,1350.7483107051714,6936588,INFY.NS
2024-05-02,1331.68310546875,1340.6743311181829,1329.235268018188,1330.3179985042082,10076354,INFY.NS
2024-05-03,1333.425048828125,1341.4276701119534,1321.0915052605797,1338.8855920418562,8842345,INFY.NS
2024-05-06,1342.4632568359375,1361.1045877183944,1334.1781442699464,1336.9084732924218,6445422,INFY.NS
2024-05-07,1356.632568359375,1358.892155017695,1332.7659500503705,1341.568810540377,6080661,INFY.NS
2024-05-08,1343.7813720703125,1355.5028124792066,1342.1807788692665,1351.2661306551702,6234983,INFY.NS
2024-05-09,1355.3145751953125,1365.1059257902893,1341.4746788069972,1344.0167568835536,6088406,INFY.NS
2024-05-10,1341.521728515625,1351.9250667078657,1330.3180362931507,1351.0778223208927,8777481,INFY.NS
2024-05-13,1340.156494140625,1341.615841553252,1328.6233053272724,1341.615841553252,3735954,INFY.NS
2024-05-14,1341.3333740234375,1349.8538575959403,1335.0725919265954,1342.9339671701941,3463230,INFY.NS
2024-05-15,1336.861328125,1348.0180152167325,1335.5433413149956,1342.5573572737128,4327544,INFY.NS
2024-05-16,1368.3070068359375,1370.566593499511,1343.4989036055658,1350.0421774524657,9249145,INFY.NS
2024-05-17,1359.78662109375,1371.7434327729238,1355.0320766083944,1371.7434327729238,7542860,INFY.NS
2024-05-21,1350.2303466796875,1360.1629416112855,1344.8168094895457,1346.3231620700312,6752663,INFY.NS
2024-05-22,1369.6722412109375,1374.5207963720839,1344.4404006067602,1345.1465142625411,7173285,INFY.NS
2024-05-23,1386.242431640625,1391.6559699792333,1365.1531462577914,1369.5780794505797,8641428,INFY.NS
2024-05-24,1379.3695068359375,1389.1609728015073,1374.5679568215526,1382.3352072624964,5277938,INFY.NS
2024-05-27,1385.2537841796875,1393.0210346021652,1374.8033247785525,1385.7245266295347,5821844,INFY.NS
2024-05-28,1381.205322265625,1389.6315652574615,1374.8502998635329,1389.1608228573064,6186922,INFY.NS
2024-05-29,1366.0474853515625,1379.7461367746178,1365.1531206572472,1379.6520112690093,7401634,INFY.NS
2024-05-30,1343.9224853515625,1365.011768697552,1338.3678167520543,1358.3743695494225,9663150,INFY.NS
2024-05-31,1351.0770263671875,1379.742614221291,1344.4507812144127,1353.8619835736356,37113815,INFY.NS
2024-06-03,1350.11669921875,1382.8636553906256,1348.2920640058599,1382.8636553906256,10589244,INFY.NS
2024-06-04,1338.3526611328125,1358.8555105856897,1304.4532506211224,1353.09357909204,13736134,INFY.NS
2024-06-05,1373.3564453125,1380.9430124283645,1344.594848794161,1344.594848794161,9233424,INFY.NS
2024-06-06,1413.833984375,1415.8026912541518,1380.4627967662166,1387.6171483700416,12660930,INFY.NS
2024-06-07,1472.749755859375,1478.607696455328,1418.6356360706318,1422.2368434730788,24075302,INFY.NS
2024-06-10,1440.2427978515625,1469.1005184048513,1437.8900560410068,1464.7790697698574,6810606,INFY.NS
2024-06-11,1436.4014892578125,1446.6768867495505,1434.67286293827,1440.530920339611,4853054,INFY.NS
2024-06-12,1426.2701416015625,1448.8857708643502,1423.9173996680136,1447.205207418443,9564320,INFY.NS
2024-06-13,1434.6728515625,1445.2844554182486,1430.2553942803347,1435.68123644537,7307565,INFY.NS
2024-06-14,1429.8233642578125,1444.0360586769375,1427.0864701658527,1444.0360586769375,4237727,INFY.NS
2024-06-18,1438.7542724609375,1447.2051523581276,1436.0654413858667,1437.6019330325926,5420939,INFY.NS
2024-06-19,1451.382568359375,1455.5119996711499,1437.3138282236787,1445.2845473689924,5493456,INFY.NS
2024-06-20,1455.27197265625,1457.2886253976005,1439.6186772686704,1456.1362858959162,7927010,INFY.NS
2024-06-21,1471.885498046875,1495.94161129154,1463.2425999556383,1483.6975056622882,17301941,INFY.NS
2024-06-24,1466.5556640625,1468.428244941943,1455.271881344855,1464.0588504809766,5564989,INFY.NS
2024-06-25,1480.7684326171875,1482.6411308173647,1460.0255012602715,1465.4513439015984,4551525,INFY.NS
2024-06-26,1479.568115234375,1487.394763279802,1474.0943265152384,1479.8562587361448,4851004,INFY.NS
2024-06-27,1510.922607421875,1515.7722804516513,1471.261378838573,1477.40734590662,14757754,INFY.NS
2024-06-28,1504.5843505859375,1525.4713521019703,1502.1835458139797,1510.1542645475977,8197544,INFY.NS
2024-07-01,1527.68017578125,1536.4190819140294,1497.6220524294586,1497.6220524294586,6801771,INFY.NS
2024-07-02,1556.7301025390625,1568.9742086490014,1523.550928895523,1532.86600586883,10493173,INFY.NS
2024-07-03,1562.8280029296875,1571.086748455425,1542.2770892539197,1560.5232067482063,7269965,INFY.NS
2024-07-04,1585.155517578125,1594.13450474685,1563.4042010408868,1563.5962185483268,8008311,INFY.NS
2024-07-05,1582.082275390625,1599.7522218867455,1568.5417599764332,1585.9235630103558,7065022,INFY.NS
2024-07-08,1595.718994140625,1599.8963711842514,1574.9280004454815,1577.904975049744,5880533,INFY.NS
2024-07-09,1591.3975830078125,1600.61665051487,1585.491579421059,1594.0384684368905,5191182,INFY.NS
2024-07-10,1582.8507080078125,1607.5789990626897,1572.575309683498,1591.2535253565572,9852770,INFY.NS
2024-07-11,1587.1240234375,1598.9360301908912,1576.896688557358,1590.2931327303997,8857679,INFY.NS
2024-07-12,1643.8311767578125,1651.5137527263023,1600.5206781808122,1613.3409533828683,17078316,INFY.NS
2024-07-15,1639.317626953125,1659.4363248574064,1635.092186939841,1657.7076984616265,6942230,INFY.NS
2024-07-16,1657.563720703125,1668.943512173137,1632.547287437264,1650.4092519603355,6886281,INFY.NS
2024-07-18,1688.2940673828125,1695.3524103380762,1650.7934479826547,1650.7934479826547,11248896,INFY.NS
2024-07-19,1721.8092041015625,1770.8336868455729,1715.5671113876276,1770.8336868455729,29819116,INFY.NS
2024-07-22,1738.9990234375,1750.6669588687384,1721.8092366549201,1728.7236252048558,8462126,INFY.NS
2024-07-23,1764.015380859375,1766.9442924167647,1712.494085746934,1738.1826974355533,7113056,INFY.NS
2024-07-24,1761.182373046875,1769.249100779416,1747.4017766683005,1764.5915628208677,6002845,INFY.NS
2024-07-25,1752.4434814453125,1758.2534761150766,1740.1033678723722,1747.7859434479678,5815599,INFY.NS
2024-07-26,1804.3489990234375,1808.2862957121283,1752.923709894062,1752.923709894062,11369047,INFY.NS
2024-07-29,1796.8583984375,1827.4926924499405,1790.040135957272,1818.4656425678857,4635931,INFY.NS
2024-07-30,1802.66845703125,1805.3572882821682,1786.1989113655025,1796.8584620686129,2721265,INFY.NS
2024-07-31,1794.121337890625,1810.3508009775471,1791.0483547900394,1802.5241542730917,5004209,INFY.NS
2024-08-01,1779.092529296875,1793.7855029159562,1771.8901142339544,1782.453656326238,7475014,INFY.NS
2024-08-02,1748.9383544921875,1785.7187334567977,1744.0887987976403,1769.8734206834515,7400938,INFY.NS
2024-08-05,1682.3880615234375,1726.1787193591779,1650.3613476722035,1714.1266318965754,10736703,INFY.NS
2024-08-06,1681.619873046875,1725.6506144088735,1675.617860395926,1690.3587800212945,7690163,INFY.NS
2024-08-07,1720.5609130859375,1726.5629255103806,1692.183351452448,1724.7382902879888,5094329,INFY.NS
2024-08-08,1673.9853515625,1709.3251315403352,1658.572136260406,1709.3251315403352,6227910,INFY.NS
2024-08-09,1700.4901123046875,1710.0933319139192,1686.325363381071,1700.9702732851492,4258524,INFY.NS
2024-08-12,1726.082763671875,1731.9407043499043,1697.9452825491308,1702.698946723047,4315329,INFY.NS
2024-08-13,1726.130615234375,1738.1827024097588,1718.0640047615366,1738.1827024097588,4176918,INFY.NS
2024-08-14,1750.906982421875,1752.5875458219782,1726.1306294039184,1730.5001411349067,7450718,INFY.NS
2024-08-16,1785.1904296875,1787.9753867685558,1756.9089953467567,1776.5955951852964,7335657,INFY.NS
2024-08-19,1790.8084716796875,1793.449357119504,1775.8273550396493,1786.1988792940135,2585989,INFY.NS
2024-08-20,1797.9146728515625,1810.8790189238414,1794.0733851264426,1805.405230806265,3870333,INFY.NS
2024-08-21,1798.3948974609375,1804.4449727328276,1793.0171179008144,1800.6996936229339,1966902,INFY.NS
2024-08-22,1805.6453857421875,1818.513723597305,1795.51394205871,1809.2465931329778,4300287,INFY.NS
2024-08-23,1788.215576171875,1807.9021772094957,1783.3179574078772,1803.6767369560596,5015935,INFY.NS
2024-08-26,1801.7081298828125,1813.8081635443523,1790.0401942272256,1795.8021261828926,3728589,INFY.NS
2024-08-27,1824.707763671875,1827.2526403543604,1799.5473747842314,1801.7080992308468,3830679,INFY.NS
2024-08-28,1862.1602783203125,1873.588133022963,1822.1148997127973,1831.2379582795415,6514531,INFY.NS
2024-08-29,1856.6385498046875,1873.1080958565294,1844.6825875729226,1856.3024605437945,7228284,INFY.NS
2024-08-30,1866.5777587890625,1872.6278340667684,1851.5007508106305,1861.1039704725115,13466759,INFY.NS
2024-09-02,1886.5526123046875,1897.3562350526781,1865.7136713170646,1866.241778093103,5573739,INFY.NS
2024-09-03,1864.2249755859375,1888.95326566776,1859.6153833595768,1888.95326566776,4694322,INFY.NS
2024-09-04,1846.1708984375,1850.7324277310104,1824.6597803927025,1844.8744872415468,4778310,INFY.NS
2024-09-05,1856.4464111328125,1863.0245930805459,1833.8307821972226,1849.8201661965988,4081810,INFY.NS
2024-09-06,1826.3883056640625,1859.6634851962026,1821.5866958391305,1845.7388167038994,5848106,INFY.NS
2024-09-09,1819.4739990234375,1844.634387126065,1814.0481565814205,1815.0084785277315,4772612,INFY.NS
2024-09-10,1836.423828125,1858.2230908792164,1820.770532458395,1829.3174217997903,6909600,INFY.NS
2024-09-11,1834.35888671875,1849.5799652721262,1829.4132055261682,1838.728280994298,5312946,INFY.NS
2024-09-12,1873.06005859375,1878.774045014654,1834.9833838435984,1848.6199097939516,8555092,INFY.NS
2024-09-13,1866.9619140625,1880.886582594913,1858.8472403257115,1873.0599351123685,3843127,INFY.NS
2024-09-16,1872.867919921875,1874.548483367517,1856.3504289468578,1868.5464710616527,1570181,INFY.NS
2024-09-17,1875.07666015625,1880.7424658489679,1865.0892884852562,1870.467067930622,2793127,INFY.NS
2024-09-18,1817.0732421875,1861.8242226231127,1806.6537722399733,1861.8242226231127,6385468,INFY.NS
2024-09-19,1819.041748046875,1848.5237015550497,1804.2528841458939,1834.7910511020839,7976570,INFY.NS
2024-09-20,1830.1336669921875,1839.0166455673825,1793.305341425795,1829.4134254860905,15242974,INFY.NS
2024-09-23,1821.2025146484375,1842.761812755645,1803.9167195535472,1833.2546020080952,3636672,INFY.NS
2024-09-24,1823.2672119140625,1835.0792186672709,1797.1465020357018,1813.0878227950013,7277616,INFY.NS
2024-09-25,1820.0982666015625,1826.1482246431408,1802.3323102544668,1811.5033146813457,4268341,INFY.NS
2024-09-26,1824.8516845703125,1841.8493352545952,1817.8893508178405,1822.498942813643,8952803,INFY.NS
2024-09-27,1831.093994140625,1896.2518191297418,1827.7809300940019,1855.438133669678,14908931,INFY.NS
2024-09-30,1801.179931640625,1825.8122145485347,1796.282312853667,1805.40537191387,6986955,INFY.NS
2024-10-01,1828.7890625,1833.2065199774477,1800.6036370139677,1800.6036370139677,4029072,INFY.NS
2024-10-03,1818.273681640625,1835.9915754881,1806.3656655040093,1814.528402429466,7503887,INFY.NS
2024-10-04,1842.04150390625,1876.565029844856,1811.1671309069884,1814.5763205944831,10001483,INFY.NS
2024-10-07,1857.55078125,1864.9452133204372,1840.0249057901142,1846.8911139011777,6112575,INFY.NS
2024-10-08,1871.2354736328125,1880.2624066206963,1830.7098150344227,1861.008020922201,5637391,INFY.NS
2024-10-09,1875.2686767578125,1898.5564839074102,1867.9221904384558,1875.07665925967,4857163,INFY.NS
2024-10-10,1842.8577880859375,1886.07227503949,1838.1521871723023,1880.2143346978125,4782119,INFY.NS
2024-10-11,1858.3189697265625,1869.7468243014484,1834.3109211351211,1841.8974879353766,4709431,INFY.NS
2024-10-14,1881.1746826171875,1891.354071794841,1854.477685639696,1855.4860705732615,3751378,INFY.NS
2024-10-15,1881.558837890625,1912.433094709219,1874.3083602991192,1882.2310163628915,5353705,INFY.NS
2024-10-16,1843.9141845703125,1881.7989564876755,1840.312977195666,1877.42944464905,3111512,INFY.NS
2024-10-17,1890.0096435546875,1899.516854492198,1853.5654717255002,1858.415027332384,8162822,INFY.NS
2024-10-18,1805.0211181640625,1859.9995499352583,1795.0818094027522,1818.6577602233042,10526196,INFY.NS
2024-10-21,1779.2364501953125,1823.4593218230411,1765.071701772492,1816.0647726492866,4654601,INFY.NS
2024-10-22,1778.132080078125,1803.2925852339904,1773.666559613223,1784.4701814346959,4125240,INFY.NS
2024-10-23,1799.067138671875,1811.1671716222952,1770.8336503030287,1772.034052723245,4311910,INFY.NS
2024-10-24,1789.4158935546875,1809.2465653946333,1786.198838446931,1787.5433126309072,2906475,INFY.NS
2024-10-25,1788.1676025390625,1801.9001366151979,1773.1385399992107,1789.5119595392343,4689120,INFY.NS
2024-10-28,1791.3365478515625,1807.2299232087717,1783.3178829165497,1785.9107053224764,7018940,INFY.NS
2024-10-29,1786.4317626953125,1798.378144066303,1776.4277753656768,1792.9391324904534,4621252,INFY.NS
2024-10-30,1750.3009033203125,1786.1402834543007,1744.716179758669,1779.3414895531696,5919715,INFY.NS
2024-10-31,1706.7401123046875,1736.5091412479787,1696.2991072073619,1736.5091412479787,7395236,INFY.NS
2024-11-01,1710.236572265625,1715.2385657478123,1701.6895882617994,1713.7816813488193,371966,INFY.NS
2024-11-04,1712.956298828125,1716.2099839138373,1668.6184223904768,1674.9315887150042,7336722,INFY.NS
2024-11-05,1703.77783203125,1717.6182349398387,1694.8423210868225,1709.4111662537578,3160880,INFY.NS
2024-11-06,1771.280029296875,1774.6794262747362,1711.9849045771186,1713.296076841982,10421494,INFY.NS
2024-11-07,1751.2237548828125,1773.22261567757,1735.6350435250165,1760.8390975998175,4550965,INFY.NS
2024-11-08,1777.350341796875,1787.6942446562714,1761.0333078003775,1765.7438769390867,4210960,INFY.NS
2024-11-11,1806.6337890625,1814.306737413767,1770.163186757311,1776.427742360696,3804234,INFY.NS
2024-11-12,1815.0838623046875,1826.9331420105937,1807.5080155670998,1817.3176807087516,5012450,INFY.NS
2024-11-13,1814.6953125,1819.3572716489662,1802.943134866599,1807.605094015565,4257495,INFY.NS
2024-11-14,1810.9560546875,1822.0768923467604,1802.6517655626797,1811.9758027067253,4311431,INFY.NS
2024-11-18,1759.3822021484375,1796.047127993138,1743.4050832115965,1796.047127993138,4839244,INFY.NS
2024-11-19,1772.300048828125,1806.2454112988496,1768.2208195271305,1773.0284911005574,4669769,INFY.NS
2024-11-21,1781.3326416015625,1813.3354888516371,1768.26917339711,1789.0540816629436,5436504,INFY.NS
2024-11-22,1847.572265625,1859.0331371970146,1781.2840242640295,1800.80625185363,6301486,INFY.NS
2024-11-25,1835.3829345703125,1864.1322151458903,1827.9043086809907,1860.9270220152914,12764638,INFY.NS
2024-11-26,1868.8428955078125,1882.8775020849253,1842.764686697864,1850.1947027907097,6850495,INFY.NS
2024-11-27,1869.182861328125,1885.5971174937745,1856.799342761259,1874.6218732216507,4447143,INFY.NS
2024-11-28,1803.282958984375,1859.8586361338635,1798.4266776839897,1859.8586361338635,8468790,INFY.NS
2024-11-29,1804.448486328125,1823.0480681141644,1791.9678666332622,1797.8925063282472,5244346,INFY.NS
2024-12-02,1825.7677001953125,1828.6814691911163,1782.4495729417774,1805.5655210664468,2868263,INFY.NS
2024-12-03,1837.714111328125,1845.1442460985531,1817.3663382733384,1832.7607276683614,4715792,INFY.NS
2024-12-04,1834.946044921875,1858.9360291550868,1821.105642042353,1829.8469491241563,4705573,INFY.NS
2024-12-05,1879.2352294921875,1893.8526842407528,1834.654541582606,1845.386971128795,9050038,INFY.NS
2024-12-06,1867.1431884765625,1882.2461532385446,1857.4306251975142,1877.2442779990854,3573331,INFY.NS
2024-12-09,1868.3572998046875,1874.7189577548504,1842.667498232043,1868.8914196597946,4274645,INFY.NS
2024-12-10,1892.54150390625,1909.101352624084,1876.4671647750902,1883.2659588503623,6174921,INFY.NS
2024-12-11,1917.4056396484375,1921.1449526741415,1895.8922889888395,1898.806057875605,5025612,INFY.NS
2024-12-12,1929.8863525390625,1941.3472248051385,1913.9092331296335,1918.4254802729865,6462130,INFY.NS
2024-12-13,1942.22119140625,1948.7771714843159,1897.6406217246506,1913.132112410419,5362693,INFY.NS
2024-12-16,1923.1361083984375,1942.1240981650324,1920.7564592966078,1938.0933607570853,3119221,INFY.NS
2024-12-17,1919.78515625,1925.029963920521,1901.7198129951464,1911.432375880719,5811050,INFY.NS
2024-12-18,1922.261962890625,1927.8951783904936,1905.216367108079,1910.2669710918078,3064095,INFY.NS
2024-12-19,1890.2589111328125,1903.4194810568974,1864.8120442042316,1878.4096320265542,5323592,INFY.NS
2024-12-20,1866.900390625,1923.038935729017,1856.313672846486,1918.3769764514818,11056720,INFY.NS
2024-12-23,1868.988525390625,1884.2372017118134,1854.1282567360063,1874.5732490554924,2781793,INFY.NS
2024-12-24,1854.1768798828125,1886.1797274213886,1787.111585198432,1871.6594932162752,2360544,INFY.NS
2024-12-26,1852.5743408203125,1864.5693327398988,1847.6209572676305,1854.1769374712999,3623321,INFY.NS
2024-12-27,1861.655517578125,1868.8428379280153,1849.1748978049127,1854.5168074679777,3937500,INFY.NS
2024-12-30,1851.214599609375,1860.9271630910612,1832.2751008200871,1860.6357387619842,7789055,INFY.NS
2024-12-31,1825.9617919921875,1842.473148621904,1792.0164326986576,1837.9082915665463,3613063,INFY.NS
2025-01-01,1828.389892578125,1838.5394729768454,1820.134214444306,1820.134214444306,1838368,INFY.NS
2025-01-02,1901.5740966796875,1906.236174279187,1831.10952423594,1832.760612498252,7083645,INFY.NS
2025-01-03,1883.0230712890625,1896.8148627360356,1866.754528958132,1896.8148627360356,6218003,INFY.NS
2025-01-06,1882.1490478515625,1916.288731426852,1872.5821967516326,1895.8923485784164,7164403,INFY.NS
2025-01-07,1875.3502197265625,1902.2540906114118,1868.357221729347,1889.0935202054077,4294832,INFY.NS
2025-01-08,1877.5841064453125,1882.8774057609294,1834.460303784991,1874.5246254427705,5482050,INFY.NS
2025-01-09,1862.1898193359375,1895.74665458795,1855.6338390718154,1878.4583629543145,6833503,INFY.NS
2025-01-10,1910.4124755859375,1920.9507009797642,1876.709930393327,1881.3233976824297,8036913,INFY.NS
2025-01-13,1905.799072265625,1925.8070469770787,1892.9785364775742,1899.7773306055078,5804152,INFY.NS
2025-01-14,1884.285888671875,1915.1232771204202,1875.5930733895989,1912.2579998126723,5792162,INFY.NS
2025-01-15,1893.60986328125,1901.7684398888914,1881.420549328485,1891.036010381721,2985439,INFY.NS
2025-01-16,1873.0191650390625,1910.41253260361,1861.7526156669912,1909.4412763032324,7533579,INFY.NS
2025-01-17,1763.2672119140625,1804.5942151264314,1759.9164250856263,1797.7954209897873,16409953,INFY.NS
2025-01-20,1761.1790771484375,1775.407886940151,1741.6082392029957,1770.5516054927243,4333011,INFY.NS
2025-01-21,1748.941162109375,1779.0016155615642,1741.5111463055791,1766.7638099629812,7169109,INFY.NS
2025-01-22,1803.0887451171875,1812.1700865447272,1753.2633671133483,1755.448693830049,8373913,INFY.NS
2025-01-23,1811.8299560546875,1825.5247642701754,1799.446438649042,1804.5941442893445,5907471,INFY.NS
2025-01-24,1821.5426025390625,1840.4336089404926,1810.6645792715367,1811.8786496612856,4887027,INFY.NS
2025-01-27,1769.62890625,1809.4504129219265,1759.9163436470913,1795.6100112127813,7652371,INFY.NS
2025-01-28,1777.15625,1809.9361507719634,1772.4456805643415,1777.3990640797924,6999495,INFY.NS
2025-01-29,1827.1759033203125,1834.36322360914,1787.5972093347696,1791.9678626583263,5145155,INFY.NS
2025-01-30,1806.4881591796875,1832.9548941080284,1790.9966681783667,1819.3088138415467,7336056,INFY.NS
2025-01-31,1825.7677001953125,1842.910279604707,1817.2205970496623,1817.2205970496623,5820470,INFY.NS
2025-02-01,1798.1353759765625,1836.2571867836969,1792.9391783431893,1826.2533177597818,1701402,INFY.NS
2025-02-03,1809.741943359375,1822.6110895629577,1779.7300994439906,1783.2265984737837,4823228,INFY.NS
2025-02-04,1844.2215576171875,1856.2650411997822,1821.1056096540206,1834.703198206104,7334787,INFY.NS
2025-02-05,1842.5218505859375,1864.5207114002724,1839.8508957040453,1851.2145472314708,4996744,INFY.NS
2025-02-06,1860.587158203125,1868.6971246106148,1845.3869733680706,1861.898330498206,4765255,INFY.NS
2025-02-07,1848.93212890625,1868.405747107761,1835.14021793859,1864.13231412214,4126260,INFY.NS
2025-02-10,1826.2532958984375,1850.2432794461592,1824.6020890265615,1850.2432794461592,3828734,INFY.NS
2025-02-11,1821.7369384765625,1848.3007750893653,1816.249316561804,1828.9727506286142,4411601,INFY.NS
2025-02-12,1809.59619140625,1840.142154487476,1793.9103785152583,1830.8181177592105,5633947,INFY.NS
2025-02-13,1790.2681884765625,1819.6486917731397,1782.8866642532057,1814.7924102365155,5237744,INFY.NS
2025-02-14,1803.0401611328125,1805.8568280246752,1775.796375368045,1800.709122375355,5292961,INFY.NS
2025-02-17,1789.3455810546875,1799.495162260814,1769.7747423270973,1785.7033698235564,4428956,INFY.NS
2025-02-18,1798.7181396484375,1808.1393973263787,1784.780634818134,1789.3456107739096,4365260,INFY.NS
2025-02-19,1758.7509765625,1796.0471240806544,1753.9917969230971,1794.2989338566194,4611411,INFY.NS
2025-02-20,1772.6884765625,1778.3703022593725,1753.6518766132701,1753.6518766132701,2218020,INFY.NS
2025-02-21,1762.8302001953125,1777.2533326664163,1754.2830972545896,1769.4347905187403,3379879,INFY.NS
2025-02-24,1713.3931884765625,1756.0313630959042,1699.9413126430345,1748.309923055587,7594720,INFY.NS
2025-02-25,1716.8896484375,1727.3306532632726,1694.987890846883,1694.987890846883,5092963,INFY.NS
2025-02-27,1713.5875244140625,1724.8054634563641,1700.7668702151418,1704.748997302386,5757079,INFY.NS
2025-02-28,1639.189208984375,1704.6519072727174,1634.0901134127998,1704.6034155946859,12182167,INFY.NS
2025-03-03,1659.4884033203125,1678.9135283002097,1643.6569975986285,1643.6569975986285,7504969,INFY.NS
2025-03-04,1639.7720947265625,1650.1644899401717,1621.9980566215932,1646.2794646548505,6759673,INFY.NS
2025-03-05,1662.30517578125,1683.1385762213686,1643.8026956375877,1643.8026956375877,8180782,INFY.NS
2025-03-06,1666.5301513671875,1672.794825837321,1642.4915571816716,1665.7046071983816,10610547,INFY.NS
2025-03-07,1637.5382080078125,1655.9920786793123,1627.340016320931,1654.146667899849,8019331,INFY.NS
2025-03-10,1652.5440673828125,1669.5896637303404,1628.01984457351,1637.5382042171923,7558981,INFY.NS
2025-03-11,1613.8394775390625,1631.7106175387037,1589.995206020896,1631.7106175387037,12671234,INFY.NS
2025-03-12,1545.123046875,1589.84944650162,1518.850635339536,1589.84944650162,14870008,INFY.NS
2025-03-13,1534.439208984375,1559.886194636392,1525.163782654934,1553.2816045131979,7822888,INFY.NS
2025-03-17,1544.34619140625,1548.1826065260266,1500.736758011993,1500.736758011993,7526032,INFY.NS
2025-03-18,1544.34619140625,1544.34619140625,1544.34619140625,1544.34619140625,0,INFY.NS
2025-03-19,1540.94677734375,1556.9238965430377,1527.5920028100838,1556.9238965430377,7387068,INFY.NS
2025-03-20,1569.1131591796875,1584.9931759348294,1546.2400259441436,1546.2400259441436,7186750,INFY.NS
2025-03-21,1546.7742919921875,1557.7980274559397,1518.7049607743006,1532.59385494289,10074677,INFY.NS
2025-03-24,1546.968505859375,1560.9060103586978,1527.4947691913153,1552.0189913058653,8857726,INFY.NS
2025-03-25,1581.6422119140625,1589.1209562659596,1558.8663000022038,1558.8663000022038,9890140,INFY.NS
2025-03-26,1553.475830078125,1590.6749935166006,1549.1537869998338,1579.2627320763197,6651302,INFY.NS
2025-03-27,1557.4581298828125,1573.3866387891755,1540.4125339270274,1549.688079270318,9426573,INFY.NS
2025-03-28,1525.5037841796875,1552.504639118573,1515.1598805138667,1544.2975705237486,6799047,INFY.NS
2025-04-01,1482.6226806640625,1502.92196020728,1474.2212903040318,1495.0061979771754,12680733,INFY.NS
2025-04-02,1505.593017578125,1510.9349273715397,1491.0726643663595,1491.0726643663595,6193478,INFY.NS
2025-04-03,1453.485107421875,1490.5385603678294,1442.3642697947264,1490.5385603678294,10459504,INFY.NS
2025-04-04,1409.92431640625,1429.6893595876932,1406.3792069857197,1418.5199114659142,9590254,INFY.NS
2025-04-07,1356.602294921875,1365.489314158466,1269.4320382766355,1313.1385736419368,21715252,INFY.NS
2025-04-08,1387.7310791015625,1414.6348317731379,1374.3276944448953,1389.8677955834949,12805001,INFY.NS
2025-04-09,1363.3524169921875,1368.9371407012397,1342.1791008495861,1364.663707842691,8546854,INFY.NS
2025-04-11,1368.9371337890625,1397.4436008179698,1356.893650613513,1370.6854425398662,12567440,INFY.NS
2025-04-15,1385.011474609375,1406.087688754894,1368.5001176189407,1404.0480742507405,10178530,INFY.NS
2025-04-16,1372.482177734375,1386.4682913913693,1356.6507720589223,1384.0401507759727,12022740,INFY.NS
2025-04-17,1378.6983642578125,1388.7023519091767,1338.6826507754836,1357.8163531049115,14264227,INFY.NS
2025-04-21,1409.29296875,1429.4951483248678,1369.4714582615436,1369.4714582615436,15648970,INFY.NS
2025-04-22,1381.903564453125,1398.6091260339042,1378.5041672717928,1398.6091260339042,9399738,INFY.NS
2025-04-23,1432.5059814453125,1445.0352117850275,1398.2205856526791,1404.4366498623076,11136642,INFY.NS
2025-04-24,1429.1065673828125,1440.2760150192205,1419.4911061400271,1427.6496829084983,7114292,INFY.NS
2025-04-25,1437.653564453125,1458.535575435,1421.4336312546193,1433.0887071514799,8329979,INFY.NS
2025-04-28,1439.4989013671875,1446.7833234291916,1423.1818670852326,1437.6534907325017,5886253,INFY.NS
2025-04-29,1454.456298828125,1466.4027986571466,1431.7288778586658,1439.4018262859975,8056743,INFY.NS
2025-04-30,1456.9815673828125,1465.431568419441,1439.984581952398,1453.7764926957282,7704183,INFY.NS
2025-05-02,1463.586181640625,1479.4175886205041,1453.1936678135066,1456.5930649551544,7402310,INFY.NS
2025-05-05,1465.2371826171875,1479.2232965927526,1459.6039673980883,1471.4532464465005,4282493,INFY.NS
2025-05-06,1468.053955078125,1472.0360823521305,1456.0103527730441,1462.7120452184295,4270530,INFY.NS
2025-05-07,1464.9459228515625,1475.1441139885928,1453.5821530190785,1456.8844481471906,5691799,INFY.NS
2025-05-08,1467.956787109375,1472.910170498641,1458.0499017692832,1464.654491996011,8424409,INFY.NS
2025-05-09,1464.2659912109375,1467.9568126185206,1451.1540310083215,1457.5642989506216,4478653,INFY.NS
2025-05-12,1580.136962890625,1585.0903465111594,1487.96471253376,1492.8209942326298,11372857,INFY.NS
2025-05-13,1523.5125732421875,1565.859323230766,1519.627548132014,1562.7513505672503,12846210,INFY.NS
2025-05-14,1546.6285400390625,1549.1537826809642,1524.3867472838704,1528.75740058924,4870057,INFY.NS
2025-05-15,1566.636474609375,1572.075486394776,1525.843708376521,1544.1033749720434,11151167,INFY.NS
2025-05-16,1544.200439453125,1566.2479103864578,1536.0418626920532,1566.2479103864578,4576751,INFY.NS
2025-05-19,1514.9656982421875,1539.4413107743521,1510.9834523682187,1531.1856318206726,8855798,INFY.NS
2025-05-20,1515.7425537109375,1537.9843466293191,1513.2173110505078,1524.8723866170074,7143998,INFY.NS
2025-05-21,1523.41552734375,1525.8436681268927,1507.4869000940212,1522.832797268108,4157309,INFY.NS
2025-05-22,1503.0191650390625,1515.9369216042496,1495.7347425913772,1510.7892156499267,6158990,INFY.NS
2025-05-23,1519.8218994140625,1541.5779455953386,1505.447258808557,1505.447258808557,5038421,INFY.NS
2025-05-26,1535.070556640625,1538.275749801986,1517.782147363295,1521.5700705826603,3170102,INFY.NS
2025-05-27,1524.969482421875,1537.4016104009331,1511.6633186280806,1534.4878415209876,7775714,INFY.NS
2025-05-28,1526.6207275390625,1542.063608140773,1524.8724187426308,1535.556238237006,3623370,INFY.NS
2025-05-29,1540.02392578125,1562.6542444112208,1531.2826193070812,1543.3262208282474,8609500,INFY.NS
2025-05-30,1539.1375732421875,1548.297396005105,1531.652190030095,1547.3124739974683,13148092,INFY.NS
2025-06-02,1530.371826171875,1536.4782943781508,1515.7949327230604,1536.4782943781508,4374509,INFY.NS
2025-06-03,1519.734619140625,1543.6682714095227,1512.4461724234918,1535.4933708621093,6853403,INFY.NS
2025-06-04,1527.8109130859375,1533.8190332918903,1518.158749909477,1519.7346010168856,4548307,INFY.NS
2025-06-05,1530.8642578125,1544.0621159555858,1518.3556767230737,1524.5607331925255,6948539,INFY.NS
2025-06-06,1540.2210693359375,1545.2441474823067,1519.8331118292815,1531.2581829658582,3960020,INFY.NS
2025-06-09,1549.183837890625,1564.0561360451065,1547.3124620446238,1554.2069160448225,2903202,INFY.NS
2025-06-10,1571.935546875,1583.2621501262925,1553.7144894707471,1560.116482612782,8591925,INFY.NS
2025-06-11,1606.5062255859375,1609.9534525332194,1566.1244242034918,1566.1244242034918,10597410,INFY.NS
2025-06-12,1584.345458984375,1603.452969273507,1574.0037782857437,1592.6188275892266,10483574,INFY.NS
2025-06-13,1577.844970703125,1584.7394243828517,1546.5244044661895,1552.2369998927122,6968315,INFY.NS
2025-06-16,1599.31640625,1610.1505483486199,1573.01891647278,1575.875214344727,5591842,INFY.NS
2025-06-17,1615.173583984375,1622.5604988569514,1591.2399317053334,1596.2630097727385,7622083,INFY.NS
2025-06-18,1608.2791748046875,1619.9011823893957,1596.5585788351507,1596.5585788351507,5629707,INFY.NS
2025-06-19,1593.997802734375,1605.4228739879738,1587.2018168292147,1599.4148737815738,5147760,INFY.NS
2025-06-20,1598.429931640625,1606.1122510729595,1584.6410236941556,1594.58871180959,9202821,INFY.NS
2025-06-23,1560.116455078125,1576.8601291540897,1551.6461498856431,1576.8601291540897,7943676,INFY.NS
2025-06-24,1557.7525634765625,1584.739449496533,1552.827953627288,1576.860073737694,8083992,INFY.NS
2025-06-25,1590.550537109375,1595.4751470327865,1561.199813873949,1566.025955644839,7813533,INFY.NS
2025-06-26,1591.6339111328125,1599.5132869304996,1582.3756205245834,1584.5425210067874,6519233,INFY.NS
2025-06-27,1583.7545166015625,1605.0288069577266,1578.238977654369,1594.5886581952298,8912268,INFY.NS
2025-06-30,1577.6480712890625,1590.648993297183,1570.064099926214,1590.648993297183,6294505,INFY.NS
2025-07-01,1582.57275390625,1593.308307768125,1576.3676970723639,1584.7395342639384,4178937,INFY.NS
2025-07-02,1586.2169189453125,1624.1364168524187,1579.2239966239758,1593.6038341220215,8653641,INFY.NS
2025-07-03,1594.293212890625,1607.786716594206,1590.6490495377586,1594.0962765801005,5259695,INFY.NS
2025-07-04,1615.96142578125,1618.6207872342948,1587.9897380569496,1600.4981989662078,4411273,INFY.NS
2025-07-07,1602.4681396484375,1619.2118141254034,1598.5284515362102,1615.2721260131761,3294523,INFY.NS
2025-07-08,1613.9915771484375,1621.378491891406,1597.0509674297891,1603.4529602070286,4590681,INFY.NS
2025-07-09,1609.0670166015625,1613.3022292758048,1599.1193284889714,1613.1052929685202,4580828,INFY.NS
2025-07-10,1591.43701171875,1614.1886858160015,1582.868118202301,1614.1886858160015,5330179,INFY.NS
2025-07-11,1570.85205078125,1582.8680505457567,1539.433016356687,1555.2902357933656,11391755,INFY.NS
2025-07-14,1546.623046875,1567.7988696310574,1536.2813659941348,1567.7988696310574,9173426,INFY.NS
2025-07-15,1561.6922607421875,1579.4208563061295,1540.4179701114037,1541.5013602388092,7614807,INFY.NS
2025-07-16,1583.6561279296875,1587.6942841349517,1554.6993967165145,1555.1918577227598,6223491,INFY.NS
2025-07-17,1559.6240234375,1585.7244570472844,1556.2752645133157,1573.9053927711557,7374814,INFY.NS
2025-07-18,1562.1846923828125,1575.1857343566385,1556.176692489401,1568.0942241264431,5161833,INFY.NS
2025-07-21,1560.4119873046875,1565.041072656143,1543.1758521432762,1556.1767745731315,3682661,INFY.NS
2025-07-22,1547.2139892578125,1561.889351060241,1541.4029254290974,1541.4029254290974,8473741,INFY.NS
2025-07-23,1550.7596435546875,1567.897309898412,1526.629055261839,1552.5325511946266,8035026,INFY.NS
2025-07-24,1529.0914306640625,1558.1466301517212,1524.8562179010848,1556.1767861186595,14169664,INFY.NS
2025-07-25,1492.84619140625,1526.1366022975346,1488.512630894258,1520.12860228797,10851259,INFY.NS
2025-07-28,1493.1417236328125,1496.392014262957,1460.14683725966,1491.0734115180542,6439855,INFY.NS
2025-07-29,1490.8763427734375,1494.3235696797126,1473.5417400906863,1490.0884773327002,7070448,INFY.NS
2025-07-30,1496.0965576171875,1498.7557989957106,1483.2925712781332,1496.9830114866083,5719051,INFY.NS
2025-07-31,1486.247314453125,1504.0743788045277,1474.428250322285,1486.936711768862,6851407,INFY.NS
2025-08-01,1447.4412841796875,1476.1024890867666,1443.4031282013243,1471.3749358302919,8702978,INFY.NS
2025-08-04,1458.177001953125,1460.4423706154291,1429.1218033326475,1439.4634841975633,8610216,INFY.NS
2025-08-05,1438.2816162109375,1456.4040844682859,1433.0614816224124,1456.4040844682859,10213323,INFY.NS
2025-08-06,1415.037353515625,1434.14486387826,1408.7339490588547,1430.1067078263497,10566934,INFY.NS
2025-08-07,1415.234375,1420.2574529025999,1392.876574581379,1408.4383894942564,9892020,INFY.NS
2025-08-08,1401.6424560546875,1411.590144080286,1395.7329241309972,1403.5138318764698,10048009,INFY.NS
2025-08-11,1406.66552734375,1411.7871937906966,1392.6796832838538,1398.4907470266712,6625368,INFY.NS
2025-08-12,1402.62744140625,1419.2726477892124,1399.5742071536924,1406.6655976905836,9899184,INFY.NS
2025-08-13,1405.0897216796875,1412.3781686321047,1400.953097311154,1403.5138705026145,10318063,INFY.NS
2025-08-14,1425.8714599609375,1447.835267553816,1404.6956380205245,1404.6956380205245,12902347,INFY.NS
2025-08-18,1414.1510009765625,1442.6151494914589,1408.0444126749926,1442.6151494914589,7254561,INFY.NS
2025-08-19,1418.2877197265625,1427.5460108318366,1411.0977408332749,1411.0977408332749,3986094,INFY.NS
2025-08-20,1473.6402587890625,1476.3980885005715,1418.9770874002822,1418.9770874002822,10413061,INFY.NS
2025-08-21,1473.8372802734375,1485.262351237006,1461.9197483180794,1485.262351237006,6565539,INFY.NS
2025-08-22,1465.0714111328125,1481.6181481033814,1463.6924963469764,1475.5115598317454,5543397,INFY.NS
2025-08-25,1508.9989013671875,1515.7948868943363,1483.981859694785,1483.981859694785,10694531,INFY.NS
2025-08-26,1506.53662109375,1515.2039825206518,1495.7024794249892,1500.03616013844,15994798,INFY.NS
2025-08-28,1477.4814453125,1506.5366438633127,1475.413133190423,1506.5366438633127,5443364,INFY.NS
2025-08-29,1447.4412841796875,1479.254311487481,1445.5699084151588,1479.254311487481,8169075,INFY.NS
2025-09-01,1476.7921142578125,1480.7318023736236,1453.941851048263,1454.4343120627393,4546057,INFY.NS
2025-09-02,1476.1025390625,1489.9900353122632,1463.8896025641538,1476.7920565936874,5218763,INFY.NS
2025-09-03,1456.798095703125,1479.2543652339205,1450.7900955921732,1477.3829894013984,4623483,INFY.NS
2025-09-04,1440.94091796875,1461.6242804276317,1438.0846200594328,1461.6242804276317,5787724,INFY.NS
2025-09-05,1422.8182373046875,1450.4945202945664,1411.3931666312185,1447.835279098319,5466487,INFY.NS
2025-09-08,1411.2947998046875,1436.0163186937275,1406.7641825159365,1429.1218644887508,3811567,INFY.NS
2025-09-09,1481.6181640625,1484.474341584966,1450.297597398603,1458.6694341238242,13072640,INFY.NS
2025-09-10,1509.491455078125,1511.756823802922,1486.5428442826578,1487.330709756259,7281071,INFY.NS
2025-09-11,1486.9366455078125,1504.4683046125388,1483.7849433052634,1500.922609577238,8003662,INFY.NS
2025-09-12,1502.596923828125,1519.6361218926327,1498.1647749913177,1513.8250582606502,12856963,INFY.NS
2025-09-15,1485.6563720703125,1504.4683582651935,1478.5648615170796,1502.5969824151846,6167414,INFY.NS
2025-09-16,1488.5126953125,1491.1719366717366,1480.8302554728903,1485.656397411633,8923112,INFY.NS
2025-09-17,1499.4453125,1503.680405062861,1491.1719434573272,1494.028241371192,4795698,INFY.NS
2025-09-18,1517.370849609375,1531.5537508334592,1515.302537400178,1526.6291407021617,9331945,INFY.NS
2025-09-19,1516.976806640625,1527.9095369547413,1497.179898612735,1521.3104874589542,12988129,INFY.NS
2025-09-22,1476.8905029296875,1491.8612688721596,1459.6543683506482,1460.3437656419162,15655204,INFY.NS
2025-09-23,1474.920654296875,1490.186944875574,1470.4885054191882,1470.4885054191882,9832164,INFY.NS
2025-09-24,1472.0643310546875,1474.1326431158677,1460.3437357350242,1464.7758845360097,4937004,INFY.NS
2025-09-25,1462.4122314453125,1480.04223903444,1454.2373307659764,1466.5488557470633,9491867,INFY.NS
2025-09-26,1427.053466796875,1456.404069373631,1419.4694954878144,1452.7599061754568,8597058,INFY.NS
2025-09-29,1420.060546875,1442.9106885263222,1414.8404123331482,1437.9860786678707,10513117,INFY.NS
2025-09-30,1420.060546875,1430.303639196793,1416.416263441906,1421.2424051491353,7556305,INFY.NS
2025-10-01,1424.000244140625,1427.6444073679875,1405.877655696216,1424.197180444367,6250692,INFY.NS
2025-10-03,1424.7880859375,1426.4625254104503,1411.5901076030302,1417.3027030735375,6877533,INFY.NS
2025-10-06,1453.744873046875,1456.5027027407555,1420.5530497148675,1424.7881421800753,4630590,INFY.NS
2025-10-07,1436.5086669921875,1460.5407866669368,1432.0765182081868,1455.4191203786977,5570320,INFY.NS
2025-10-08,1472.4583740234375,1475.4131399913774,1433.061494450904,1435.0313384295307,4657192,INFY.NS
2025-10-09,1486.5428466796875,1491.171932062491,1464.5790376333712,1479.352867871771,7028753,INFY.NS
2025-10-10,1492.058349609375,1498.755747016607,1476.2011295853695,1487.2322078030077,3738353,INFY.NS
2025-10-13,1470.6854248046875,1482.0120273618204,1461.0332617199265,1474.4281763502415,5859355,INFY.NS
2025-10-14,1467.435302734375,1491.5658915845438,1464.0865439092208,1476.3980688327763,5600789,INFY.NS
2025-10-15,1452.1690673828125,1466.1549121391147,1445.373081319078,1461.5258266826634,6986098,INFY.NS
2025-10-16,1449.312744140625,1452.267510183725,1438.478601982591,1451.6765810210527,8005748,INFY.NS
2025-10-17,1419.37109375,1436.410292725158,1412.3781714796953,1432.9630656678505,16959378,INFY.NS
2025-10-20,1438.87255859375,1444.8805586841174,1428.136884861602,1431.781048131079,6994246,INFY.NS
2025-10-21,1450.19921875,1463.5941342911037,1447.8353818357486,1455.7147580634262,1698704,INFY.NS
2025-10-23,1505.4532470703125,1522.6893817276436,1483.292502510887,1487.2321904325627,20358624,INFY.NS
2025-10-24,1502.4000244140625,1519.7346273554492,1495.111577657532,1516.2874003977408,8652257,INFY.NS
2025-10-27,1504.5,1515.300048828125,1498.0999755859375,1510.0,7273211,INFY.NS
2025-10-28,1500.199951171875,1506.5,1490.5,1499.699951171875,8211019,INFY.NS
2025-10-29,1510.4000244140625,1520.199951171875,1496.9000244140625,1500.199951171875,4884976,INFY.NS
2025-10-30,1493.800048828125,1508.199951171875,1489.0999755859375,1507.0,5608867,INFY.NS
2025-10-31,1482.300048828125,1497.0999755859375,1480.699951171875,1490.0,4819814,INFY.NS
2025-11-03,1485.5,1491.4000244140625,1474.199951171875,1482.300048828125,5470600,INFY.NS
2025-11-04,1467.9000244140625,1481.9000244140625,1462.9000244140625,1479.699951171875,8691330,INFY.NS
2025-11-06,1466.699951171875,1483.0,1461.9000244140625,1478.5999755859375,7944752,INFY.NS
2025-11-07,1476.800048828125,1480.9000244140625,1449.0999755859375,1470.0,8765759,INFY.NS
2025-11-10,1513.5,1520.0,1490.0,1490.0999755859375,9787975,INFY.NS
2025-11-11,1530.300048828125,1533.4000244140625,1511.0999755859375,1525.0,13692989,INFY.NS
2025-11-12,1551.699951171875,1559.199951171875,1538.0999755859375,1540.0,14635417,INFY.NS
2025-11-13,1541.800048828125,1557.5,1530.300048828125,1557.0999755859375,19655689,INFY.NS
2025-11-14,1502.800048828125,1530.0,1488.800048828125,1520.0,9739549,INFY.NS
2025-11-17,1507.5999755859375,1510.199951171875,1492.5,1496.0,7910354,INFY.NS
2025-11-18,1486.4000244140625,1506.0,1483.199951171875,1506.0,7525119,INFY.NS
2025-11-19,1541.0999755859375,1543.0,1490.5,1490.5,10981126,INFY.NS
2025-11-20,1536.5,1555.0,1534.0,1555.0,7387584,INFY.NS
2025-11-21,1545.0,1551.5,1526.300048828125,1531.0,9186302,INFY.NS
2025-11-24,1548.0,1585.0,1541.0,1563.5999755859375,19270381,INFY.NS
2025-11-25,1530.5999755859375,1550.5999755859375,1525.9000244140625,1549.0,8107952,INFY.NS
2025-11-26,1557.9000244140625,1560.300048828125,1532.0999755859375,1532.0999755859375,7575038,INFY.NS
2025-11-27,1566.4000244140625,1574.300048828125,1552.199951171875,1564.0,7552252,INFY.NS
2025-11-28,1560.0999755859375,1568.4000244140625,1557.0,1565.0,4453221,INFY.NS
2025-12-01,1564.0,1574.0,1556.0,1562.5,5341800,INFY.NS
2025-12-02,1561.0,1579.9000244140625,1556.0999755859375,1567.0,6335969,INFY.NS
2025-12-03,1578.699951171875,1586.0,1554.0999755859375,1555.0999755859375,12895312,INFY.NS
2025-12-04,1597.5999755859375,1599.0,1568.0,1568.0,12609619,INFY.NS
2025-12-05,1616.199951171875,1631.800048828125,1600.0,1610.0,10344725,INFY.NS
2025-12-08,1610.800048828125,1630.0,1600.199951171875,1617.0999755859375,7550413,INFY.NS
2025-12-09,1599.0,1606.9000244140625,1582.4000244140625,1601.199951171875,6957599,INFY.NS
2025-12-10,1584.800048828125,1608.0,1582.800048828125,1608.0,5116140,INFY.NS
2025-12-11,1598.0,1607.4000244140625,1580.5,1598.0,5159319,INFY.NS
2025-12-12,1598.199951171875,1601.800048828125,1582.5999755859375,1601.4000244140625,4633912,INFY.NS
2025-12-15,1606.800048828125,1610.800048828125,1585.0,1585.0,4190558,INFY.NS
2025-12-16,1592.9000244140625,1603.0,1585.5999755859375,1600.0,5499258,INFY.NS
2025-12-17,1602.0,1606.9000244140625,1586.0,1587.199951171875,4817628,INFY.NS
2025-12-18,1626.800048828125,1630.0,1606.699951171875,1610.5,6577293,INFY.NS
2025-12-19,1638.699951171875,1654.9000244140625,1629.800048828125,1650.0,13149023,INFY.NS
2025-12-22,1689.5999755859375,1693.199951171875,1664.0,1664.0,23098923,INFY.NS
2025-12-23,1668.300048828125,1679.0,1656.4000244140625,1679.0,6593060,INFY.NS
2025-12-24,1663.4000244140625,1667.5999755859375,1652.5,1661.0,4271167,INFY.NS
2025-12-26,1656.0999755859375,1668.800048828125,1651.699951171875,1663.4000244140625,2006491,INFY.NS
2025-12-29,1644.699951171875,1673.0999755859375,1637.0999755859375,1658.0,4062817,INFY.NS
2025-12-30,1621.5999755859375,1647.9000244140625,1616.800048828125,1647.0,9395937,INFY.NS
2025-12-31,1615.4000244140625,1628.5999755859375,1609.199951171875,1621.0,6538656,INFY.NS
2026-01-01,1629.800048828125,1639.5999755859375,1614.0999755859375,1615.4000244140625,3658165,INFY.NS
2026-01-02,1640.4000244140625,1643.5,1627.5,1635.9000244140625,2524526,INFY.NS
2026-01-05,1606.4000244140625,1637.0,1583.0999755859375,1637.0,5917885,INFY.NS
2026-01-06,1612.199951171875,1619.9000244140625,1599.0,1600.0999755859375,4466729,INFY.NS
2026-01-07,1639.0,1642.0,1615.0,1615.0,4508079,INFY.NS
2026-01-08,1613.300048828125,1644.300048828125,1608.5999755859375,1638.9000244140625,3942131,INFY.NS
2026-01-09,1614.0999755859375,1631.300048828125,1607.0,1610.0,6816681,INFY.NS
2026-01-12,1595.9000244140625,1613.300048828125,1592.5999755859375,1610.0999755859375,6985362,INFY.NS
2026-01-13,1599.0,1618.0,1586.4000244140625,1618.0,8080618,INFY.NS
2026-01-14,1599.800048828125,1617.0,1583.0999755859375,1588.0,7557157,INFY.NS
2026-01-15,1599.800048828125,1599.800048828125,1599.800048828125,1599.800048828125,0,INFY.NS
2026-01-16,1689.800048828125,1694.0,1653.4000244140625,1663.699951171875,19335957,INFY.NS
2026-01-19,1681.199951171875,1685.0,1666.5,1685.0,5104958,INFY.NS
2026-01-20,1658.9000244140625,1680.199951171875,1652.9000244140625,1673.0,6406503,INFY.NS
2026-01-21,1654.4000244140625,1657.0,1631.199951171875,1651.0,6224582,INFY.NS
2026-01-22,1663.5,1671.199951171875,1653.800048828125,1666.0,6228892,INFY.NS
2026-01-23,1670.800048828125,1675.699951171875,1662.199951171875,1667.199951171875,5869137,INFY.NS
2026-01-27,1682.699951171875,1689.4000244140625,1661.0999755859375,1685.800048828125,10673087,INFY.NS
2026-01-28,1666.5,1688.800048828125,1650.0,1680.0,8588664,INFY.NS
2026-01-29,1659.5,1666.5,1642.0999755859375,1658.0,4749582,INFY.NS
2026-01-30,1641.0,1655.0,1618.0999755859375,1655.0,9207926,INFY.NS
2026-02-02,1629.4000244140625,1662.0,1618.0,1662.0,6784887,INFY.NS
2026-02-03,1656.0,1728.0,1653.0,1727.199951171875,8805868,INFY.NS
2026-02-04,1535.800048828125,1584.9000244140625,1510.0999755859375,1574.0,28828622,INFY.NS
2026-02-05,1520.199951171875,1551.0,1515.699951171875,1534.0,10628127,INFY.NS
2026-02-06,1507.0999755859375,1525.0,1480.0,1522.0999755859375,13900866,INFY.NS
2026-02-09,1497.199951171875,1528.0,1493.0,1522.0999755859375,8294615,INFY.NS
2026-02-10,1497.800048828125,1515.9000244140625,1491.0,1500.0,8657000,INFY.NS
2026-02-11,1471.9000244140625,1505.9000244140625,1469.0,1501.199951171875,7934411,INFY.NS
2026-02-12,1386.0,1435.699951171875,1380.5,1428.9000244140625,26048896,INFY.NS
2026-02-13,1369.0999755859375,1377.300048828125,1281.5,1293.9000244140625,45785709,INFY.NS
2026-02-16,1365.5999755859375,1376.0,1338.300048828125,1373.699951171875,14621891,INFY.NS
2026-02-17,1391.199951171875,1431.0,1367.0,1370.0,25347684,INFY.NS
2026-02-18,1373.699951171875,1401.0,1345.300048828125,1390.9000244140625,20241373,INFY.NS
2026-02-19,1370.5,1402.0,1363.199951171875,1385.0,14574228,INFY.NS
2026-02-20,1353.199951171875,1365.0,1338.199951171875,1359.199951171875,12633552,INFY.NS
2026-02-23,1327.5,1352.0,1318.0,1352.0,12887826,INFY.NS
2026-02-24,1275.5,1303.5999755859375,1264.0999755859375,1301.0,27839061,INFY.NS
2026-02-25,1290.0999755859375,1323.5999755859375,1286.199951171875,1286.199951171875,16669618,INFY.NS
2026-02-26,1289.0999755859375,1314.0,1286.300048828125,1305.5,11493914,INFY.NS
2026-02-27,1300.0999755859375,1335.0,1294.199951171875,1326.300048828125,23141724,INFY.NS
2026-03-02,1288.9000244140625,1298.800048828125,1273.0,1291.0,9700361,INFY.NS
2026-03-04,1307.4000244140625,1317.0,1292.0,1292.0,15154950,INFY.NS
2026-03-05,1305.800048828125,1320.0,1290.0999755859375,1320.0,10362147,INFY.NS
2026-03-06,1308.4000244140625,1327.199951171875,1303.0,1303.0,8724291,INFY.NS
2026-03-09,1315.0,1318.0,1282.5,1290.0,10068514,INFY.NS
2026-03-10,1295.5999755859375,1321.0,1284.0999755859375,1320.0,9600171,INFY.NS
2026-03-11,1276.300048828125,1299.5,1271.300048828125,1288.0,7868891,INFY.NS
2026-03-12,1265.800048828125,1278.5999755859375,1258.0,1272.5,7599940,INFY.NS
2026-03-13,1248.300048828125,1269.5999755859375,1242.5999755859375,1251.0,7366098,INFY.NS
2026-03-16,1249.800048828125,1254.300048828125,1224.199951171875,1240.199951171875,12314450,INFY.NS
2026-03-17,1232.9000244140625,1245.0,1215.0999755859375,1245.0,11223276,INFY.NS
2026-03-18,1267.0999755859375,1290.800048828125,1234.9000244140625,1238.0,12365381,INFY.NS
2026-03-19,1220.800048828125,1255.0,1215.0999755859375,1244.199951171875,9156461,INFY.NS
2026-03-20,1255.9000244140625,1264.800048828125,1229.199951171875,1242.0,27299975,INFY.NS
2026-03-23,1256.800048828125,1261.0999755859375,1227.4000244140625,1238.199951171875,12420293,INFY.NS
2026-03-24,1278.300048828125,1297.0,1251.0,1269.0,13613495,INFY.NS
2026-03-25,1279.0999755859375,1290.5999755859375,1257.0999755859375,1270.0,10824030,INFY.NS
2026-03-27,1269.699951171875,1294.800048828125,1263.199951171875,1285.199951171875,13092541,INFY.NS
2026-03-30,1250.5999755859375,1265.5,1243.0,1250.0,14108486,INFY.NS
2026-04-01,1275.699951171875,1303.0,1269.5,1290.0,8137156,INFY.NS
2026-04-02,1300.800048828125,1305.4000244140625,1259.800048828125,1260.0,12873492,INFY.NS
2026-04-06,1306.199951171875,1320.0,1299.0,1301.4000244140625,10208682,INFY.NS
2026-04-07,1339.4000244140625,1345.0999755859375,1293.5,1302.0,15355792,INFY.NS
2026-04-08,1346.199951171875,1376.9000244140625,1331.0,1349.0,16030133,INFY.NS
2026-04-09,1331.5999755859375,1337.5,1314.0,1329.9000244140625,14894607,INFY.NS
2026-04-10,1292.5,1318.9000244140625,1283.300048828125,1318.0,19233369,INFY.NS
2026-04-13,1276.800048828125,1289.0,1265.699951171875,1272.0,10366082,INFY.NS
2026-04-15,1305.300048828125,1322.5,1300.5,1306.300048828125,12098912,INFY.NS
2026-04-16,1319.199951171875,1331.0,1309.0,1322.0999755859375,18527029,INFY.NS
2026-04-17,1318.699951171875,1328.300048828125,1306.0999755859375,1313.0,12064048,INFY.NS
2026-04-20,1312.5999755859375,1324.9000244140625,1308.0999755859375,1320.0,7172300,INFY.NS
2026-04-21,1313.199951171875,1325.0,1299.300048828125,1310.0,10057440,INFY.NS
2026-04-22,1268.5999755859375,1297.699951171875,1255.9000244140625,1295.0,20088378,INFY.NS
2026-04-23,1240.5999755859375,1265.699951171875,1226.0,1254.0,14792854,INFY.NS
2026-04-24,1154.5999755859375,1223.9000244140625,1152.199951171875,1200.0,42078914,INFY.NS
2026-04-27,1175.0999755859375,1179.9000244140625,1154.5,1154.5999755859375,9259283,INFY.NS
2021-04-27,901.716064453125,905.592879224886,878.8631384956852,879.6566357896455,19992524,RELIANCE.NS
2021-04-28,905.6382446289062,910.4899602170952,897.861946907099,905.8876517747103,17122437,RELIANCE.NS
2021-04-29,917.767578125,927.0402589004967,910.1726236848527,917.2460958998795,17412606,RELIANCE.NS
2021-04-30,904.3687133789062,923.1860908307701,901.2173918419056,910.7167522740972,19828769,RELIANCE.NS
2021-05-03,888.2945556640625,897.340497401844,881.0623478526642,891.4458771331132,23640186,RELIANCE.NS
2021-05-04,869.0463256835938,892.2620588404909,866.5071582786076,884.190958253908,21849830,RELIANCE.NS
2021-05-05,870.6333618164062,878.9764773257763,865.1694924935965,872.1070167804479,12393609,RELIANCE.NS
2021-05-06,875.5757446289062,877.3894784194164,864.5119984908221,871.4268548191382,14624666,RELIANCE.NS
2021-05-07,875.915771484375,886.7527777675398,873.3085405592442,878.6363420246701,12288548,RELIANCE.NS
2021-05-10,873.3992919921875,882.7399763357812,871.0188000480982,879.2032403073009,13941237,RELIANCE.NS
2021-05-11,876.5506591796875,878.9991548596583,866.0536709526697,868.320883202796,13478264,RELIANCE.NS
2021-05-12,867.4819946289062,876.4372641804301,864.6934200952072,875.1676804843173,13177961,RELIANCE.NS
2021-05-14,878.4324340820312,880.563518938135,864.2400338075389,874.2381482108096,13291616,RELIANCE.NS
2021-05-17,888.8839721679688,890.2895633789483,875.3036666921718,878.4323799585411,11873078,RELIANCE.NS
2021-05-18,901.398681640625,908.0414631541172,894.3931533556103,898.2473602910601,12064918,RELIANCE.NS
2021-05-19,905.52490234375,914.3214965481937,894.1664727852633,897.7938805270868,16317002,RELIANCE.NS
2021-05-20,900.242431640625,911.8049324349585,898.2473543943751,905.9103124284246,11422532,RELIANCE.NS
2021-05-21,908.018798828125,911.2154560407943,900.5145161905418,903.2350870037179,10785605,RELIANCE.NS
2021-05-24,900.355712890625,911.3061190300916,898.700714595752,910.4898938764023,8551760,RELIANCE.NS
2021-05-25,890.153564453125,905.5022080454436,888.7252453359569,905.2301329831129,14780102,RELIANCE.NS
2021-05-26,893.2822265625,897.5671839561246,891.1284738713696,895.5267109206686,7480204,RELIANCE.NS
2021-05-27,896.0255737304688,903.6885320706949,889.7455387788042,893.3956745411289,26819294,RELIANCE.NS
2021-05-28,949.8478393554688,954.472815743996,902.3282518740783,902.3282518740783,56469931,RELIANCE.NS
2021-05-31,979.5475463867188,993.7852821100847,945.4268620793822,953.1124880356037,59124142,RELIANCE.NS
2021-06-01,983.4471435546875,998.4557094965295,973.2902334606247,982.1321639562733,28013832,RELIANCE.NS
2021-06-02,998.1156005859375,1001.856407995626,978.0512481274061,978.0512481274061,24630162,RELIANCE.NS
2021-06-03,1001.92431640625,1020.2202690838111,995.7803496561332,1007.0707146193823,23974257,RELIANCE.NS
2021-06-04,993.2411499023438,1005.0076615198449,990.4071796454298,1004.2595000884415,14468646,RELIANCE.NS
2021-06-07,1009.97265625,1016.5927691173224,990.7471993891268,998.4555524525042,16336573,RELIANCE.NS
2021-06-08,1004.1688842773438,1009.8594330639162,996.7099374722953,1009.6100858849402,9674735,RELIANCE.NS
2021-06-09,986.2129516601562,1007.0707400246994,978.4819302316137,1006.1639031267835,11409161,RELIANCE.NS
2021-06-10,989.8405151367188,1011.1517839840507,987.3692913998711,994.556163411871,14155653,RELIANCE.NS
2021-06-11,1007.0098266601562,1013.7668141971928,991.9716855769274,993.2457554895082,13762778,RELIANCE.NS
2021-06-14,1021.4564208984375,1027.530819009634,998.7740423359074,1007.8515792569079,20332436,RELIANCE.NS
2021-06-15,1023.777099609375,1035.1068867541692,1019.3634688990921,1028.7822714120728,15174215,RELIANCE.NS
2021-06-16,1006.3045043945312,1022.4346788679379,1003.6881840170562,1021.4564397057088,10797349,RELIANCE.NS
2021-06-17,1008.1473999023438,1016.9519142263862,991.8807422543711,1001.0264608448158,15745975,RELIANCE.NS
2021-06-18,1012.6974487304688,1016.9518504435479,993.9054594499104,1012.6292078814683,29369026,RELIANCE.NS
2021-06-21,1017.9756469726562,1022.6394940703871,1001.0947614747922,1002.6190479059233,12186448,RELIANCE.NS
2021-06-22,1012.7430419921875,1028.782290874014,1009.8309507322007,1025.5971158370016,12871913,RELIANCE.NS
2021-06-23,1003.4607543945312,1024.0499936427696,1001.7999261642769,1023.7770302436452,16653951,RELIANCE.NS
2021-06-24,979.8683471679688,1007.669572262773,973.7257080355693,1004.1432535343797,91461975,RELIANCE.NS
2021-06-25,957.550048828125,979.8684182931346,946.9255377961272,979.8684182931346,55355022,RELIANCE.NS
2021-06-28,949.1550903320312,967.5830690553377,946.8800342020979,965.535542609245,20277042,RELIANCE.NS
2021-06-29,949.9740600585938,959.6203313338768,948.2905450727716,950.7475767024226,27144063,RELIANCE.NS
2021-06-30,960.37109375,965.8312041148121,951.4528452867432,953.8188890996875,19762858,RELIANCE.NS
2021-07-01,954.5924682617188,966.0587361622839,953.2501575281797,963.7154392931002,12534407,RELIANCE.NS
2021-07-02,968.7433471679688,970.4951632609226,952.317400936898,954.1602048328318,14086620,RELIANCE.NS
2021-07-05,978.3668823242188,979.8911687487861,969.8581385815543,972.1104477919255,11702287,RELIANCE.NS
2021-07-06,966.8095703125,977.775345876362,964.7165499262375,975.9780960314433,10070124,RELIANCE.NS
2021-07-07,960.09814453125,968.1518891821571,954.6152867923088,968.1518891821571,10454892,RELIANCE.NS
2021-07-08,952.1581420898438,963.2377120648708,946.880007204719,963.2377120648708,11185460,RELIANCE.NS
2021-07-09,942.4208984375,951.7486525291566,940.1003484340649,950.0650773140198,9037675,RELIANCE.NS
2021-07-12,948.2905883789062,956.2077909534229,943.9224517127791,946.3112426024383,8585292,RELIANCE.NS
2021-07-13,955.3887329101562,956.9130192420056,950.0877909959721,955.525214607773,6717133,RELIANCE.NS
2021-07-14,949.1550903320312,958.6420731903104,946.9937689554591,955.6844881859736,8532544,RELIANCE.NS
2021-07-15,947.4943237304688,953.2502049164673,945.7425076403309,953.2502049164673,9448356,RELIANCE.NS
2021-07-16,961.1674194335938,962.2367066615387,949.8831264283724,949.951367281346,8828185,RELIANCE.NS
2021-07-19,955.0474853515625,966.4455126172754,951.9989126340373,955.525231478772,8354449,RELIANCE.NS
2021-07-20,952.7041625976562,959.1653798198789,948.2450982877981,955.2977362314513,6741464,RELIANCE.NS
2021-07-22,964.9439697265625,966.4000152300578,954.683470529445,964.1704530749702,7972397,RELIANCE.NS
2021-07-23,958.1187744140625,971.200376447822,956.4579462312084,971.200376447822,9937030,RELIANCE.NS
2021-07-26,944.99169921875,965.0804452589716,942.3753787545852,959.1653356602167,12389668,RELIANCE.NS
2021-07-27,935.0496826171875,948.1085383406385,929.1345728588083,944.9689777697635,10824523,RELIANCE.NS
2021-07-28,927.0187377929688,936.414732655119,917.4179602018662,936.414732655119,12897848,RELIANCE.NS
2021-07-29,934.2533569335938,943.8768809146474,929.7714858789358,934.5946213439024,13765738,RELIANCE.NS
2021-07-30,926.0860595703125,940.9421660372899,924.1749545520307,936.4148004933196,11350608,RELIANCE.NS
2021-08-02,943.012451171875,946.1520117827725,928.7478263645152,934.7312372274596,10925104,RELIANCE.NS
2021-08-03,949.9513549804688,951.430147484226,939.2358562430207,950.9751482931742,11817299,RELIANCE.NS
2021-08-04,957.2316284179688,961.8954756587327,949.6101358514545,952.9772263092809,13169800,RELIANCE.NS
2021-08-05,971.1094360351562,980.4598768953389,957.4590392491626,962.0318984025091,21252078,RELIANCE.NS
2021-08-06,950.5429077148438,976.8880893431025,945.8562535112904,969.1528622918455,16620987,RELIANCE.NS
2021-08-09,945.128173828125,950.8841149123823,940.2822912594686,946.8799898333923,7494143,RELIANCE.NS
2021-08-10,950.0877685546875,961.4403616289129,943.5811181110125,947.3349664779623,11919198,RELIANCE.NS
2021-08-11,963.3969116210938,964.6254274166216,947.9720127090839,954.1373988131746,9184963,RELIANCE.NS
2021-08-12,960.3029174804688,967.4466034758628,957.8003316249841,966.8550623942889,8137612,RELIANCE.NS
2021-08-13,976.2965087890625,978.2303606065249,959.5975996548036,963.3969420853272,12780901,RELIANCE.NS
2021-08-16,988.9686889648438,1002.3915570002542,968.3338937913883,977.9801660294819,21935444,RELIANCE.NS
2021-08-17,984.759765625,994.2922421974579,977.2975624086582,986.8528461084586,12658169,RELIANCE.NS
2021-08-18,988.5818481445312,995.0202580244994,979.4588769168306,989.1961361505759,10075860,RELIANCE.NS
2021-08-20,977.4796752929688,988.2861624618475,972.3607686087786,975.0908240910231,9426282,RELIANCE.NS
2021-08-23,983.8953247070312,989.1962069315948,970.2221801850279,989.1962069315948,9854395,RELIANCE.NS
2021-08-24,993.6097412109375,997.3863365967811,980.823849400721,985.1237449789751,11864472,RELIANCE.NS
2021-08-25,1002.20947265625,1010.1267354530132,991.9717199859176,994.3833180171741,13380559,RELIANCE.NS
2021-08-26,1014.8815307617188,1021.4564824929126,1003.3014677332652,1004.666525440298,18589616,RELIANCE.NS
2021-08-27,1013.4937133789062,1020.4782304762028,1008.3293734966592,1017.8618498448702,10480636,RELIANCE.NS
2021-08-30,1032.990966796875,1035.5391065503322,1017.7708505413503,1023.7770080256,14027062,RELIANCE.NS
2021-08-31,1027.4854736328125,1039.1337183154053,1020.2507393885751,1036.016904489164,26485463,RELIANCE.NS
2021-09-01,1031.5577392578125,1043.2970916409213,1029.6922485674477,1034.2423608926047,11145486,RELIANCE.NS
2021-09-02,1043.9796142578125,1050.0767599227504,1026.052128476792,1026.052128476792,9956770,RELIANCE.NS
2021-09-03,1086.7962646484375,1089.753849755498,1047.6652497127798,1051.0777738490863,30664428,RELIANCE.NS
2021-09-06,1103.6773681640625,1128.4300252290316,1097.4891136321319,1097.9441730557705,33641710,RELIANCE.NS
2021-09-07,1110.638916015625,1118.4195769224002,1097.4890117544835,1105.6792381399396,17349882,RELIANCE.NS
2021-09-08,1106.29345703125,1116.5995103115172,1095.054658449374,1115.6895119598441,14301651,RELIANCE.NS
2021-09-09,1103.6773681640625,1109.2512142438177,1099.354724879374,1104.723848377905,8963249,RELIANCE.NS
2021-09-13,1079.083740234375,1107.0441939852174,1077.4912130774987,1107.0441939852174,16311160,RELIANCE.NS
2021-09-14,1077.6732177734375,1089.2987144742633,1076.5583765209813,1080.6535496243034,8908356,RELIANCE.NS
2021-09-15,1082.155029296875,1090.0949179081745,1077.695905241629,1077.695905241629,9071075,RELIANCE.NS
2021-09-16,1104.860107421875,1108.750437452325,1077.013388880378,1083.6338341939222,13448882,RELIANCE.NS
2021-09-17,1087.72900390625,1117.441336518829,1080.9265822690465,1112.9594649804742,34882133,RELIANCE.NS
2021-09-20,1089.4580078125,1100.3782281549334,1078.3784384748346,1079.3339306750968,11779819,RELIANCE.NS
2021-09-21,1094.16748046875,1099.5820973964808,1084.7486779581968,1094.3039621775245,9915736,RELIANCE.NS
2021-09-22,1105.9068603515625,1111.139381442334,1091.2326692117995,1095.6690469817631,10995912,RELIANCE.NS
2021-09-23,1132.9344482421875,1136.1649964932392,1112.731907489886,1113.596411926489,15748397,RELIANCE.NS
2021-09-24,1129.6583251953125,1140.009872555042,1124.7897556991463,1139.1453680882425,15192163,RELIANCE.NS
2021-09-27,1148.6551513671875,1151.1350506158344,1126.2914067039237,1131.6150360883155,15373834,RELIANCE.NS
2021-09-28,1159.3934326171875,1167.0603586138618,1143.354184437372,1153.0004562253168,18035258,RELIANCE.NS
2021-09-29,1150.2022705078125,1169.380959813766,1146.6531442405346,1169.380959813766,9719875,RELIANCE.NS
2021-09-30,1146.2890625,1153.2735802131847,1137.6893908621353,1148.9054433620427,13590654,RELIANCE.NS
2021-10-01,1148.3138427734375,1155.6395643825463,1135.2550471541776,1138.4173546931033,8958928,RELIANCE.NS
2021-10-04,1163.078857421875,1171.5875396173383,1154.3880792936034,1161.6455590320454,10918552,RELIANCE.NS
2021-10-05,1187.217529296875,1188.491599387505,1159.074974662254,1162.6013541876137,13533634,RELIANCE.NS
2021-10-06,1164.762451171875,1192.1086164601513,1160.7811333493105,1192.1086164601513,10258881,RELIANCE.NS
2021-10-07,1170.472900390625,1182.4624681330135,1168.334326130549,1180.7560859021983,6336665,RELIANCE.NS
2021-10-08,1215.450927734375,1221.4343385648037,1174.613532001241,1176.3197940015023,15772493,RELIANCE.NS
2021-10-11,1206.9876708984375,1237.632749168865,1203.666134554231,1229.1695592932124,14768666,RELIANCE.NS
2021-10-12,1213.8809814453125,1220.7972576970285,1201.800425485858,1203.5068077762007,6682011,RELIANCE.NS
2021-10-13,1226.2347412109375,1237.405299921744,1214.5636292034492,1218.977260003142,9959762,RELIANCE.NS
2021-10-14,1228.7144775390625,1236.47251177523,1222.7083196035724,1228.6917305879201,8623469,RELIANCE.NS
2021-10-18,1231.9906005859375,1249.0079672854492,1211.3784935963072,1214.2450907648501,13594479,RELIANCE.NS
2021-10-19,1243.0245361328125,1251.8972908980181,1232.1725560059263,1239.3616754056989,8833409,RELIANCE.NS
2021-10-20,1228.7144775390625,1247.9842743668398,1224.6649184645307,1247.9842743668398,12710570,RELIANCE.NS
2021-10-21,1193.26904296875,1241.2728114223185,1184.487275783306,1240.999848015025,20831669,RELIANCE.NS
2021-10-22,1195.49853515625,1212.5615152599457,1188.2638017444342,1192.1313848923699,11027475,RELIANCE.NS
2021-10-25,1183.8502197265625,1219.4322268467454,1169.3808726672285,1219.4322268467454,17198417,RELIANCE.NS
2021-10-26,1210.809814453125,1214.3816877777629,1184.464630979062,1190.81211393416,9750178,RELIANCE.NS
2021-10-27,1195.49853515625,1217.9761316670556,1192.1086379430944,1206.6918395131022,9896298,RELIANCE.NS
2021-10-28,1182.39404296875,1200.298779292571,1178.7085560280439,1192.1313011797695,9886181,RELIANCE.NS
2021-10-29,1154.0242919921875,1181.2794715076984,1138.303621720808,1181.2794715076984,14233025,RELIANCE.NS
2021-11-01,1154.729736328125,1163.0109514346836,1134.845649078283,1154.0244604038087,15481114,RELIANCE.NS
2021-11-02,1137.8939208984375,1159.3705299389737,1135.3686486246918,1158.0054723596763,10569130,RELIANCE.NS
2021-11-03,1130.06787109375,1146.6302984409235,1119.7845647630193,1140.2828162204378,11989430,RELIANCE.NS
2021-11-04,1137.0067138671875,1139.7595760808606,1132.9799021702054,1134.3220924997154,1705656,RELIANCE.NS
2021-11-08,1138.417236328125,1146.6302085077364,1117.6913966426866,1146.3571247756797,20337183,RELIANCE.NS
2021-11-09,1147.40380859375,1150.6798507830363,1131.637644937905,1139.805123815544,15682497,RELIANCE.NS
2021-11-10,1160.235107421875,1163.920714976533,1139.1908094185892,1145.1287260147478,10253470,RELIANCE.NS
2021-11-11,1162.35107421875,1169.6084350981216,1153.7057882040397,1155.7533749476675,10722478,RELIANCE.NS
2021-11-12,1179.8916015625,1182.462488249801,1163.4656563781518,1166.1502778119302,8712341,RELIANCE.NS
2021-11-15,1172.929931640625,1184.0322480185664,1169.3808058406628,1183.031141558392,4803269,RELIANCE.NS
2021-11-16,1145.6748046875,1171.6559135252794,1135.255016670807,1170.3136027722971,11337581,RELIANCE.NS
2021-11-17,1121.1497802734375,1137.0524279565616,1119.7847223766223,1137.0524279565616,10202029,RELIANCE.NS
2021-11-18,1125.3812255859375,1132.5249718442826,1114.8022082606076,1119.3295736996563,8505625,RELIANCE.NS
2021-11-22,1075.5347900390625,1114.3246032878988,1069.7333541956211,1108.4549265855226,24124307,RELIANCE.NS
2021-11-23,1085.5904541015625,1092.597718814344,1050.6228528101806,1061.5658216102945,25326999,RELIANCE.NS
2021-11-24,1069.915283203125,1096.5334264323562,1066.3434103717225,1082.9285842980569,16820296,RELIANCE.NS
2021-11-25,1134.3221435546875,1138.4400635861748,1072.5315589664726,1079.7435455818988,42401936,RELIANCE.NS
2021-11-26,1097.761962890625,1127.33768989774,1092.7112978197426,1122.8785658449294,15763138,RELIANCE.NS
2021-11-29,1110.9117431640625,1137.530005740277,1091.6192015688714,1109.8197692785918,24325354,RELIANCE.NS
2021-11-30,1094.4859619140625,1126.5643394154413,1086.9555172716214,1122.969719233949,32172299,RELIANCE.NS
2021-12-01,1122.5147705078125,1125.699825172228,1103.4496957163708,1107.044315866843,10104610,RELIANCE.NS
2021-12-02,1129.7266845703125,1135.8010837797613,1120.057665060323,1123.7432731717324,12720411,RELIANCE.NS
2021-12-03,1095.7825927734375,1136.8474535768446,1092.0287445657639,1136.801959680644,19222481,RELIANCE.NS
2021-12-06,1075.0113525390625,1103.404119692969,1072.5315739182363,1099.309066908383,10332254,RELIANCE.NS
2021-12-07,1083.7703857421875,1093.8488493527543,1073.8284038337267,1081.1768723394634,11235122,RELIANCE.NS
2021-12-08,1100.2645263671875,1106.4981533356588,1094.8954038300121,1102.994641711683,8744178,RELIANCE.NS
2021-12-09,1117.71435546875,1126.1093048249602,1103.404235637729,1107.9543482561612,13213547,RELIANCE.NS
2021-12-10,1118.851806640625,1122.0596079618992,1105.8383850496557,1110.343003210938,8364414,RELIANCE.NS
2021-12-13,1096.419677734375,1125.7451889893634,1093.8487910647625,1125.4722255996962,12901733,RELIANCE.NS
2021-12-14,1082.996826171875,1094.758924705155,1079.925506579218,1082.9285853235253,12991523,RELIANCE.NS
2021-12-15,1079.8345947265625,1094.3039423247055,1074.3288697386265,1084.7486582787296,9366969,RELIANCE.NS
2021-12-16,1093.8033447265625,1099.0814796358936,1077.764217447417,1094.6223552854042,9761279,RELIANCE.NS
2021-12-17,1064.932861328125,1095.6689246022736,1055.6277943848347,1091.1415595298965,21049821,RELIANCE.NS
2021-12-20,1036.2216796875,1054.6495980178693,1022.4574879615027,1054.6495980178693,14325846,RELIANCE.NS
2021-12-21,1051.646484375,1067.4581418231853,1042.9785726603923,1051.6919782743073,12836561,RELIANCE.NS
2021-12-22,1076.60400390625,1079.2431318361741,1056.5380624164334,1057.8575060271485,17658543,RELIANCE.NS
2021-12-23,1076.217041015625,1082.9284735990054,1072.9409992159044,1080.19835852976,9072401,RELIANCE.NS
2021-12-24,1079.652587890625,1088.3887407376528,1063.6133400712515,1078.3785179602155,7886494,RELIANCE.NS
2021-12-27,1078.4921875,1082.0185663686743,1068.413724480792,1074.5336166000147,4017223,RELIANCE.NS
2021-12-28,1091.3009033203125,1094.2357415301187,1079.7663934022717,1080.926608302519,6374613,RELIANCE.NS
2021-12-29,1093.16650390625,1100.674201497558,1083.8841830224792,1087.9338625439977,15425312,RELIANCE.NS
2021-12-30,1073.4189453125,1094.2812707813944,1067.276305271878,1092.02896140955,29333171,RELIANCE.NS
2021-12-31,1077.5367431640625,1084.703115610681,1073.828388538488,1079.7435583793856,9477290,RELIANCE.NS
2022-01-03,1093.7806396484375,1095.6462506930534,1075.4437086416906,1076.1034905748938,5421611,RELIANCE.NS
2022-01-04,1118.465087890625,1119.7846517979926,1093.848914455948,1099.2636517956478,10847728,RELIANCE.NS
2022-01-05,1123.6976318359375,1127.0647821675334,1107.021469888781,1120.2396140596422,11643813,RELIANCE.NS
2022-01-06,1099.53662109375,1116.5996031111947,1096.123976548564,1115.3255331004264,14447422,RELIANCE.NS
2022-01-07,1108.409423828125,1118.4423946166428,1097.2843585968753,1106.1116205329258,13112115,RELIANCE.NS
2022-01-10,1109.3192138671875,1117.9644985565258,1099.3317388607832,1115.6894426415774,9246731,RELIANCE.NS
2022-01-11,1117.304931640625,1126.1320732620725,1107.9543693940097,1108.4094288062329,16205164,RELIANCE.NS
2022-01-12,1147.130615234375,1148.8824912648997,1121.6044479448694,1124.4710447637096,14800442,RELIANCE.NS
2022-01-13,1153.592041015625,1156.1856749337926,1141.3522552982324,1147.19918473575,11856712,RELIANCE.NS
2022-01-14,1155.2755126953125,1168.1523329319614,1149.2921017722908,1153.455515914101,19930176,RELIANCE.NS
2022-01-17,1161.3043212890625,1167.1057561240766,1154.3654186486065,1154.82047798332,8036453,RELIANCE.NS
2022-01-18,1147.4493408203125,1165.9000062324892,1144.6964783846606,1162.4419883292344,6215029,RELIANCE.NS
2022-01-19,1147.3583984375,1156.6405988874542,1141.6252038335633,1151.1804880553777,9755485,RELIANCE.NS
2022-01-20,1127.26953125,1142.0574560089742,1117.054465620327,1137.5528377304774,16494486,RELIANCE.NS
2022-01-21,1127.4515380859375,1138.5538554378697,1115.6895591579548,1115.6895591579548,13338594,RELIANCE.NS
2022-01-24,1081.97314453125,1139.6914253053906,1071.5988501296624,1126.1547030087693,21868937,RELIANCE.NS
2022-01-25,1079.8572998046875,1086.8644436444313,1048.802657948011,1069.0734401117095,24510205,RELIANCE.NS
2022-01-27,1063.863525390625,1072.0537511885557,1051.5554999211186,1062.9080331478985,20020431,RELIANCE.NS
2022-01-28,1062.8397216796875,1081.0629157010064,1059.4499449788068,1076.103358864866,14667727,RELIANCE.NS
2022-01-31,1085.931640625,1094.9408766634326,1072.0992089277,1073.9193259070898,12143683,RELIANCE.NS
2022-02-01,1082.3370361328125,1101.4019884840088,1067.958677458383,1095.668914786197,13200509,RELIANCE.NS
2022-02-02,1084.5439453125,1095.2139504085303,1080.6991087798986,1095.2139504085303,10017691,RELIANCE.NS
2022-02-03,1070.5294189453125,1092.6885576552872,1068.0041465713055,1088.3886622160464,9572839,RELIANCE.NS
2022-02-04,1060.7696533203125,1068.573182403804,1056.1285525997844,1065.1832845018696,11061241,RELIANCE.NS
2022-02-07,1054.308349609375,1072.3723159767667,1048.8026250078512,1065.638135750538,10714467,RELIANCE.NS
2022-02-08,1072.031005859375,1073.8283759531457,1051.0776952115107,1060.4737500675897,12060849,RELIANCE.NS
2022-02-09,1084.521240234375,1086.2047554004216,1072.9184893348381,1078.9017802245178,11486225,RELIANCE.NS
2022-02-10,1083.4063720703125,1090.0721909727154,1076.1488917844267,1090.0721909727154,12464491,RELIANCE.NS
2022-02-11,1081.29052734375,1084.9761347999724,1066.593591416207,1079.857228868873,15943370,RELIANCE.NS
2022-02-14,1064.068359375,1071.5305623649283,1052.4427424947037,1064.8418760134352,10719633,RELIANCE.NS
2022-02-15,1100.1962890625,1102.903657466319,1062.77153947328,1069.824176996969,11212671,RELIANCE.NS
2022-02-16,1097.9212646484375,1107.0442358991004,1090.1860980638264,1105.6791781831728,10392840,RELIANCE.NS
2022-02-17,1111.82177734375,1117.0089242641513,1096.5789142269996,1101.1745201113265,12853252,RELIANCE.NS
2022-02-18,1103.1312255859375,1117.6915612787002,1101.1973736454247,1112.2314504381943,6775458,RELIANCE.NS
2022-02-21,1091.9832763671875,1109.0917498883975,1085.0216268966433,1097.488880416598,11107193,RELIANCE.NS
2022-02-22,1087.023681640625,1090.1633625619224,1067.9814753307442,1070.5977356852184,13494914,RELIANCE.NS
2022-02-23,1080.2213134765625,1095.0092390254035,1077.468571284383,1092.5294602510214,7310110,RELIANCE.NS
2022-02-24,1026.393310546875,1064.6826864402094,1020.7739713257805,1048.8026672886117,24846650,RELIANCE.NS
2022-02-25,1039.224853515625,1050.1450756675365,1035.7212210618118,1037.4729771115954,14570089,RELIANCE.NS
2022-02-28,1073.62353515625,1077.1726610969984,1020.5919703644313,1020.5919703644313,21297446,RELIANCE.NS
2022-03-02,1091.3692626953125,1092.4841041671061,1059.8141821293812,1062.2029733991815,21471786,RELIANCE.NS
2022-03-03,1082.155029296875,1098.7856965324477,1078.4011810031334,1092.0287696037128,10186748,RELIANCE.NS
2022-03-04,1058.1531982421875,1075.7848524224223,1055.787154408625,1070.643199306108,10805667,RELIANCE.NS
2022-03-07,1019.022216796875,1052.0333374144284,1011.0367133096933,1036.8358471079189,17983310,RELIANCE.NS
2022-03-08,1017.1793823242188,1021.9570845268837,991.9262347785383,1006.2591006780564,21289374,RELIANCE.NS
2022-03-09,1071.143798828125,1077.01347494328,1016.565078233395,1017.406956117863,20414228,RELIANCE.NS
2022-03-10,1088.50244140625,1094.3038764083778,1073.8283721325647,1092.028820377732,17980493,RELIANCE.NS
2022-03-11,1091.64208984375,1097.0340801861346,1081.1313132856126,1081.1313132856126,12257423,RELIANCE.NS
2022-03-14,1100.605712890625,1103.1311056498985,1080.1984500463022,1086.06812572994,8340678,RELIANCE.NS
2022-03-15,1075.3980712890625,1104.7463279779463,1065.114765849993,1104.7463279779463,15925769,RELIANCE.NS
2022-03-16,1093.5531005859375,1095.6234340578644,1081.609026403429,1083.8385885222203,11149828,RELIANCE.NS
2022-03-17,1129.2034912109375,1136.3471174672695,1098.8996160284657,1106.9306141386928,21422098,RELIANCE.NS
2022-03-21,1122.6966552734375,1130.249846191458,1109.7743416930666,1112.0493977484434,11999466,RELIANCE.NS
2022-03-22,1151.703857421875,1153.4328665457272,1116.417676927256,1119.3751418583722,22557065,RELIANCE.NS
2022-03-23,1155.366455078125,1167.0375661035232,1147.9953600851836,1147.9953600851836,15462187,RELIANCE.NS
2022-03-24,1173.316650390625,1175.8192962308133,1142.08015447494,1142.08015447494,13168266,RELIANCE.NS
2022-03-25,1181.1429443359375,1190.3114093068612,1172.5659000566366,1175.0685459381182,14222488,RELIANCE.NS
2022-03-28,1193.0189208984375,1196.5679268909805,1176.88868384816,1187.581436439095,9891424,RELIANCE.NS
2022-03-29,1193.2918701171875,1200.321761515582,1186.3984604316122,1200.321761515582,8684065,RELIANCE.NS
2022-03-30,1216.2244873046875,1223.0724028520565,1190.8120505919683,1201.1863453712592,15811550,RELIANCE.NS
2022-03-31,1198.8428955078125,1214.7456618708436,1196.0446595036312,1212.584340487485,13223718,RELIANCE.NS
2022-04-01,1208.443603515625,1212.6752582349072,1193.0415116671982,1199.4116203413212,7922880,RELIANCE.NS
2022-04-04,1212.0155029296875,1217.157156093152,1201.9825334062043,1208.2616544203254,7929162,RELIANCE.NS
2022-04-05,1194.88427734375,1214.8366019261355,1192.4499926471442,1206.2823045318924,13149870,RELIANCE.NS
2022-04-06,1191.69921875,1198.7291094168588,1177.1616311168914,1177.1616311168914,12257215,RELIANCE.NS
2022-04-07,1170.6778564453125,1185.7614936648845,1168.015981475152,1180.8018153339476,15496499,RELIANCE.NS
2022-04-08,1190.1522216796875,1194.4066235414564,1164.8307737717014,1164.8307737717014,15152495,RELIANCE.NS
2022-04-11,1187.6724853515625,1200.572052745213,1175.296097837182,1183.0312648122701,9254209,RELIANCE.NS
2022-04-12,1165.30859375,1184.2143186613282,1162.737706900729,1177.116066491659,13217742,RELIANCE.NS
2022-04-13,1161.0313720703125,1179.664132404293,1158.2330158892628,1171.4284128604863,10354235,RELIANCE.NS
2022-04-18,1157.4822998046875,1164.7397805103374,1147.4493300930017,1152.545489452205,9974224,RELIANCE.NS
2022-04-19,1201.5958251953125,1213.9722131143637,1160.7585471967582,1163.920854944009,26141820,RELIANCE.NS
2022-04-20,1236.927490234375,1244.0029958076177,1205.3724131158556,1209.012527185881,25072240,RELIANCE.NS
2022-04-21,1265.88916015625,1269.028721194779,1243.0929814877397,1251.692774267279,21708633,RELIANCE.NS
2022-04-22,1255.2872314453125,1274.9437261640837,1248.6440386176957,1255.3327253469529,15054154,RELIANCE.NS
2022-04-25,1226.2574462890625,1255.1051538112451,1211.9928211860372,1247.825046254362,17063215,RELIANCE.NS
2022-04-26,1262.9541015625,1271.7586153913803,1232.0360622414871,1233.0825422871724,12227666,RELIANCE.NS
2022-04-27,1264.1826171875,1286.7739479010713,1253.580733766915,1253.9448053007873,19338945,RELIANCE.NS
2022-04-28,1283.0657958984375,1297.2394339221792,1267.7090756457555,1278.56117721433,25614076,RELIANCE.NS
2022-04-29,1269.597412109375,1299.5827089210004,1263.7049887259216,1299.5827089210004,18214862,RELIANCE.NS
2022-05-02,1265.1383056640625,1276.5363340584336,1254.9459860935513,1256.7433563845793,9467006,RELIANCE.NS
2022-05-04,1225.6431884765625,1269.4836653281736,1217.7487926896627,1267.2086090941277,19247660,RELIANCE.NS
2022-05-05,1201.6412353515625,1242.18280014838,1197.591676403661,1239.2252151754037,17210669,RELIANCE.NS
2022-05-06,1192.42724609375,1209.8769247815503,1180.0963532492094,1188.582409796725,19649948,RELIANCE.NS
2022-05-09,1145.8568115234375,1181.711782557566,1140.715158224648,1171.6331985147315,18083752,RELIANCE.NS
2022-05-10,1125.9954833984375,1149.633416525882,1118.4195452683007,1135.2550569441219,19511677,RELIANCE.NS
2022-05-11,1114.4610595703125,1130.6822844670523,1102.0164305530109,1125.0855713281494,16643899,RELIANCE.NS
2022-05-12,1091.755859375,1107.8859741719987,1078.378486557952,1104.5416911448524,20490321,RELIANCE.NS
2022-05-13,1104.1322021484375,1127.5197990708434,1099.0132956252583,1103.8592387327842,19308778,RELIANCE.NS
2022-05-16,1104.4052734375,1128.8848441001169,1099.6048242868326,1107.7040627563247,13437911,RELIANCE.NS
2022-05-17,1150.79345703125,1155.6848931734114,1106.589037590526,1107.9995890295822,16551828,RELIANCE.NS
2022-05-18,1154.979736328125,1169.3808421611643,1141.2839062872033,1155.5712773721964,17276788,RELIANCE.NS
2022-05-19,1128.3614501953125,1143.2176150806665,1122.0823293936187,1130.2498080381895,14699118,RELIANCE.NS
2022-05-20,1194.1563720703125,1203.2338502041005,1138.440180194292,1143.2177622581032,21793091,RELIANCE.NS
2022-05-23,1186.1708984375,1207.3971730449673,1179.8461630484092,1197.364082975496,15252755,RELIANCE.NS
2022-05-24,1190.2432861328125,1200.3217504414995,1181.9848186867473,1186.2164738705715,13527818,RELIANCE.NS
2022-05-25,1188.4915771484375,1208.8306025401785,1183.7138745751004,1198.9568604081787,12714544,RELIANCE.NS
2022-05-26,1177.1617431640625,1198.911319486633,1159.3707382493358,1194.1336171006558,17882023,RELIANCE.NS
2022-05-27,1171.701416015625,1185.3744993862058,1155.7760235250337,1179.8688949887019,16521973,RELIANCE.NS
2022-05-30,1212.51611328125,1216.7021540363792,1180.392243237482,1189.8564191042008,13853398,RELIANCE.NS
2022-05-31,1197.8873291015625,1218.886133257268,1190.1749097343077,1201.8686470065388,70620653,RELIANCE.NS
2022-06-01,1198.2742919921875,1208.1480337988985,1190.402522676765,1198.638243225424,9776989,RELIANCE.NS
2022-06-02,1239.5892333984375,1243.2975879303071,1198.5016232049925,1198.5016232049925,22126569,RELIANCE.NS
2022-06-03,1264.705810546875,1281.9280190654463,1247.6428306711036,1248.552949338414,23939791,RELIANCE.NS
2022-06-06,1259.2685546875,1280.4038420032741,1252.102061607887,1264.9335082984549,11093152,RELIANCE.NS
2022-06-07,1261.6346435546875,1269.9840987331656,1252.2159612910536,1260.3378265980741,12358255,RELIANCE.NS
2022-06-08,1239.4755859375,1265.3884552322884,1235.949206752914,1261.6346065371608,12479250,RELIANCE.NS
2022-06-09,1273.4649658203125,1275.3986973973456,1233.082627965682,1233.082627965682,17278305,RELIANCE.NS
2022-06-10,1235.0164794921875,1269.4381532361936,1229.215044054509,1261.24792684013,18093057,RELIANCE.NS
2022-06-13,1211.6514892578125,1216.156107684235,1190.4479609930536,1205.7819334162448,17620803,RELIANCE.NS
2022-06-14,1195.8170166015625,1215.7238471836963,1189.151077141205,1205.804612494347,14714312,RELIANCE.NS
2022-06-15,1181.3477783203125,1200.0032876716657,1175.933161306616,1191.0167974504632,11195535,RELIANCE.NS
2022-06-16,1164.8306884765625,1209.8996152953227,1162.1005732041187,1193.4964174203167,17111475,RELIANCE.NS
2022-06-17,1178.48095703125,1194.3381068780648,1163.056119541174,1164.8306221546918,24457187,RELIANCE.NS
2022-06-20,1157.1182861328125,1190.81193373047,1147.1306905067754,1185.3062092078612,12066797,RELIANCE.NS
2022-06-21,1175.796630859375,1180.0281654943678,1150.4069416324683,1164.830795221328,11720049,RELIANCE.NS
2022-06-22,1140.0782470703125,1164.0573868656688,1137.9851663317936,1163.9663990536787,10617206,RELIANCE.NS
2022-06-23,1121.581787109375,1148.905326422505,1112.5043100555831,1144.3779613702993,19446323,RELIANCE.NS
2022-06-24,1137.552734375,1142.5350381564465,1122.9695334934358,1128.4297638955586,14240234,RELIANCE.NS
2022-06-27,1134.185791015625,1157.9829545073123,1129.135125114688,1157.9829545073123,15474529,RELIANCE.NS
2022-06-28,1150.1339111328125,1152.9777615415514,1129.3854414043199,1129.3854414043199,13572847,RELIANCE.NS
2022-06-29,1173.9991455078125,1181.6661910990751,1137.9849487932977,1140.806051842701,19205146,RELIANCE.NS
2022-06-30,1181.0518798828125,1190.2658381550734,1167.560773223342,1173.9308815535303,23112959,RELIANCE.NS
2022-07-01,1095.9874267578125,1179.3911062938287,1076.103462886294,1171.610445710058,81997149,RELIANCE.NS
2022-07-04,1098.2625732421875,1111.1393942579136,1076.6039843933402,1082.450913964659,41857728,RELIANCE.NS
2022-07-05,1107.157958984375,1121.5590649917854,1099.8094906293034,1102.4941121326237,17647327,RELIANCE.NS
2022-07-06,1097.420654296875,1111.11648393539,1086.568674692882,1101.1745026432604,23943726,RELIANCE.NS
2022-07-07,1086.6141357421875,1107.1578795789183,1080.6534724660446,1103.8135967687947,23301033,RELIANCE.NS
2022-07-08,1088.11572265625,1100.2190253242575,1084.0887905138445,1100.2190253242575,19010108,RELIANCE.NS
2022-07-11,1102.903564453125,1105.1330060215998,1078.378383303484,1081.3359679020425,13847467,RELIANCE.NS
2022-07-12,1101.333740234375,1110.0927598985188,1093.8487904297283,1093.8487904297283,10778989,RELIANCE.NS
2022-07-13,1081.813720703125,1107.4992384747932,1079.7435076394818,1104.4506658974965,14224132,RELIANCE.NS
2022-07-14,1090.73193359375,1107.4764556314449,1081.5407222618398,1086.5686402982146,16970315,RELIANCE.NS
2022-07-15,1092.8477783203125,1098.8539355804724,1084.3390956531612,1098.8539355804724,9603210,RELIANCE.NS
2022-07-18,1102.15283203125,1103.4040345430283,1088.525123257814,1101.584037969047,15160908,RELIANCE.NS
2022-07-19,1108.909912109375,1113.4145306244031,1092.1653876854057,1092.1653876854057,16439888,RELIANCE.NS
2022-07-20,1138.89501953125,1156.8679986086788,1131.2735877067614,1155.730530749646,23924246,RELIANCE.NS
2022-07-21,1131.2962646484375,1137.5300117770723,1122.651100250388,1134.7998965175696,16523230,RELIANCE.NS
2022-07-22,1138.940673828125,1144.9468316984942,1135.2550660118313,1137.5301221641155,10969995,RELIANCE.NS
2022-07-25,1101.31103515625,1122.7194053701078,1093.3938930172108,1122.7194053701078,23110452,RELIANCE.NS
2022-07-26,1101.8116455078125,1112.003964591019,1097.193292295004,1101.629669898458,11303288,RELIANCE.NS
2022-07-27,1100.76513671875,1104.3141424256505,1092.938861823789,1101.1063409773997,8655086,RELIANCE.NS
2022-07-28,1118.0101318359375,1122.9469424061926,1101.5841851617515,1108.4093537574902,12496073,RELIANCE.NS
2022-07-29,1141.8299560546875,1145.3108414909532,1121.1497270683567,1126.018296934473,15130683,RELIANCE.NS
2022-08-01,1171.587646484375,1177.4573222630406,1140.9880650198957,1146.2434528105707,15700044,RELIANCE.NS
2022-08-02,1176.0467529296875,1186.580275301345,1165.535977507085,1170.5184018297261,13917913,RELIANCE.NS
2022-08-03,1185.9205322265625,1187.5813002703721,1168.220637135406,1183.0311881851292,14250977,RELIANCE.NS
2022-08-04,1170.245361328125,1191.107684300821,1153.455464512121,1187.5813052958538,14467127,RELIANCE.NS
2022-08-05,1153.0003662109375,1173.384882192994,1149.7925649671015,1172.1109326876474,13942438,RELIANCE.NS
2022-08-08,1168.083984375,1175.546187127536,1151.6352925910844,1151.6352925910844,10165178,RELIANCE.NS
2022-08-10,1175.068603515625,1178.4356336498447,1163.4884798945134,1172.5204636099309,10724688,RELIANCE.NS
2022-08-11,1178.981689453125,1187.5358669102814,1174.0220116644236,1184.4418001629217,8198226,RELIANCE.NS
2022-08-12,1198.0465087890625,1201.8458509440902,1174.9319985812028,1178.6174856399732,12650587,RELIANCE.NS
2022-08-16,1206.373291015625,1209.1034064115306,1195.4530701404663,1204.052741070798,6607378,RELIANCE.NS
2022-08-17,1212.6754150390625,1218.0217913259337,1208.3072780583839,1212.6071741819499,6595965,RELIANCE.NS
2022-08-18,1214.8746337890625,1218.3895770524823,1205.242530076721,1214.281162605974,7410035,RELIANCE.NS
2022-08-19,1193.213623046875,1215.0569809988342,1189.1507309375147,1209.7159828214287,9460724,RELIANCE.NS
2022-08-22,1189.904052734375,1201.1795211355932,1180.500282384016,1194.6517009933089,9471680,RELIANCE.NS
2022-08-23,1208.2552490234375,1211.1768414672938,1182.9424687305054,1184.1522321085429,9678484,RELIANCE.NS
2022-08-24,1205.0369873046875,1218.846089361482,1203.0284828486285,1205.1968562417935,10369622,RELIANCE.NS
2022-08-25,1201.5220947265625,1215.6049306697223,1197.2081689286076,1209.2368579891631,7871946,RELIANCE.NS
2022-08-26,1195.1080322265625,1209.715993824914,1190.0866510806784,1201.9554689456972,10742038,RELIANCE.NS
2022-08-29,1185.818359375,1211.9984634718257,1176.8710131510943,1180.0436382797463,19838975,RELIANCE.NS
2022-08-30,1204.215087890625,1207.5475818496645,1176.2090496696883,1193.282058957648,23139054,RELIANCE.NS
2022-09-01,1168.81396484375,1189.150886984996,1164.385933490136,1178.9710757031155,19909939,RELIANCE.NS
2022-09-02,1155.1646728515625,1175.638520959865,1152.9734784565321,1168.8139049237643,12999345,RELIANCE.NS
2022-09-05,1173.10498046875,1178.445978943139,1155.3928563937116,1155.3928563937116,11327815,RELIANCE.NS
2022-09-06,1185.4532470703125,1189.6302455363334,1174.1093147173583,1174.5658588505653,10899618,RELIANCE.NS
2022-09-07,1178.5601806640625,1184.563114237557,1173.1963605855797,1175.478839783805,7488501,RELIANCE.NS
2022-09-08,1180.2261962890625,1185.978096162653,1173.6527344300007,1181.5272442598816,7057077,RELIANCE.NS
2022-09-09,1172.8768310546875,1191.4561604892992,1170.4573041604863,1191.4561604892992,8314850,RELIANCE.NS
2022-09-12,1186.0009765625,1192.3691689901582,1173.447281793324,1173.447281793324,7435419,RELIANCE.NS
2022-09-13,1195.906982421875,1200.4491194045427,1187.3477160754526,1195.1081207827935,8888657,RELIANCE.NS
2022-09-14,1181.5728759765625,1191.4560105895346,1174.4515854442564,1175.478658663779,8678219,RELIANCE.NS
2022-09-15,1169.8638916015625,1188.5116835520153,1167.1476896556205,1179.1307346574977,10365600,RELIANCE.NS
2022-09-16,1140.8763427734375,1165.4359048168926,1137.133067391258,1161.213264147553,20217708,RELIANCE.NS
2022-09-19,1142.3599853515625,1151.6040077939597,1132.7278822878002,1140.876367867208,7580254,RELIANCE.NS
2022-09-20,1142.54248046875,1158.4514907194557,1138.8220264150539,1151.4898271317024,8411448,RELIANCE.NS
2022-09-21,1145.6925048828125,1156.3060391967588,1138.9591731329301,1139.7580348153278,9207309,RELIANCE.NS
2022-09-22,1134.8961181640625,1142.6108798497348,1128.5052256188412,1134.8504758314202,10308170,RELIANCE.NS
2022-09-23,1113.6234130859375,1139.3926153234095,1112.071332278307,1134.3940554048254,9528051,RELIANCE.NS
2022-09-26,1085.2523193359375,1103.7176650883043,1084.2480670791438,1092.8757978119418,12479523,RELIANCE.NS
2022-09-27,1093.8800048828125,1107.4607728213189,1077.3776445528867,1092.8528108642224,16154822,RELIANCE.NS
2022-09-28,1064.7554931640625,1085.5489575446488,1062.3132660155625,1077.491757249726,16997059,RELIANCE.NS
2022-09-29,1061.4915771484375,1080.7556609643932,1055.8766040342564,1077.3320028920632,14671827,RELIANCE.NS
2022-09-30,1085.4349365234375,1096.5048940159172,1054.96372509037,1054.96372509037,18613024,RELIANCE.NS
2022-10-03,1081.6688232421875,1103.3294933419215,1078.7015883112226,1091.7117072217247,11852723,RELIANCE.NS
2022-10-04,1101.6175537109375,1103.808747936222,1091.0953054950355,1094.58754770497,8948850,RELIANCE.NS
2022-10-06,1105.6802978515625,1118.4165611455717,1103.8771842481965,1108.8302224863316,13352162,RELIANCE.NS
2022-10-07,1110.3594970703125,1115.6320317027526,1102.2794760013117,1102.2794760013117,7714340,RELIANCE.NS
2022-10-10,1098.2396240234375,1103.6262649687026,1090.1139598954956,1097.8743645838504,6329527,RELIANCE.NS
2022-10-11,1076.373291015625,1101.982746487589,1073.2691292307711,1101.982746487589,9215177,RELIANCE.NS
2022-10-12,1084.2935791015625,1087.2379927529598,1069.6171531804475,1073.6800455545388,7417103,RELIANCE.NS
2022-10-13,1087.7401123046875,1092.8527780894253,1077.3776122421918,1082.5360411069073,7328492,RELIANCE.NS
2022-10-14,1082.216552734375,1103.0556611703817,1081.48615457156,1102.4393688537991,9106089,RELIANCE.NS
2022-10-17,1099.586181640625,1101.9827665257233,1069.845490552908,1075.0495620947684,16729355,RELIANCE.NS
2022-10-18,1118.9874267578125,1124.3512470169624,1104.7903646127031,1105.6348686623294,12415820,RELIANCE.NS
2022-10-19,1138.4569091796875,1153.9550179585947,1114.6277458530562,1120.4709308445554,19247142,RELIANCE.NS
2022-10-20,1141.5155029296875,1149.9150215278255,1134.3942113183082,1134.3942113183082,8717053,RELIANCE.NS
2022-10-21,1128.2769775390625,1148.9106943491454,1126.177188586748,1144.7565172867282,8243452,RELIANCE.NS
2022-10-24,1132.0430908203125,1142.382770547029,1120.836206695688,1122.9816380159375,3370033,RELIANCE.NS
2022-10-25,1114.559326171875,1140.785075413764,1112.9387816840604,1140.785075413764,12233241,RELIANCE.NS
2022-10-27,1118.941650390625,1126.8391025996318,1110.5649536618178,1122.0686333408069,12513059,RELIANCE.NS
2022-10-28,1153.178955078125,1157.218905475806,1122.730566891981,1125.2640787350124,17609592,RELIANCE.NS
2022-10-31,1163.8837890625,1169.065039404331,1155.9406944170403,1159.957944449031,12419943,RELIANCE.NS
2022-11-01,1154.867919921875,1186.8910882247426,1144.8935003477782,1186.8910882247426,13963166,RELIANCE.NS
2022-11-02,1162.08056640625,1164.1576549471247,1148.0890168960855,1155.986348539346,8981896,RELIANCE.NS
2022-11-03,1166.4173583984375,1168.4259835133787,1152.676841200972,1154.8680356681098,6693449,RELIANCE.NS
2022-11-04,1183.5816650390625,1186.8912175642852,1164.568612402097,1165.8467186255812,12575815,RELIANCE.NS
2022-11-07,1189.904052734375,1191.5931814379082,1175.0223567357784,1182.7827614663586,11789748,RELIANCE.NS
2022-11-09,1188.7171630859375,1196.9112902936065,1182.3489707407007,1191.5931131291466,11254205,RELIANCE.NS
2022-11-10,1174.337646484375,1185.3163193750859,1170.0008998356418,1182.3262632089597,5966242,RELIANCE.NS
2022-11-11,1201.4078369140625,1203.325056528256,1181.413233492101,1186.8911590644095,12310132,RELIANCE.NS
2022-11-14,1195.5875244140625,1206.0641314784764,1189.242152687652,1200.9285232071268,9043112,RELIANCE.NS
2022-11-15,1190.2236328125,1198.9426470922247,1182.3261805701843,1197.0710698465111,7086433,RELIANCE.NS
2022-11-16,1183.3990478515625,1194.1723297469184,1178.3775455967132,1191.4561277313167,9716161,RELIANCE.NS
2022-11-17,1186.45751953125,1192.825591205946,1177.7612057960014,1180.020863607493,6661451,RELIANCE.NS
2022-11-18,1185.818359375,1190.9996093948082,1173.698388022442,1189.972415409292,5303197,RELIANCE.NS
2022-11-21,1164.477294921875,1181.413258441568,1160.9165888885639,1181.413258441568,6390268,RELIANCE.NS
2022-11-22,1170.9365234375,1172.511425391076,1157.903584906397,1161.7837868751285,6611488,RELIANCE.NS
2022-11-23,1167.28466796875,1176.80266503484,1165.0934735308952,1175.4787957552544,6413408,RELIANCE.NS
2022-11-24,1177.3504638671875,1184.1522586948402,1163.2446877659072,1171.3703518394527,9389439,RELIANCE.NS
2022-11-25,1194.9254150390625,1198.257788225093,1178.719730929941,1181.8696555369409,7349922,RELIANCE.NS
2022-11-28,1235.9874267578125,1242.1501079495758,1142.1545139312134,1190.9540185279361,31527484,RELIANCE.NS
2022-11-29,1238.110107421875,1246.9889910362924,1229.8018737736188,1234.3440108402901,11058913,RELIANCE.NS
2022-11-30,1246.85205078125,1253.288707028199,1231.7192011093234,1238.247142030381,26164986,RELIANCE.NS
2022-12-01,1243.1773681640625,1257.648284706288,1239.844994224955,1251.622529613266,9485801,RELIANCE.NS
2022-12-02,1242.6522216796875,1254.4526976676975,1232.8147284105949,1246.235748845341,11589592,RELIANCE.NS
2022-12-05,1224.529296875,1240.1871538032585,1222.4979714298172,1238.0187806031995,14828536,RELIANCE.NS
2022-12-06,1228.0672607421875,1231.1714227767877,1214.7375243314339,1216.609222468136,8594245,RELIANCE.NS
2022-12-07,1209.9443359375,1230.258436618436,1206.132596960368,1225.693478313524,8462111,RELIANCE.NS
2022-12-08,1209.373779296875,1216.5636555928043,1205.1969012915213,1214.2811762641966,7757008,RELIANCE.NS
2022-12-09,1191.0452880859375,1214.2809794282305,1187.7356151104486,1207.8899658959556,12655763,RELIANCE.NS
2022-12-12,1192.871337890625,1197.3906539089487,1180.0437880026634,1180.272120443367,9479842,RELIANCE.NS
2022-12-13,1198.3037109375,1201.9555809304147,1189.9497141999723,1192.8713067918438,8333348,RELIANCE.NS
2022-12-14,1193.9669189453125,1204.6717371538757,1191.9126515922892,1204.0782660411908,7268947,RELIANCE.NS
2022-12-15,1177.008056640625,1193.7386297598832,1173.6528618480468,1188.0324923462415,8688551,RELIANCE.NS
2022-12-16,1171.1876220703125,1195.4733287956508,1167.7867851451592,1173.6527911334736,15837349,RELIANCE.NS
2022-12-19,1186.5716552734375,1188.7172073020977,1171.6898388274747,1178.2177795852808,7729933,RELIANCE.NS
2022-12-20,1196.843017578125,1198.7602374146065,1171.3704856304953,1179.541792973625,7467588,RELIANCE.NS
2022-12-21,1179.8155517578125,1201.9555872542346,1175.9809916475376,1196.477661489117,8527550,RELIANCE.NS
2022-12-22,1176.7569580078125,1189.013856887232,1171.7126347696108,1185.9781586267084,7451122,RELIANCE.NS
2022-12-23,1142.245849609375,1182.554553491853,1137.703712598857,1170.137785137051,10257115,RELIANCE.NS
2022-12-26,1152.2203369140625,1160.4144650934027,1137.772242230335,1147.9749955940688,5990242,RELIANCE.NS
2022-12-27,1161.64697265625,1163.518549950611,1148.2031310835503,1154.9364624540497,5763271,RELIANCE.NS
2022-12-28,1161.532958984375,1163.9751864269276,1151.056351446895,1158.5885450524734,7459393,RELIANCE.NS
2022-12-29,1161.0078125,1163.5641454874342,1152.882148696241,1153.566904464591,6930648,RELIANCE.NS
2022-12-30,1162.7882080078125,1176.3917984159748,1160.0036631000119,1161.82959814601,7289476,RELIANCE.NS
2023-01-02,1175.8896484375,1177.3048023328713,1163.244668797144,1164.066351583663,5316175,RELIANCE.NS
2023-01-03,1167.28466796875,1174.565828259546,1163.0621480210023,1170.9366586985077,7658932,RELIANCE.NS
2023-01-04,1149.7095947265625,1169.1107276232437,1147.6325061253483,1167.2618507099899,9264891,RELIANCE.NS
2023-01-05,1147.6553955078125,1157.858149023016,1143.0676158255733,1151.969321148222,13637099,RELIANCE.NS
2023-01-06,1158.0863037109375,1163.1306272948216,1149.5955006159752,1153.4072395784428,6349597,RELIANCE.NS
2023-01-09,1185.4302978515625,1187.8041821914996,1161.0306065888913,1161.9207528429104,10722753,RELIANCE.NS
2023-01-10,1167.9010009765625,1189.6302560157692,1162.240505708343,1189.6302560157692,8047142,RELIANCE.NS
2023-01-11,1153.178955078125,1167.7183330231771,1150.873534164056,1165.207642347734,11509553,RELIANCE.NS
2023-01-12,1128.2769775390625,1156.077627831873,1125.2641003718309,1152.5855061360771,17688773,RELIANCE.NS
2023-01-13,1126.451171875,1128.8705782042637,1111.3867843100481,1122.2513519945564,20618583,RELIANCE.NS
2023-01-16,1115.723388671875,1131.951774613395,1107.917221092014,1128.7791493112115,13623855,RELIANCE.NS
2023-01-17,1131.563720703125,1133.4809401269406,1118.6905304756872,1122.0685460066525,10751000,RELIANCE.NS
2023-01-18,1129.6922607421875,1137.1788121810373,1123.1416187933949,1129.144552646858,13448286,RELIANCE.NS
2023-01-19,1128.4825439453125,1132.6366004638107,1121.4524163802744,1128.8705038207283,11940054,RELIANCE.NS
2023-01-20,1115.0615234375,1129.8291140692525,1112.596474928504,1129.8291140692525,14930286,RELIANCE.NS
2023-01-23,1109.4237060546875,1125.811961602633,1107.004299933337,1117.960272105855,10954118,RELIANCE.NS
2023-01-24,1102.873046875,1115.51790607312,1089.8171651533376,1113.851719292168,16488755,RELIANCE.NS
2023-01-25,1087.6259765625,1102.302402806859,1086.461976225218,1101.2753294802073,12385018,RELIANCE.NS
2023-01-27,1066.9923095703125,1089.817098907081,1055.260297818003,1088.470529311336,25830975,RELIANCE.NS
2023-01-30,1077.218017578125,1082.764407064242,1050.3987961919847,1064.4132886312711,21772103,RELIANCE.NS
2023-01-31,1074.5245361328125,1089.9541811505658,1068.6585300710096,1087.3749062182637,22691594,RELIANCE.NS
2023-02-01,1068.156494140625,1086.43914786492,1052.2246622437708,1086.43914786492,19347800,RELIANCE.NS
2023-02-02,1062.2447509765625,1071.85391093282,1054.9635914721293,1058.1590377354637,13662663,RELIANCE.NS
2023-02-03,1063.1806640625,1072.3105805967245,1046.7467660021255,1072.3105805967245,24699575,RELIANCE.NS
2023-02-06,1055.1690673828125,1059.528634971871,1052.5899131464937,1056.7896118119152,14837879,RELIANCE.NS
2023-02-07,1052.635498046875,1062.4501695052957,1046.7466710224398,1055.4201633910932,15135435,RELIANCE.NS
2023-02-08,1073.6572265625,1077.2863960062462,1053.137736379797,1055.8766387784026,21160332,RELIANCE.NS
2023-02-09,1075.52880859375,1082.284961068636,1065.463103759131,1074.341987106508,13172763,RELIANCE.NS
2023-02-10,1066.6729736328125,1075.00402903085,1059.6656668626474,1075.00402903085,10790445,RELIANCE.NS
2023-02-13,1060.6014404296875,1072.7670546240697,1056.127767130611,1068.293381324993,10352493,RELIANCE.NS
2023-02-14,1085.5946044921875,1087.329254712915,1060.738368480938,1063.6143185684562,14321920,RELIANCE.NS
2023-02-15,1110.1768798828125,1112.5735854842064,1083.2664969637603,1084.6358877756606,33503591,RELIANCE.NS
2023-02-16,1109.3096923828125,1124.716518210531,1107.027213083921,1118.165755531408,17264487,RELIANCE.NS
2023-02-17,1113.9429931640625,1117.2754874405753,1100.4306882070916,1104.7217922905263,11809520,RELIANCE.NS
2023-02-20,1102.1654052734375,1118.3025060122345,1100.202422672568,1116.1341329085612,8836937,RELIANCE.NS
2023-02-21,1111.158447265625,1116.9558691842672,1101.22954869757,1106.547846833629,13311592,RELIANCE.NS
2023-02-22,1085.9598388671875,1109.2868172204335,1084.2023673241313,1107.4380609994967,11024335,RELIANCE.NS
2023-02-23,1080.7557373046875,1093.1953270218976,1077.9483712962124,1085.5490279902117,9851910,RELIANCE.NS
2023-02-24,1088.1510009765625,1093.8344379808216,1080.9840672539892,1082.8100022510873,9434053,RELIANCE.NS
2023-02-27,1080.91552734375,1090.8672478016565,1073.543202799622,1087.3750050988056,11199715,RELIANCE.NS
2023-02-28,1060.2362060546875,1080.5274845520237,1056.1734344203933,1075.5516247048565,21994038,RELIANCE.NS
2023-03-01,1069.9822998046875,1070.712697848546,1060.5555887311154,1070.0279421357468,11551145,RELIANCE.NS
2023-03-02,1061.833984375,1073.5203549354069,1059.802538079039,1066.8326656493814,9333535,RELIANCE.NS
2023-03-03,1088.927001953125,1092.6018137297042,1068.909698230002,1072.3789987479975,14643807,RELIANCE.NS
2023-03-06,1099.5633544921875,1106.8216933590497,1095.5918675399987,1095.5918675399987,10171916,RELIANCE.NS
2023-03-08,1103.5120849609375,1104.265304210858,1088.7443751303776,1099.5632986303585,15782657,RELIANCE.NS
2023-03-09,1076.9896240234375,1103.3066574341256,1075.095225544964,1102.8958764013148,16235128,RELIANCE.NS
2023-03-10,1060.3048095703125,1070.0281981219273,1056.8125666742676,1068.887018825526,13334091,RELIANCE.NS
2023-03-13,1042.866455078125,1070.027990166369,1038.5297089513685,1063.1805534779228,12771592,RELIANCE.NS
2023-03-14,1038.9635009765625,1052.2018311560978,1035.8136967949142,1040.812257084253,16027522,RELIANCE.NS
2023-03-15,1021.205810546875,1049.1662111592916,1016.800600298463,1042.6840329673732,21728555,RELIANCE.NS
2023-03-16,1016.1157836914062,1028.9433330363881,1005.2968594074098,1023.921951504309,18363159,RELIANCE.NS
2023-03-17,1014.837646484375,1028.0075129528561,1010.0900587449327,1024.720781814394,34014213,RELIANCE.NS
2023-03-20,1004.8632202148438,1013.4225471579439,995.1626537042278,1011.1400680229121,19524589,RELIANCE.NS
2023-03-21,1036.1102294921875,1038.0732119172073,1012.0528577510236,1012.9430039303461,21400360,RELIANCE.NS
2023-03-22,1039.2601318359375,1046.0391051865406,1036.247254791225,1043.0946916431246,10920094,RELIANCE.NS
2023-03-23,1026.1131591796875,1036.2016854580306,1023.9447859117854,1035.3343603002547,16249370,RELIANCE.NS
2023-03-24,1005.7989501953125,1027.117362031003,1003.3795441878093,1024.9489888672188,12375945,RELIANCE.NS
2023-03-27,1021.4338989257812,1028.9432703448797,1004.3838307288752,1012.2812223607901,14054323,RELIANCE.NS
2023-03-28,1026.2044677734375,1030.0846702786253,1021.1829653124684,1024.8349561252708,12576424,RELIANCE.NS
2023-03-29,1020.133056640625,1024.7436572444662,1009.3597140789179,1022.0959186617868,18804065,RELIANCE.NS
2023-03-31,1064.116455078125,1069.7770709600845,1029.2629756900762,1029.3999027039445,28171201,RELIANCE.NS
2023-04-03,1064.299072265625,1072.3106311531849,1056.7896998650788,1070.4846960590223,10293043,RELIANCE.NS
2023-04-05,1061.74267578125,1071.8540232011114,1053.8453439607506,1071.8540232011114,16262928,RELIANCE.NS
2023-04-06,1068.864013671875,1074.5930932267388,1058.2276581630158,1058.2276581630158,18435046,RELIANCE.NS
2023-04-10,1061.2861328125,1072.9496819536614,1059.779694186431,1072.7671126043012,12961408,RELIANCE.NS
2023-04-11,1066.535888671875,1068.6586196822263,1060.9210357303307,1065.4631729553812,10542367,RELIANCE.NS
2023-04-12,1071.23779296875,1080.8925957399235,1063.6599579243734,1066.5357872569193,18179087,RELIANCE.NS
2023-04-13,1075.27783203125,1079.9797173840186,1069.1151503508545,1074.1365320735108,12378208,RELIANCE.NS
2023-04-17,1080.73291015625,1106.9814803229494,1072.333391852291,1106.9814803229494,17929479,RELIANCE.NS
2023-04-18,1068.36181640625,1085.0923881243807,1061.8110548039576,1085.0923881243807,10405576,RELIANCE.NS
2023-04-19,1073.6800537109375,1076.3733137885806,1064.64142217666,1067.768405195298,12273475,RELIANCE.NS
2023-04-20,1070.9638671875,1076.8755157885284,1064.595795217696,1074.638679040759,7007330,RELIANCE.NS
2023-04-21,1072.310546875,1077.7884724738815,1066.5586465106753,1073.0637661728558,7647317,RELIANCE.NS
2023-04-24,1076.4190673828125,1086.8727319946267,1071.8539885727766,1084.1794719407253,12936186,RELIANCE.NS
2023-04-25,1084.65869140625,1086.7357798786459,1072.9952636709509,1080.0709122812248,9236126,RELIANCE.NS
2023-04-26,1078.2906494140625,1089.2466212621475,1074.6158376300252,1086.0054116702795,8617834,RELIANCE.NS
2023-04-27,1085.115234375,1088.2878596252956,1079.1579437194785,1084.1794457664448,9167125,RELIANCE.NS
2023-04-28,1104.949951171875,1106.5021527689444,1087.2607695641375,1087.3748753991613,15565210,RELIANCE.NS
2023-05-02,1114.3310546875,1116.4994278601828,1108.4194062766874,1112.1170391794083,12981805,RELIANCE.NS
2023-05-03,1104.7674560546875,1116.1342091904096,1101.549188303151,1116.1342091904096,7061872,RELIANCE.NS
2023-05-04,1117.503662109375,1119.717677582049,1102.2567073883076,1105.2467632974385,8635233,RELIANCE.NS
2023-05-05,1114.650634765625,1123.5979821409157,1112.0258380416835,1114.3083172243437,8746585,RELIANCE.NS
2023-05-08,1128.4140625,1133.7778823916174,1115.746261129747,1118.4167001177036,9153782,RELIANCE.NS
2023-05-09,1131.9061279296875,1135.2158009724574,1124.4652198090143,1129.8290394334551,6464721,RELIANCE.NS
2023-05-10,1139.6895751953125,1141.173192717246,1132.659447469911,1136.6766978121202,10872255,RELIANCE.NS
2023-05-11,1132.24853515625,1145.5781493917782,1130.5365853892238,1140.762158669685,10557860,RELIANCE.NS
2023-05-12,1134.097412109375,1135.4897449397138,1121.3839680276494,1127.4553650769165,6955341,RELIANCE.NS
2023-05-15,1136.334228515625,1143.318592964205,1128.9846046154787,1136.6310244600713,6833343,RELIANCE.NS
2023-05-16,1120.1514892578125,1141.0589403639667,1118.485181669263,1138.5026071786638,8717229,RELIANCE.NS
2023-05-17,1113.5321044921875,1125.2639949628326,1108.8302198375738,1124.3510275803587,8798967,RELIANCE.NS
2023-05-18,1111.1357421875,1121.6123498838558,1107.9858169299096,1118.21139175125,10525531,RELIANCE.NS
2023-05-19,1114.741943359375,1116.5679991928369,1104.1968724046772,1111.1357155261294,8050447,RELIANCE.NS
2023-05-22,1120.69921875,1125.7207212869755,1110.3596592183865,1111.5693019532657,7434906,RELIANCE.NS
2023-05-23,1120.4937744140625,1126.6336347127256,1119.0786204739588,1123.2784399572938,6092034,RELIANCE.NS
2023-05-24,1113.9658203125,1124.8076864197674,1110.861658447196,1116.545095308795,8112254,RELIANCE.NS
2023-05-25,1113.8289794921875,1117.9603357408223,1102.9187697829475,1111.0672556833676,11487863,RELIANCE.NS
2023-05-26,1144.2088623046875,1145.3500415058625,1118.7591533794464,1122.0687058844728,12626260,RELIANCE.NS
2023-05-29,1150.6453857421875,1154.9364899661489,1144.5283465169668,1150.8279550929283,10010304,RELIANCE.NS
2023-05-30,1150.3486328125,1158.451475420254,1147.7921790871794,1150.645307987406,11342504,RELIANCE.NS
2023-05-31,1127.5008544921875,1145.7379850828543,1123.438083146388,1141.2414908293927,27107927,RELIANCE.NS
2023-06-01,1124.4652099609375,1134.3484659204855,1122.068625138698,1132.1800927726736,14592692,RELIANCE.NS
2023-06-02,1120.7904052734375,1133.412563645759,1118.8731857024297,1128.003101699598,15800644,RELIANCE.NS
2023-06-05,1130.8563232421875,1133.8235582589482,1122.274114564264,1126.268543700321,10908682,RELIANCE.NS
2023-06-06,1131.8148193359375,1135.6265579862757,1123.8946668621782,1133.6865172838243,7493309,RELIANCE.NS
2023-06-07,1140.3970947265625,1141.241598708449,1128.7335456658939,1135.3071289198083,10312545,RELIANCE.NS
2023-06-08,1141.081787109375,1148.9335976883083,1137.133121023714,1143.9805586437908,12071109,RELIANCE.NS
2023-06-09,1133.001708984375,1145.144501301207,1131.1984746215855,1144.4369244051343,5877018,RELIANCE.NS
2023-06-12,1134.006103515625,1136.311403822295,1125.2641468372988,1130.0574375493186,6391969,RELIANCE.NS
2023-06-13,1150.759521484375,1151.946463788879,1134.9647365494955,1138.9591656822827,11248016,RELIANCE.NS
2023-06-14,1164.9107666015625,1166.3487415549168,1149.0018781974788,1150.8278129732469,13277380,RELIANCE.NS
2023-06-15,1165.23046875,1169.7954267696327,1157.4471223513988,1164.888030487722,11813494,RELIANCE.NS
2023-06-16,1176.574462890625,1178.856942021871,1168.72265257123,1168.72265257123,24171579,RELIANCE.NS
2023-06-19,1164.8880615234375,1179.5873088461865,1160.7111839901809,1179.5873088461865,6798554,RELIANCE.NS
2023-06-20,1167.3074951171875,1170.457299404325,1157.2189687814275,1162.9480481347903,6921096,RELIANCE.NS
2023-06-21,1170.59423828125,1173.127750027222,1163.1533304634168,1167.2617442064677,6961603,RELIANCE.NS
2023-06-22,1157.4471435546875,1174.702723824018,1155.8494202932393,1166.8053921892115,7619166,RELIANCE.NS
2023-06-23,1147.9749755859375,1156.4885999942844,1146.7195697742059,1154.4343325060674,6628570,RELIANCE.NS
2023-06-26,1139.2100830078125,1148.2715353178476,1136.0831001245695,1144.436975506937,12641159,RELIANCE.NS
2023-06-27,1139.62109375,1145.578264166708,1135.1474200849475,1139.666736088607,9689466,RELIANCE.NS
2023-06-28,1154.708251953125,1158.519990797568,1140.2600374666351,1147.1760589375283,11354006,RELIANCE.NS
2023-06-30,1164.1805419921875,1167.1021346662303,1156.511421596289,1162.423070452648,11151555,RELIANCE.NS
2023-07-03,1194.058349609375,1196.934300105854,1166.5087289327182,1167.7413136446191,12154387,RELIANCE.NS
2023-07-04,1181.755615234375,1198.3036177471888,1174.6798459927943,1198.3036177471888,8061643,RELIANCE.NS
2023-07-05,1179.8155517578125,1190.9997357239995,1175.8440646341217,1190.9997357239995,10248062,RELIANCE.NS
2023-07-06,1204.5804443359375,1207.1824197013011,1175.958111582341,1175.958111582341,19117987,RELIANCE.NS
2023-07-07,1202.2294921875,1216.5406584496827,1199.6730384312104,1202.8686056265724,13375267,RELIANCE.NS
2023-07-10,1248.541015625,1258.1046546175523,1221.1284462814795,1227.4736968882496,33240016,RELIANCE.NS
2023-07-11,1262.0760498046875,1264.495455649915,1249.7050458386786,1256.6894093813987,20069348,RELIANCE.NS
2023-07-12,1263.468505859375,1279.103541836806,1260.683840337917,1262.806571231475,18733835,RELIANCE.NS
2023-07-13,1252.170166015625,1277.7339788902639,1249.545369524751,1270.8408996155135,14682934,RELIANCE.NS
2023-07-14,1251.120361328125,1260.341562579208,1243.9989491216202,1255.3657025022662,15124144,RELIANCE.NS
2023-07-17,1276.68408203125,1285.0607786645128,1245.3227267228626,1253.9962192785829,22220040,RELIANCE.NS
2023-07-18,1287.52587890625,1295.286283587151,1274.995004828538,1285.9509768018002,25867313,RELIANCE.NS
2023-07-19,1297.294921875,1303.7543992835303,1276.8210735612868,1291.8854597114334,39122156,RELIANCE.NS
2023-07-20,1295.723876953125,1301.213635792283,1276.014839753512,1276.014839753512,38717624,RELIANCE.NS
2023-07-21,1255.6134033203125,1293.2755748788927,1248.1205739980844,1290.3576048302098,30249238,RELIANCE.NS
2023-07-24,1230.216796875,1243.8424839995957,1221.2649818512405,1227.0515368964086,23727866,RELIANCE.NS
2023-07-25,1229.425537109375,1239.0203294862108,1226.5569523456327,1233.4810641733905,12026020,RELIANCE.NS
2023-07-26,1249.406494140625,1259.693770122974,1229.0298463901022,1229.0298463901022,12911012,RELIANCE.NS
2023-07-27,1237.7838134765625,1255.06933898356,1231.6758304667376,1253.2889256301971,17226898,RELIANCE.NS
2023-07-28,1250.2225341796875,1257.6412248805652,1236.7204929547063,1242.4081558253793,20827852,RELIANCE.NS
2023-07-31,1260.8065185546875,1263.1062644351005,1245.3261593927457,1250.222567835286,8551174,RELIANCE.NS
2023-08-01,1242.976806640625,1265.6285651725407,1239.0696780480796,1263.650247759219,9536632,RELIANCE.NS
2023-08-02,1229.697509765625,1242.383422770223,1218.4458286875906,1240.9985763343113,12748214,RELIANCE.NS
2023-08-03,1224.529052734375,1236.893537376658,1215.700883147937,1224.2323775511124,10168350,RELIANCE.NS
2023-08-04,1241.1717529296875,1244.3617658987635,1222.4024889169664,1235.8550243989196,22885610,RELIANCE.NS
2023-08-07,1248.2442626953125,1250.4945023600335,1238.92139273861,1246.8346631113916,5982870,RELIANCE.NS
2023-08-08,1240.7265625,1253.4867351589849,1236.2259624118224,1250.2967221809695,9844072,RELIANCE.NS
2023-08-09,1248.911865234375,1250.7912910864598,1227.1009863432985,1238.8472469851743,11486586,RELIANCE.NS
2023-08-10,1254.475830078125,1261.177404750792,1240.6276075945868,1248.788167272386,15470598,RELIANCE.NS
2023-08-11,1259.767822265625,1265.5544976220099,1242.5565564009414,1252.4975295128647,22179330,RELIANCE.NS
2023-08-14,1274.65478515625,1277.1524353275731,1248.8130109688743,1255.7371227128601,9575812,RELIANCE.NS
2023-08-16,1273.6160888671875,1277.3996937112483,1261.672044700447,1261.672044700447,10203112,RELIANCE.NS
2023-08-17,1255.2425537109375,1275.0752365265755,1252.695518025622,1269.6348629683328,13673744,RELIANCE.NS
2023-08-18,1264.5406494140625,1274.827925208279,1240.6771930744892,1251.9041214413387,18639978,RELIANCE.NS
2023-08-21,1250.74267578125,1268.3374245054665,1248.5836072167706,1260.6443643964944,9221746,RELIANCE.NS
2023-08-22,1250.44482421875,1259.6517042081298,1240.319812990251,1249.204008079304,7713044,RELIANCE.NS
2023-08-23,1251.8345947265625,1262.0838090060652,1249.2288807667073,1252.8272476636503,9517952,RELIANCE.NS
2023-08-24,1230.7904052734375,1260.6195534341234,1226.4227081001463,1260.6195534341234,14140020,RELIANCE.NS
2023-08-25,1225.1075439453125,1243.2978613921046,1212.3271367872899,1218.9778633049934,22222400,RELIANCE.NS
2023-08-28,1212.897705078125,1232.87484375,1206.6192242506277,1226.9189266304347,12580826,RELIANCE.NS
2023-08-29,1201.2838134765625,1217.7121468384466,1195.2285336373561,1217.0173382536789,16876644,RELIANCE.NS
2023-08-30,1200.142333984375,1212.525656094156,1198.628513903965,1207.066064519438,12168946,RELIANCE.NS
2023-08-31,1194.6578369140625,1203.5917135507277,1191.133870437995,1202.5990605910981,21638600,RELIANCE.NS
2023-09-01,1197.4619140625,1203.9141576589248,1192.0023233270636,1194.4343955405523,18112842,RELIANCE.NS
2023-09-04,1196.494140625,1202.921543874001,1193.8140262826475,1197.4619529612135,9347626,RELIANCE.NS
2023-09-05,1202.89697265625,1208.033879307401,1197.362859390741,1201.1101487589585,8675876,RELIANCE.NS
2023-09-06,1205.4281005859375,1209.125708635972,1199.745186611218,1201.6560920331103,8200370,RELIANCE.NS
2023-09-07,1207.06591796875,1210.1679582595825,1196.6430625915527,1201.9537313347682,13652572,RELIANCE.NS
2023-09-08,1215.1064453125,1218.9778160313297,1202.5742018862823,1211.0365924741222,23109288,RELIANCE.NS
2023-09-11,1228.20947265625,1229.326207160582,1216.9924464989115,1216.9924464989115,13271074,RELIANCE.NS
2023-09-12,1210.4658203125,1232.3785847782628,1209.026400892418,1232.3785847782628,16255666,RELIANCE.NS
2023-09-13,1216.52099609375,1222.2783103355039,1204.2120756300537,1211.0365644667,12803338,RELIANCE.NS
2023-09-14,1217.6376953125,1223.8417758931353,1213.5181615722684,1220.9630582690309,9209636,RELIANCE.NS
2023-09-15,1219.89599609375,1224.9336610195687,1215.7516218263509,1224.9336610195687,25468592,RELIANCE.NS
2023-09-18,1209.274658203125,1216.4962329024152,1207.0908701058952,1211.061482045193,7516300,RELIANCE.NS
2023-09-20,1182.3240966796875,1204.882232531632,1168.8488809798134,1202.623922773179,57081884,RELIANCE.NS
2023-09-21,1173.7127685546875,1186.269851496792,1171.3303774506073,1178.7504333612094,12226182,RELIANCE.NS
2023-09-22,1168.823974609375,1182.4729522811776,1166.367182863141,1179.2716708437545,19176786,RELIANCE.NS
2023-09-25,1161.6273193359375,1171.6779308453931,1158.9720452955405,1166.5657437194718,14254884,RELIANCE.NS
2023-09-26,1162.644775390625,1166.4664650387544,1159.2201711598175,1160.684310036077,10087782,RELIANCE.NS
2023-09-27,1175.747802734375,1177.1872222950064,1160.6595255350553,1163.1411580463555,11722778,RELIANCE.NS
2023-09-28,1158.4757080078125,1182.7460248832851,1153.959088482433,1182.7460248832851,14518346,RELIANCE.NS
2023-09-29,1163.8856201171875,1175.847137006539,1158.475709840611,1162.2973995824232,12342014,RELIANCE.NS
2023-10-03,1150.5592041015625,1159.2201982891547,1149.4921506176527,1156.4158809171215,8859056,RELIANCE.NS
2023-10-04,1148.5738525390625,1150.981084388904,1139.1189302205564,1146.0178196869251,10286386,RELIANCE.NS
2023-10-05,1148.5491943359375,1156.1428927957072,1146.017880733707,1151.1052273242312,10953682,RELIANCE.NS
2023-10-06,1150.4847412109375,1153.8597853939605,1147.5316229908371,1150.0132553057874,5431026,RELIANCE.NS
2023-10-09,1140.6822509765625,1147.4818990309532,1139.0691900320726,1145.5711149238573,7576878,RELIANCE.NS
2023-10-10,1145.719970703125,1150.435072150941,1143.4121010954177,1144.8018394410437,10236032,RELIANCE.NS
2023-10-11,1163.910400390625,1166.2182699823193,1148.0031129607796,1148.7227620999727,9814118,RELIANCE.NS
2023-10-12,1166.0693359375,1171.0078811502246,1160.485663265934,1163.3148210249558,12554450,RELIANCE.NS
2023-10-13,1166.019775390625,1170.0896281233202,1156.0187245288932,1161.4039150831682,10150316,RELIANCE.NS
2023-10-16,1163.4140625,1168.6254903286665,1159.4186102633319,1163.885548402189,5929036,RELIANCE.NS
2023-10-17,1168.972900390625,1171.18152891328,1162.0491704758838,1169.3451452373686,7928180,RELIANCE.NS
2023-10-18,1153.4627685546875,1174.8048077319042,1151.9737890772074,1168.9729714451066,8918320,RELIANCE.NS
2023-10-19,1144.603271484375,1152.37085365543,1142.0472385636656,1147.5068298823098,12032556,RELIANCE.NS
2023-10-20,1141.104248046875,1148.846868358942,1139.7145096810816,1141.5508934053469,8913312,RELIANCE.NS
2023-10-23,1123.2860107421875,1144.6528889030683,1119.340239652529,1136.5875839948083,7853962,RELIANCE.NS
2023-10-25,1120.680419921875,1132.2200112886635,1113.2603628260954,1116.7594889591046,11620688,RELIANCE.NS
2023-10-26,1105.07080078125,1120.7050833883056,1101.993601137725,1117.2307983645155,15222534,RELIANCE.NS
2023-10-27,1124.5765380859375,1128.3982276638756,1109.761144511754,1111.7712909465938,11771084,RELIANCE.NS
2023-10-30,1147.7550048828125,1153.9590859902871,1126.6362885582769,1128.6464350717906,16813304,RELIANCE.NS
2023-10-31,1135.5452880859375,1155.4480281047179,1133.0636557231696,1155.4480281047179,12808438,RELIANCE.NS
2023-11-01,1140.2603759765625,1150.236586425296,1129.2419526519689,1136.1656826268284,10309190,RELIANCE.NS
2023-11-02,1151.57666015625,1153.6116471680004,1145.4966608528325,1148.4746196953226,10562104,RELIANCE.NS
2023-11-03,1151.3284912109375,1158.897469898072,1149.3680258840427,1155.0509397455937,8850156,RELIANCE.NS
2023-11-06,1160.9075927734375,1161.4039192346488,1154.256866662586,1157.5822297180116,10647304,RELIANCE.NS
2023-11-07,1153.3634033203125,1160.9572220726066,1151.2540159543112,1158.4507493206686,6960204,RELIANCE.NS
2023-11-08,1159.3690185546875,1161.9003321646271,1152.3460470752768,1157.4333936812945,7884494,RELIANCE.NS
2023-11-09,1146.787109375,1159.3689122452765,1143.6353879313751,1159.344192861405,14513610,RELIANCE.NS
2023-11-10,1148.9461669921875,1149.6659373563402,1140.5831381668131,1144.3055869187945,7734954,RELIANCE.NS
2023-11-13,1148.79736328125,1153.7606282722284,1147.3579437297892,1152.9167762849927,3854810,RELIANCE.NS
2023-11-15,1169.5684814453125,1172.2982770196893,1154.9516911953863,1161.4039352802765,12220648,RELIANCE.NS
2023-11-16,1171.6778564453125,1178.3534231349859,1164.8533675821152,1166.9131951067154,13134910,RELIANCE.NS
2023-11-17,1169.121826171875,1177.9067803474445,1167.3846835483773,1167.8064883385834,7758634,RELIANCE.NS
2023-11-20,1166.0445556640625,1170.5362129509904,1159.61703140789,1165.6474702823514,4490186,RELIANCE.NS
2023-11-21,1180.7109375,1185.227556641674,1171.4296571663483,1174.3083747965666,8214450,RELIANCE.NS
2023-11-22,1185.3267822265625,1188.4288224829827,1177.3855591701267,1178.7752974396924,8534814,RELIANCE.NS
2023-11-23,1188.9500732421875,1191.1835423841578,1185.3268657327444,1185.3268657327444,8531542,RELIANCE.NS
2023-11-24,1188.1558837890625,1192.474021001291,1186.7414260587238,1187.0144298509326,6749486,RELIANCE.NS
2023-11-28,1188.404052734375,1191.034607263244,1178.899449291774,1188.1558894990753,13792174,RELIANCE.NS
2023-11-29,1191.5308837890625,1197.1145563492605,1190.2156671664848,1195.1540911072586,12531306,RELIANCE.NS
2023-11-30,1179.9913330078125,1191.530923348677,1176.2440439527552,1188.5529645510346,28439984,RELIANCE.NS
2023-12-01,1188.3544921875,1189.3967050711567,1180.0658643673892,1180.2643464861462,14342842,RELIANCE.NS
2023-12-04,1201.2093505859375,1215.9999042684663,1190.4887710727894,1215.9999042684663,15590990,RELIANCE.NS
2023-12-05,1209.919921875,1211.4585824899339,1201.929016778731,1210.5403299982054,12693624,RELIANCE.NS
2023-12-06,1221.5091552734375,1227.3905513904704,1208.5549856031337,1214.560584514323,16422442,RELIANCE.NS
2023-12-07,1219.4989013671875,1221.4345260102064,1212.0291642243994,1220.9630401277734,8142096,RELIANCE.NS
2023-12-08,1218.8536376953125,1229.2516522307412,1213.5181285411948,1222.8739302715144,10204894,RELIANCE.NS
2023-12-11,1220.6405029296875,1224.7351961410227,1217.1909371644088,1218.9777608532804,7066138,RELIANCE.NS
2023-12-12,1203.1201171875,1223.4198198791,1201.1843713898427,1220.9630282642331,9197124,RELIANCE.NS
2023-12-13,1208.03369140625,1210.2176004047437,1194.3103140708777,1202.102614795848,10031182,RELIANCE.NS
2023-12-14,1223.0228271484375,1228.3831772791464,1212.3518080035872,1217.9851619285064,16972354,RELIANCE.NS
2023-12-15,1238.63232421875,1240.8161121066785,1225.9511593183302,1229.8969303201395,15932152,RELIANCE.NS
2023-12-18,1251.239013671875,1258.1379030406688,1236.3243792186838,1238.6323699765335,14165188,RELIANCE.NS
2023-12-19,1269.6527099609375,1277.4945707453207,1253.3234974409622,1268.1140495332209,16820604,RELIANCE.NS
2023-12-20,1254.2913818359375,1289.8780864366483,1250.7426960684581,1276.080186427869,17736722,RELIANCE.NS
2023-12-21,1271.8614501953125,1277.2962009364337,1249.8741628164655,1254.2170195322976,13765454,RELIANCE.NS
2023-12-22,1273.102294921875,1280.9689971307214,1264.4661412408368,1270.3973397701047,16541784,RELIANCE.NS
2023-12-26,1279.554443359375,1286.453332624264,1271.935783794956,1274.5663382448713,7465664,RELIANCE.NS
2023-12-27,1283.9222412109375,1290.3992050276352,1277.0977519092014,1281.5150092423955,9204156,RELIANCE.NS
2023-12-28,1293.2034912109375,1296.4047727896045,1283.922210219302,1285.38634910855,12302636,RELIANCE.NS
2023-12-29,1282.97900390625,1297.3973111899322,1280.1748079960485,1295.958012986606,10864584,RELIANCE.NS
2024-01-01,1285.609619140625,1293.848686885263,1277.1223881648045,1280.7952766903763,4030540,RELIANCE.NS
2024-01-02,1296.255859375,1297.8937610136477,1277.0480485996618,1283.0039664322292,7448800,RELIANCE.NS
2024-01-03,1282.16015625,1307.3238832997818,1279.132516403198,1295.412048372221,9037536,RELIANCE.NS
2024-01-04,1288.7860107421875,1295.337616733607,1280.0755785995668,1284.4928354763001,9612778,RELIANCE.NS
2024-01-05,1294.2705078125,1300.3009471094986,1289.456165302221,1291.8881165287519,8086406,RELIANCE.NS
2024-01-08,1284.1702880859375,1306.3063750382337,1275.0378087074926,1295.4120337021336,7734652,RELIANCE.NS
2024-01-09,1280.7705078125,1293.8239187379374,1279.1326061603381,1290.448874370277,5403074,RELIANCE.NS
2024-01-10,1315.3148193359375,1319.7320764251056,1278.0654937339266,1279.0333061103788,11102740,RELIANCE.NS
2024-01-11,1349.9088134765625,1352.489686993197,1318.7394856296971,1319.7321386109766,23725852,RELIANCE.NS
2024-01-12,1360.6541748046875,1363.2350482099334,1335.8626919019084,1349.9087552154863,15012164,RELIANCE.NS
2024-01-15,1383.88232421875,1386.1901939086483,1355.9639593887296,1364.897836134336,8610594,RELIANCE.NS
2024-01-16,1364.5255126953125,1386.0413130880693,1360.4308194226976,1379.7627106993223,9069024,RELIANCE.NS
2024-01-17,1351.5712890625,1376.0898877655304,1345.0694854389078,1349.511582817391,12197382,RELIANCE.NS
2024-01-18,1357.8995361328125,1360.92717605878,1341.3222805612156,1341.4712027363942,10279438,RELIANCE.NS
2024-01-19,1357.4031982421875,1365.890429247957,1349.015329468004,1365.890429247957,10422704,RELIANCE.NS
2024-01-23,1318.8138427734375,1361.6716823004633,1312.8332056966303,1361.6716823004633,20055420,RELIANCE.NS
2024-01-24,1334.00146484375,1339.5851376107455,1314.1980872328543,1325.4149927095905,21919128,RELIANCE.NS
2024-01-25,1343.1337890625,1354.1274927557365,1325.390118278632,1333.0831783387705,11808872,RELIANCE.NS
2024-01-29,1437.4111328125,1441.8283899094502,1350.1817560391485,1354.474931519067,23893438,RELIANCE.NS
2024-01-30,1397.2830810546875,1449.2484377227322,1394.1066401470152,1449.2235971647833,14093978,RELIANCE.NS
2024-01-31,1416.1435546875,1423.7125336444733,1392.195801594125,1393.6847810610707,15130226,RELIANCE.NS
2024-02-01,1416.1683349609375,1432.745590517861,1407.631543948549,1424.4569627393994,13349362,RELIANCE.NS
2024-02-02,1446.9901123046875,1464.0638152243819,1422.6453963923934,1422.6453963923934,19652588,RELIANCE.NS
2024-02-05,1428.452392578125,1459.6961190035063,1421.007495677393,1450.0177530325548,8814432,RELIANCE.NS
2024-02-06,1417.309814453125,1431.2565145548228,1409.3933108861847,1431.2565145548228,9047984,RELIANCE.NS
2024-02-07,1431.554443359375,1438.8504181404362,1418.7491963623445,1425.3752031215413,9296568,RELIANCE.NS
2024-02-08,1439.4708251953125,1448.752105824393,1417.0368932886952,1439.3467435794867,14694634,RELIANCE.NS
2024-02-09,1450.0177001953125,1461.1602045826953,1440.2896534634558,1443.31729322881,12556798,RELIANCE.NS
2024-02-12,1441.679443359375,1450.2659153474917,1431.7529141646626,1450.017752117624,6674430,RELIANCE.NS
2024-02-13,1454.3358154296875,1468.1337156942297,1443.3173918995335,1444.8063713272154,7715594,RELIANCE.NS
2024-02-14,1470.4912109375,1472.749520552248,1446.7916226083244,1446.7916226083244,7117888,RELIANCE.NS
2024-02-15,1459.7952880859375,1473.8165098910026,1455.750276105359,1472.4516121931645,10006782,RELIANCE.NS
2024-02-16,1449.843994140625,1466.1483668657747,1447.8339689108675,1465.6271998466532,9767498,RELIANCE.NS
2024-02-19,1463.17041015625,1468.6300012389227,1442.8458657695369,1451.3082561823699,6729828,RELIANCE.NS
2024-02-20,1460.2174072265625,1464.659505178025,1451.0602075132595,1464.1880192365334,7117496,RELIANCE.NS
2024-02-21,1456.916748046875,1477.5888193115914,1446.8414171157522,1463.170510366537,12720292,RELIANCE.NS
2024-02-22,1470.8634033203125,1474.0398440634356,1447.2878974462733,1457.3633484018678,18493728,RELIANCE.NS
2024-02-23,1482.6512451171875,1486.5474563697878,1472.4517119404402,1478.556551746289,14438584,RELIANCE.NS
2024-02-26,1476.3974609375,1483.5446346905887,1471.607959051116,1482.5768223248915,7513106,RELIANCE.NS
2024-02-27,1474.73486328125,1488.9297276070065,1467.1907251784094,1472.1291493159843,10826044,RELIANCE.NS
2024-02-28,1444.930419921875,1480.3185210789975,1439.5205099276588,1472.1042938560004,8647950,RELIANCE.NS
2024-02-29,1450.0675048828125,1468.1088998815815,1443.8385832706604,1454.2365988812116,23628976,RELIANCE.NS
2024-03-01,1481.1622314453125,1488.979373154373,1451.7548888255137,1452.7475417409498,12132926,RELIANCE.NS
2024-03-04,1496.3250732421875,1501.337897909408,1476.2982516112518,1479.5243736818861,10024420,RELIANCE.NS
2024-03-05,1489.1778564453125,1496.3250301461744,1475.1319146195472,1494.7119691573153,7107668,RELIANCE.NS
2024-03-06,1491.9573974609375,1497.9133152152726,1467.6373999640691,1482.4775132325713,7805676,RELIANCE.NS
2024-03-07,1468.059326171875,1492.056638756749,1464.7091224345347,1491.9325571368477,8315726,RELIANCE.NS
2024-03-11,1455.82470703125,1478.060156044582,1452.7475073010382,1478.060156044582,11277130,RELIANCE.NS
2024-03-12,1464.5850830078125,1477.0676458601295,1454.2614676999044,1455.8248476863198,9432678,RELIANCE.NS
2024-03-13,1421.6527099609375,1472.2034859914554,1417.2850129833478,1468.9029635812572,13522134,RELIANCE.NS
2024-03-14,1420.9578857421875,1437.882667347047,1415.0268084821887,1429.1224321842872,18571102,RELIANCE.NS
2024-03-15,1407.80517578125,1422.694969713975,1402.5193474045138,1415.4733954219128,19223818,RELIANCE.NS
2024-03-18,1428.8990478515625,1431.1325169373013,1406.1177116464064,1409.5671563330236,9169392,RELIANCE.NS
2024-03-19,1414.778564453125,1427.0378036957165,1406.8373411480031,1418.252849649116,8275764,RELIANCE.NS
2024-03-20,1433.142578125,1434.3833942099568,1413.5625245390722,1417.458614341769,8488806,RELIANCE.NS
2024-03-21,1440.3145751953125,1447.1887452733042,1434.060934378195,1441.8532357214951,13006936,RELIANCE.NS
2024-03-22,1444.3348388671875,1449.2732629085037,1436.716179238339,1439.321893152815,19527608,RELIANCE.NS
2024-03-26,1430.983642578125,1441.7291835759677,1428.4276096750873,1434.3835274360674,11415906,RELIANCE.NS
2024-03-27,1481.8819580078125,1488.9794509587407,1436.368843691532,1437.3614966588377,16326644,RELIANCE.NS
2024-03-28,1474.933349609375,1494.8856495085238,1467.786296896486,1481.90676076149,21854364,RELIANCE.NS
2024-04-01,1473.8663330078125,1482.9986918329437,1471.6080232736622,1481.509712382751,5013880,RELIANCE.NS
2024-04-02,1476.025146484375,1483.0233977342266,1464.1629930776332,1473.0968689675985,8910166,RELIANCE.NS
2024-04-03,1460.7880859375,1473.5436523631188,1458.1079713887636,1471.186101560143,7008292,RELIANCE.NS
2024-04-04,1452.1768798828125,1468.878217464342,1439.3467919062653,1468.878217464342,14490272,RELIANCE.NS
2024-04-05,1449.3724365234375,1459.9938949751336,1445.3025839763254,1450.1417667351745,7442298,RELIANCE.NS
2024-04-08,1475.057373046875,1480.0206375610207,1450.2658910334067,1452.226356281804,8357118,RELIANCE.NS
2024-04-09,1452.896484375,1478.8543827139295,1451.7549092714805,1478.060211901015,7071414,RELIANCE.NS
2024-04-10,1468.7044677734375,1476.0749645358123,1455.5766564963697,1455.5766564963697,9138330,RELIANCE.NS
2024-04-12,1456.3707275390625,1475.5536963762681,1452.3255942645226,1465.031599863232,15551012,RELIANCE.NS
2024-04-15,1454.062744140625,1471.2356878788278,1435.6986653849476,1450.2658952456557,12902062,RELIANCE.NS
2024-04-16,1454.9810791015625,1460.3662698899807,1440.265047408789,1442.6721581376476,9366184,RELIANCE.NS
2024-04-18,1453.56640625,1475.0822062813913,1448.6279823176308,1452.7475160786112,19005692,RELIANCE.NS
2024-04-19,1459.323974609375,1463.1705049395248,1432.4231028577299,1446.0720814485837,15741778,RELIANCE.NS
2024-04-22,1468.9774169921875,1471.9305352298081,1457.0160218672338,1461.6317610616636,10350362,RELIANCE.NS
2024-04-23,1448.603271484375,1482.5272357774581,1444.8561033979943,1468.1337674689391,14605554,RELIANCE.NS
2024-04-24,1439.5205078125,1457.7605053579202,1438.8504186169605,1452.7475596039474,10462776,RELIANCE.NS
2024-04-25,1449.2484130859375,1457.189636393573,1430.9091747445573,1431.9018276580116,15943926,RELIANCE.NS
2024-04-26,1441.878173828125,1454.2366552962403,1439.346860190818,1453.1943211694756,9413848,RELIANCE.NS
2024-04-29,1454.2613525390625,1457.1152296530197,1439.3467183436048,1439.3467183436048,7247974,RELIANCE.NS
2024-04-30,1456.2218017578125,1472.178648628076,1452.1271085524606,1457.2144546560796,11474262,RELIANCE.NS
2024-05-02,1455.7752685546875,1466.4710074185996,1453.368036621592,1461.185178797564,14512646,RELIANCE.NS
2024-05-03,1423.46435546875,1464.1134460205978,1405.7455242326487,1460.1925152681529,17226958,RELIANCE.NS
2024-05-06,1409.095703125,1429.4202480421582,1407.5818831415143,1424.9533097670264,7394208,RELIANCE.NS
2024-05-07,1391.17822265625,1410.311631866643,1381.772860502106,1405.571689953147,14517472,RELIANCE.NS
2024-05-08,1408.1279296875,1422.4220356245855,1387.2325360419566,1387.2325360419566,9439002,RELIANCE.NS
2024-05-09,1383.88232421875,1413.2896685063718,1379.787630710347,1402.6186490602306,11009612,RELIANCE.NS
2024-05-10,1397.0845947265625,1399.6406275450738,1377.8766636438304,1386.4879762578594,10505096,RELIANCE.NS
2024-05-13,1392.394287109375,1396.6379028351905,1373.8317248456565,1389.6149314683873,8456620,RELIANCE.NS
2024-05-14,1409.6414794921875,1416.590049599915,1389.738862101979,1390.6818338615062,7188300,RELIANCE.NS
2024-05-15,1405.86962890625,1419.468926315315,1402.6435067088078,1410.063563528233,5046534,RELIANCE.NS
2024-05-16,1414.8778076171875,1417.0120356183081,1387.75361519461,1408.1278405018506,14711774,RELIANCE.NS
2024-05-17,1425.15185546875,1426.6408349602225,1402.8668442157614,1412.5948920294334,10916476,RELIANCE.NS
2024-05-21,1425.57373046875,1431.231803864575,1415.1260338425998,1415.1260338425998,11176128,RELIANCE.NS
2024-05-22,1449.9185791015625,1457.9838844507517,1425.7226630539947,1425.7226630539947,10281604,RELIANCE.NS
2024-05-23,1475.1319580078125,1481.2615172416956,1444.3100355832012,1447.8340020088174,14608260,RELIANCE.NS
2024-05-24,1469.37451171875,1477.5638984586112,1465.2549777906743,1472.724715385057,7094776,RELIANCE.NS
2024-05-27,1455.4774169921875,1473.990419113941,1450.8119965034373,1469.3497180106694,6629010,RELIANCE.NS
2024-05-28,1445.5010986328125,1467.6373066821805,1442.0764946111178,1457.2144512745626,7820162,RELIANCE.NS
2024-05-29,1430.1895751953125,1447.287997987601,1427.8815843874524,1435.8724890871501,7383556,RELIANCE.NS
2024-05-30,1414.3814697265625,1429.817270893488,1409.6663684202383,1424.9532474164846,13206858,RELIANCE.NS
2024-05-31,1419.8907470703125,1431.653659822201,1411.800601617005,1420.7841589242364,31069832,RELIANCE.NS
2024-06-03,1499.228515625,1503.3728901534053,1448.2806515244756,1472.1043222829317,21527942,RELIANCE.NS
2024-06-04,1387.0091552734375,1487.0437791255476,1349.3131842665355,1487.0437791255476,36709098,RELIANCE.NS
2024-06-05,1410.3116455078125,1420.6352601794422,1373.9308915121778,1411.5524616660985,17464890,RELIANCE.NS
2024-06-06,1421.0819091796875,1433.0929853880773,1410.9072166555904,1424.4569533735907,17855722,RELIANCE.NS
2024-06-07,1459.1500244140625,1461.1850112482903,1416.0193060772324,1418.004611799037,18558696,RELIANCE.NS
2024-06-10,1460.5894775390625,1482.3781598703026,1457.2888339961758,1459.150058153404,9251760,RELIANCE.NS
2024-06-11,1445.9727783203125,1462.847878399236,1443.9874724286744,1458.20717740815,11774902,RELIANCE.NS
2024-06-12,1452.5738525390625,1465.1557773484808,1444.4838278075101,1446.7916974833406,10081742,RELIANCE.NS
2024-06-13,1454.4847412109375,1461.433311890669,1449.3725542618724,1461.1851486521073,9181160,RELIANCE.NS
2024-06-14,1466.6944580078125,1468.8038455887872,1446.518713499826,1459.199879544848,8157998,RELIANCE.NS
2024-06-18,1470.1439208984375,1476.4720837189377,1460.5399547367645,1476.4224025999808,7196766,RELIANCE.NS
2024-06-19,1447.9332275390625,1476.571240472528,1445.3026730272272,1476.571240472528,8725874,RELIANCE.NS
2024-06-20,1462.8726806640625,1471.9554798675892,1439.446094050177,1448.280730003189,16113776,RELIANCE.NS
2024-06-21,1443.515869140625,1463.8652545834836,1429.9909727182371,1462.7982011333013,31170360,RELIANCE.NS
2024-06-24,1430.88427734375,1438.8503408924523,1426.9385064042085,1434.9045699529108,8878386,RELIANCE.NS
2024-06-25,1443.46630859375,1445.2282918111714,1430.4128980926341,1432.3982039886682,7045386,RELIANCE.NS
2024-06-26,1502.9013671875,1507.8149506909176,1434.5075565031482,1435.425808927042,22014882,RELIANCE.NS
2024-06-27,1519.304931640625,1526.2038207675607,1494.9352546835423,1502.6283145931025,28383030,RELIANCE.NS
2024-06-28,1553.89892578125,1569.3842873036351,1519.7764812043604,1519.7764812043604,28957336,RELIANCE.NS
2024-07-01,1548.6875,1567.7960689891884,1544.2454023527885,1551.0450507194453,7724306,RELIANCE.NS
2024-07-02,1553.6756591796875,1561.9394466769938,1545.5606726889605,1557.968834801107,7749246,RELIANCE.NS
2024-07-03,1541.019287109375,1563.4283787351976,1531.440162014497,1554.8170660210362,9049620,RELIANCE.NS
2024-07-04,1542.6075439453125,1555.983518377374,1539.4062623766438,1545.5606622734106,6837176,RELIANCE.NS
2024-07-05,1576.9532470703125,1586.755694667964,1536.6267221432645,1542.4088769403465,12269710,RELIANCE.NS
2024-07-08,1589.13818359375,1596.9801663885871,1570.898185044045,1577.3255888697254,9500806,RELIANCE.NS
2024-07-09,1578.5911865234375,1588.7410386525216,1568.887979750272,1585.8623208770043,6960002,RELIANCE.NS
2024-07-10,1572.5855712890625,1585.7630632323035,1551.6654591589945,1583.2814308954767,7134578,RELIANCE.NS
2024-07-11,1569.036865234375,1592.4634499565013,1558.9614138424095,1575.8365135146928,11940946,RELIANCE.NS
2024-07-12,1584.9937744140625,1593.3569240772113,1562.9320865975437,1572.8586162043875,12924784,RELIANCE.NS
2024-07-15,1585.4901123046875,1594.0517441522056,1573.8512804915936,1592.6620057625546,5329688,RELIANCE.NS
2024-07-16,1564.669189453125,1588.24469666931,1557.5965372882695,1581.792452589091,9386838,RELIANCE.NS
2024-07-18,1575.0177001953125,1582.1895936713806,1546.3795650620239,1564.4210812674708,12298374,RELIANCE.NS
2024-07-19,1543.7242431640625,1578.293333314245,1541.3915329908289,1574.3475621142547,13140390,RELIANCE.NS
2024-07-22,1489.6495361328125,1526.203933085127,1488.2597977476694,1525.9557698439748,19674376,RELIANCE.NS
2024-07-23,1476.96826171875,1494.6870915999891,1452.2511804820083,1489.9719903646578,18052044,RELIANCE.NS
2024-07-24,1484.7109375,1498.4095963901725,1465.552808673545,1474.0895996286229,11913362,RELIANCE.NS
2024-07-25,1481.4351806640625,1489.4508041915794,1466.2227025912728,1470.1189136102262,12519876,RELIANCE.NS
2024-07-26,1497.9381103515625,1501.3131545447015,1479.4002684339398,1481.4352554076795,9859940,RELIANCE.NS
2024-07-29,1508.9317626953125,1516.2774189432153,1500.6679751498336,1500.8416167163412,7538550,RELIANCE.NS
2024-07-30,1502.03271484375,1513.795627121447,1498.9058340677934,1505.8792447159437,8228208,RELIANCE.NS
2024-07-31,1494.364501953125,1499.3524857083617,1490.1208866802617,1492.9499231376883,10057346,RELIANCE.NS
2024-08-01,1504.1671142578125,1506.8472288436842,1493.2479314401046,1500.8913109431162,10764222,RELIANCE.NS
2024-08-02,1488.3092041015625,1498.2357327232485,1482.3037269895096,1493.9425575637474,10268248,RELIANCE.NS
2024-08-05,1436.6912841796875,1472.9976360481728,1422.7197433328897,1469.1262655731218,17046704,RELIANCE.NS
2024-08-06,1445.3524169921875,1466.6447748995176,1440.6620347326755,1444.4590050773538,10236186,RELIANCE.NS
2024-08-07,1454.062744140625,1461.6814036613468,1450.7622216985117,1458.2071184913539,8174568,RELIANCE.NS
2024-08-08,1438.478271484375,1454.2366377811502,1435.3018303695276,1446.816580877676,12387192,RELIANCE.NS
2024-08-09,1463.46826171875,1465.6520496932055,1445.3026646483625,1449.2732763644294,6249776,RELIANCE.NS
2024-08-12,1449.8936767578125,1462.1777566892652,1447.0397996020206,1459.199797918004,8184584,RELIANCE.NS
2024-08-13,1452.8717041015625,1459.2742672925806,1447.28803114191,1450.0178268110735,6265064,RELIANCE.NS
2024-08-14,1451.1097412109375,1461.1851932386814,1443.0195951522678,1452.7973239887267,6267466,RELIANCE.NS
2024-08-16,1467.339599609375,1469.5235088888628,1447.3377388233519,1457.8598362701878,9416902,RELIANCE.NS
2024-08-19,1482.4791259765625,1492.3397678065596,1474.6105280885965,1476.6025720306277,13797742,RELIANCE.NS
2024-08-20,1489.9990234375,1497.9423959482733,1484.0976661921165,1491.268975771349,8411808,RELIANCE.NS
2024-08-21,1492.7132568359375,1501.8766102174725,1484.072717714687,1487.30978907883,7769996,RELIANCE.NS
2024-08-22,1492.1654052734375,1500.5070892244864,1484.720165407205,1497.0210123494212,10445782,RELIANCE.NS
2024-08-23,1494.008056640625,1505.3128818837536,1492.4642955105633,1497.768063961028,9249654,RELIANCE.NS
2024-08-26,1506.5828857421875,1516.941539085057,1497.021098650585,1500.9802618699923,8816114,RELIANCE.NS
2024-08-27,1494.481201171875,1507.4544123852302,1493.485179145279,1504.4912711730515,6251156,RELIANCE.NS
2024-08-28,1492.33984375,1501.4782728482842,1487.0608784010915,1499.0131426615155,9610286,RELIANCE.NS
2024-08-29,1514.874755859375,1530.885760314005,1488.0568158159556,1497.1205913811584,38335358,RELIANCE.NS
2024-08-30,1503.6197509765625,1533.599989641746,1497.3447635789732,1527.89778785993,41620730,RELIANCE.NS
2024-09-02,1510.2183837890625,1520.7264647058682,1500.6316718721823,1504.8647654458696,11240852,RELIANCE.NS
2024-09-03,1503.1217041015625,1516.941509382377,1501.5031683479538,1515.1984708784905,10923800,RELIANCE.NS
2024-09-04,1508.525146484375,1511.4633627071519,1493.534966971581,1494.7301447200666,11983304,RELIANCE.NS
2024-09-05,1487.035888671875,1519.7054581926027,1481.1345314015284,1513.0072347057646,16264168,RELIANCE.NS
2024-09-06,1458.997802734375,1491.0448575756723,1455.8105811316245,1486.5627588054047,19394228,RELIANCE.NS
2024-09-09,1456.63232421875,1464.07768593117,1449.809597840599,1460.666261949736,9010298,RELIANCE.NS
2024-09-10,1455.7110595703125,1466.1942153054945,1451.7766997689328,1454.6901127162012,10768260,RELIANCE.NS
2024-09-11,1445.7259521484375,1462.9073318760024,1441.7917138302157,1457.2300550346945,9760202,RELIANCE.NS
2024-09-12,1473.913330078125,1480.088617533546,1440.1232367942907,1451.2039809867947,22349376,RELIANCE.NS
2024-09-13,1466.766845703125,1477.2500011980833,1463.6542770635715,1470.5268529366479,8711328,RELIANCE.NS
2024-09-16,1465.4969482421875,1475.0090069946318,1458.9232273463058,1471.6723576050656,5481774,RELIANCE.NS
2024-09-17,1466.4432373046875,1471.5975781970765,1460.790763828237,1468.1364260685732,5935328,RELIANCE.NS
2024-09-18,1457.6282958984375,1476.10455198121,1454.7399294679985,1464.1522884024148,8574714,RELIANCE.NS
2024-09-19,1463.82861328125,1470.6264144806405,1449.7598031867433,1460.4171894563083,16955902,RELIANCE.NS
2024-09-20,1480.0140380859375,1489.0528890965668,1465.5218693608433,1468.136427109257,30897320,RELIANCE.NS
2024-09-23,1487.434326171875,1495.5270047691104,1483.026880271187,1485.0687739665293,8832314,RELIANCE.NS
2024-09-24,1483.4501953125,1494.530939532627,1481.9561623839436,1482.5786761041754,17137444,RELIANCE.NS
2024-09-25,1488.0069580078125,1490.5468626388433,1474.3116560624171,1477.9970102640052,7069002,RELIANCE.NS
2024-09-26,1491.9910888671875,1498.017070530802,1482.1305684499498,1484.7202013028073,18818998,RELIANCE.NS
2024-09-27,1520.1038818359375,1527.3747692811157,1486.0647823070499,1493.0369361114394,20597478,RELIANCE.NS
2024-09-30,1470.701171875,1518.9086621673466,1468.5348969230117,1513.3558880158446,27008814,RELIANCE.NS
2024-10-01,1458.997802734375,1482.0308103038055,1457.0057588364782,1474.7599230273088,16431642,RELIANCE.NS
2024-10-03,1401.3780517578125,1443.634334423912,1396.4975195620746,1430.8602791168494,37757294,RELIANCE.NS
2024-10-04,1381.0093994140625,1411.711728297617,1376.2782950115372,1398.34020617394,37072876,RELIANCE.NS
2024-10-07,1365.272216796875,1390.9447078848398,1355.9594355150189,1387.9566419173104,22181340,RELIANCE.NS
2024-10-08,1391.791259765625,1395.4267642320656,1359.669551595401,1367.513224520688,17020808,RELIANCE.NS
2024-10-09,1369.1318359375,1395.4019165531051,1367.0402140253339,1391.9656892391695,14310610,RELIANCE.NS
2024-10-10,1365.595947265625,1380.4864268287754,1363.9774115920343,1374.5352199766685,22358646,RELIANCE.NS
2024-10-11,1366.6417236328125,1377.7723178051706,1363.3797273571677,1364.5501018082973,7980122,RELIANCE.NS
2024-10-14,1367.0650634765625,1374.5849563155427,1362.8070452852592,1373.962442591221,12221432,RELIANCE.NS
2024-10-15,1338.678466796875,1366.243302159234,1335.3666207605413,1353.1207855156183,33762794,RELIANCE.NS
2024-10-16,1348.6884765625,1358.5740438069333,1332.3039628645522,1334.6695151768993,20034438,RELIANCE.NS
2024-10-17,1351.0291748046875,1363.0062419523483,1346.6715786036464,1360.2671814831224,15543660,RELIANCE.NS
2024-10-18,1353.8927001953125,1362.9814005892638,1335.9891081789099,1346.796043723323,12082452,RELIANCE.NS
2024-10-21,1363.7532958984375,1368.5342502099143,1352.3239675798945,1361.686598848784,14067408,RELIANCE.NS
2024-10-22,1338.006103515625,1370.5262455038624,1334.8935348257999,1363.7532474009167,15831960,RELIANCE.NS
2024-10-23,1333.2003173828125,1352.0748848775756,1329.689315659354,1332.1793705575924,17214742,RELIANCE.NS
2024-10-24,1334.4703369140625,1338.3547254831988,1317.8616212723593,1329.9633130042932,22155934,RELIANCE.NS
2024-10-25,1322.5677490234375,1339.002111534351,1316.7410448137834,1338.1555171764887,18597496,RELIANCE.NS
2024-10-28,1329.0418701171875,1347.6177038778262,1316.8406011796387,1331.6813526124565,10824350,RELIANCE.NS
2024-10-29,1334.66943359375,1337.856655249044,1315.0478495098762,1322.8167478889227,12008361,RELIANCE.NS
2024-10-30,1338.553955078125,1344.62966480214,1320.0776988278842,1329.6893351932274,11984423,RELIANCE.NS
2024-10-31,1326.7510986328125,1337.6574904459744,1320.8745447599274,1334.6694245700712,9331650,RELIANCE.NS
2024-11-01,1333.3248291015625,1336.6116286385318,1327.6972806767253,1327.7471304089104,2127335,RELIANCE.NS
2024-11-04,1296.9700927734375,1334.6695017714562,1279.9878687625326,1332.5280301195805,19796890,RELIANCE.NS
2024-11-05,1300.1075439453125,1304.3406373759979,1281.0336986406933,1287.8564249120313,16267479,RELIANCE.NS
2024-11-06,1320.0777587890625,1323.0160966964434,1295.0277806900112,1304.7888451117578,21625209,RELIANCE.NS
2024-11-07,1300.4561767578125,1318.7331565363688,1297.4182609581876,1318.7331565363688,9611974,RELIANCE.NS
2024-11-08,1278.6431884765625,1296.4720058402277,1269.9279963447846,1292.4879180085577,19814406,RELIANCE.NS
2024-11-11,1267.6370849609375,1280.884225507143,1261.9598084895413,1273.8622221377802,9056552,RELIANCE.NS
2024-11-12,1269.1810302734375,1284.1712099692156,1262.4578817905294,1270.4759075040322,10671091,RELIANCE.NS
2024-11-13,1247.0693359375,1270.3761523895544,1244.5294313213271,1265.196886863478,14633633,RELIANCE.NS
2024-11-14,1262.5574951171875,1267.537605244334,1246.1231316976048,1248.613186761178,12612633,RELIANCE.NS
2024-11-18,1255.7347412109375,1267.8364328732807,1238.951794764919,1262.55746761959,13620611,RELIANCE.NS
2024-11-19,1236.710693359375,1276.4021442257297,1230.236550606767,1255.734688515481,14183746,RELIANCE.NS
2024-11-21,1218.1348876953125,1239.0014996478671,1212.407761281373,1236.7107220331202,19433843,RELIANCE.NS
2024-11-22,1260.3662109375,1263.8024380613526,1217.586994857739,1224.509420421979,20471957,RELIANCE.NS
2024-11-25,1281.8802490234375,1299.260783408558,1277.3483005192684,1284.868314871977,28923341,RELIANCE.NS
2024-11-26,1290.545654296875,1292.687125909721,1279.0914013187908,1289.7986377983043,9247557,RELIANCE.NS
2024-11-27,1288.0555419921875,1298.6632001168684,1280.8842325588682,1288.3543972122054,9572746,RELIANCE.NS
2024-11-28,1265.7447509765625,1291.442044503892,1264.0017125526565,1284.818474176107,15027412,RELIANCE.NS
2024-11-29,1287.0595703125,1294.3305794929802,1270.177046170391,1274.9081506356404,13202307,RELIANCE.NS
2024-12-02,1303.9422607421875,1306.133460567327,1271.9699779978703,1282.876370557777,11024152,RELIANCE.NS
2024-12-03,1318.035888671875,1321.5219654799555,1301.8006823317874,1311.7609017834461,16869482,RELIANCE.NS
2024-12-04,1303.742919921875,1323.1156203515295,1298.8625094957517,1320.7251432865569,19608540,RELIANCE.NS
2024-12-05,1316.7908935546875,1324.6593698468237,1300.9541199209712,1309.1214514378748,16858723,RELIANCE.NS
2024-12-06,1306.3326416015625,1318.6334884089777,1304.7887589399247,1318.6334884089777,9037514,RELIANCE.NS
2024-12-09,1289.9979248046875,1309.7689372979064,1287.9560310594236,1297.8166732313093,14650002,RELIANCE.NS
2024-12-10,1279.73876953125,1289.7488386952925,1275.107243177966,1284.121290398709,16043729,RELIANCE.NS
2024-12-11,1273.115234375,1284.8683422637005,1270.9738844056644,1279.8882324099652,11724373,RELIANCE.NS
2024-12-12,1257.876220703125,1273.1152845047754,1255.5853214463157,1264.9479526569407,20906813,RELIANCE.NS
2024-12-13,1267.78662109375,1270.1272485556606,1234.6688884780408,1254.9877622795104,28630222,RELIANCE.NS
2024-12-16,1263.2547607421875,1275.904191603511,1261.511722229068,1269.9280595585296,9486781,RELIANCE.NS
2024-12-17,1240.34619140625,1258.8721754853295,1237.8561365143116,1256.033537225462,17462791,RELIANCE.NS
2024-12-18,1248.2645263671875,1254.9378248920182,1235.714673937889,1235.714673937889,12670179,RELIANCE.NS
2024-12-19,1225.55517578125,1239.947766097918,1224.1109925687356,1234.0712121990753,14244653,RELIANCE.NS
2024-12-20,1200.50537109375,1234.5692750261348,1196.7204388413884,1219.1309339507777,20312896,RELIANCE.NS
2024-12-23,1217.437744140625,1222.3181546925216,1208.3738466363206,1210.1667348774333,10052824,RELIANCE.NS
2024-12-24,1217.8858642578125,1228.6429501715868,1216.1428258096823,1217.4377030050357,6734917,RELIANCE.NS
2024-12-26,1211.7105712890625,1222.8161189414398,1209.4196721335327,1219.3798917928577,10016178,RELIANCE.NS
2024-12-27,1216.1927490234375,1223.0154756156849,1212.1588111658666,1213.4536884394554,7000397,RELIANCE.NS
2024-12-30,1205.8837890625,1218.3340640862093,1203.294156174512,1211.5611874241417,8818766,RELIANCE.NS
2024-12-31,1210.6148681640625,1214.2503727116298,1201.3519366916562,1203.1945530395503,6405475,RELIANCE.NS
2025-01-01,1216.391845703125,1221.4218053468785,1206.7802092584152,1210.0172807004092,5892590,RELIANCE.NS
2025-01-02,1236.860107421875,1239.4994683243335,1215.1467802555553,1216.3918076943417,15486276,RELIANCE.NS
2025-01-03,1246.1729736328125,1257.0296379589822,1230.5852047154665,1238.9518139936486,15521102,RELIANCE.NS
2025-01-06,1213.15478515625,1256.9797527645217,1210.1667191829588,1248.961727102304,14816766,RELIANCE.NS
2025-01-07,1235.913818359375,1239.5493228115217,1216.3918123612464,1217.1388288273843,10070505,RELIANCE.NS
2025-01-08,1260.4658203125,1265.9937909556584,1240.395953024955,1244.0314575822304,19346579,RELIANCE.NS
2025-01-09,1249.758544921875,1264.6988742096441,1243.0852464738894,1261.9598138402198,12794704,RELIANCE.NS
2025-01-10,1236.959716796875,1251.750618829338,1231.0831628192257,1248.8621307808614,8120332,RELIANCE.NS
2025-01-13,1234.9178466796875,1240.2963897717905,1221.5213994754447,1225.1070543419412,13764861,RELIANCE.NS
2025-01-14,1233.822265625,1248.3641626627486,1222.3680125031533,1239.1509590647415,13095266,RELIANCE.NS
2025-01-15,1247.2186279296875,1251.9995818882041,1236.90982514039,1239.9974688456068,9578856,RELIANCE.NS
2025-01-16,1261.4119873046875,1269.9280238633037,1246.3223515830243,1253.8920943102864,14117603,RELIANCE.NS
2025-01-17,1297.169189453125,1320.7251333812799,1279.888232575373,1316.9900509904955,29366277,RELIANCE.NS
2025-01-20,1300.2568359375,1310.764916385877,1295.0775703121099,1310.764916385877,14040244,RELIANCE.NS
2025-01-21,1268.6331787109375,1307.776892128252,1265.1471016946018,1305.2868371165837,14562976,RELIANCE.NS
2025-01-22,1272.0196533203125,1277.7966294698952,1263.6530443254642,1273.2149526536994,10273590,RELIANCE.NS
2025-01-23,1258.6231689453125,1272.2686211078578,1256.581275301743,1264.9478840486133,8720682,RELIANCE.NS
2025-01-24,1241.34228515625,1267.9360243063209,1238.5533748820974,1260.9638702056575,14235970,RELIANCE.NS
2025-01-27,1224.4595947265625,1235.515414368934,1215.1468135462453,1234.1708090151494,9536019,RELIANCE.NS
2025-01-28,1229.4896240234375,1239.7984277662488,1213.6528493538253,1233.0752790316255,10568025,RELIANCE.NS
2025-01-29,1230.585205078125,1237.8063647194172,1223.1648896668228,1231.0832160878692,5928156,RELIANCE.NS
2025-01-30,1248.0654296875,1251.9996679975989,1227.497550840604,1230.635044492625,9269259,RELIANCE.NS
2025-01-31,1260.0673828125,1261.9598488917904,1244.0314532484974,1250.8541794958078,6584612,RELIANCE.NS
2025-02-01,1259.5693359375,1265.495739501575,1236.0632421918099,1260.0673469134033,7118453,RELIANCE.NS
2025-02-03,1240.94384765625,1251.003645649064,1232.6270881824535,1246.0235355947286,9252345,RELIANCE.NS
2025-02-04,1280.08740234375,1283.6731787459128,1241.6409781641657,1243.0852829885687,16691069,RELIANCE.NS
2025-02-05,1273.115234375,1285.366353249074,1271.6212014188793,1277.5476050956522,10112028,RELIANCE.NS
2025-02-06,1276.4520263671875,1282.8763195509282,1265.2965071593937,1268.6331564996678,9956001,RELIANCE.NS
2025-02-07,1261.6610107421875,1278.5933846345008,1256.979756005846,1271.073491533156,8764283,RELIANCE.NS
2025-02-10,1248.6629638671875,1261.461821832557,1240.5952102474196,1259.469777897567,6970972,RELIANCE.NS
2025-02-11,1229.937744140625,1259.5196705337273,1225.2066396338644,1259.5196705337273,8859714,RELIANCE.NS
2025-02-12,1211.7105712890625,1222.0193743195214,1188.6027887286011,1214.5989377224967,21131654,RELIANCE.NS
2025-02-13,1211.2623291015625,1223.1150152108587,1207.1786632211406,1212.2086229517822,8511216,RELIANCE.NS
2025-02-14,1212.40771484375,1219.1308629852126,1200.6546072366423,1214.1507532507958,10298145,RELIANCE.NS
2025-02-17,1220.02734375,1222.6169765728448,1199.7084711054922,1206.2821918357026,8166683,RELIANCE.NS
2025-02-18,1220.525390625,1225.0074896525716,1211.2623373341316,1219.9775298877432,6673250,RELIANCE.NS
2025-02-19,1222.567138671875,1227.8461038341088,1212.706618273488,1214.6488125132394,6217338,RELIANCE.NS
2025-02-20,1228.0950927734375,1234.4198079853766,1217.1388510698625,1219.0810452834291,7795582,RELIANCE.NS
2025-02-21,1223.264404296875,1235.0672403005465,1217.2882724889691,1223.8121434284387,6904025,RELIANCE.NS
2025-02-24,1209.718505859375,1218.3838481751116,1205.68456833515,1211.7105497558396,7172498,RELIANCE.NS
2025-02-25,1199.21044921875,1216.1428226711741,1196.7203942992758,1206.1826029932777,11552182,RELIANCE.NS
2025-02-27,1202.298095703125,1210.166693583284,1195.8738026303336,1207.975493883109,11509215,RELIANCE.NS
2025-02-28,1195.325927734375,1212.5073065135477,1188.5530513693543,1197.218393771922,23007298,RELIANCE.NS
2025-03-03,1166.5906982421875,1201.6506219268736,1151.4013636439433,1199.2104168056296,17944938,RELIANCE.NS
2025-03-04,1157.2779541015625,1169.3297956512124,1154.9373267832577,1157.576687742468,11377373,RELIANCE.NS
2025-03-05,1170.9234619140625,1178.2940491759787,1152.3974766666165,1156.3815647449799,8664095,RELIANCE.NS
2025-03-06,1204.7882080078125,1209.1208794668382,1180.4355183146993,1192.2383549047067,14468014,RELIANCE.NS
2025-03-07,1244.828369140625,1249.8084792402678,1207.178688153437,1211.1627762331514,16474965,RELIANCE.NS
2025-03-10,1233.4736328125,1252.9956391209716,1230.4855669004469,1240.0473535020744,11931051,RELIANCE.NS
2025-03-11,1242.3382568359375,1244.5294565449083,1224.858022557904,1235.0672477916657,10089838,RELIANCE.NS
2025-03-12,1252.0494384765625,1257.9757204337955,1239.0513034201438,1252.995610693361,11977555,RELIANCE.NS
2025-03-13,1242.9359130859375,1259.1212710412995,1238.901975238559,1255.0376050433522,9505270,RELIANCE.NS
2025-03-17,1233.9217529296875,1252.3980085038181,1228.1946267891797,1237.208673957254,16640917,RELIANCE.NS
2025-03-18,1233.9217529296875,1233.9217529296875,1233.9217529296875,1233.9217529296875,0,RELIANCE.NS
2025-03-19,1242.1888427734375,1248.2645525643281,1233.8720835165427,1236.113132982547,16162399,RELIANCE.NS
2025-03-20,1264.101318359375,1267.9359786597456,1245.0773228865291,1246.8700894970418,15971477,RELIANCE.NS
2025-03-21,1271.2725830078125,1275.9041093610767,1265.0474458622177,1269.927977701306,21780769,RELIANCE.NS
2025-03-24,1296.920166015625,1300.8046759652354,1279.141198398433,1285.86434660882,20299319,RELIANCE.NS
2025-03-25,1280.33642578125,1302.497915186312,1277.4977874103538,1302.497915186312,13713899,RELIANCE.NS
2025-03-26,1267.98583984375,1288.6532960847499,1263.7028966635362,1285.8643858858131,12074747,RELIANCE.NS
2025-03-27,1273.115234375,1279.8882324099652,1266.242780044616,1273.0655062272906,15028056,RELIANCE.NS
2025-03-28,1270.027587890625,1290.5954658598978,1263.9518781988888,1274.9081198538831,18147129,RELIANCE.NS
2025-04-01,1247.6170654296875,1272.8164693011493,1244.330265958221,1259.5693287834792,12099648,RELIANCE.NS
2025-04-02,1246.1729736328125,1250.5554948342144,1238.9518139936486,1242.5873186806543,10142590,RELIANCE.NS
2025-04-03,1243.732666015625,1246.8204315907722,1228.145018441354,1228.145018441354,7434366,RELIANCE.NS
2025-04-04,1199.9075927734375,1240.4954871764826,1188.4036122186155,1236.1628160172713,17908652,RELIANCE.NS
2025-04-07,1161.062744140625,1166.590714623955,1110.415052053189,1127.6960086529814,22156106,RELIANCE.NS
2025-04-08,1177.4971923828125,1191.8399338970503,1158.6724733291408,1167.3378163352843,19555040,RELIANCE.NS
2025-04-09,1180.6346435546875,1185.0670143686195,1163.3536863154889,1164.8477193030515,10223104,RELIANCE.NS
2025-04-11,1214.1009521484375,1217.786306450343,1190.3957018139643,1190.3957018139643,11224242,RELIANCE.NS
2025-04-15,1235.1668701171875,1246.0235343416643,1232.1788040875913,1246.0235343416643,13378535,RELIANCE.NS
2025-04-16,1234.3701171875,1235.9637280756608,1224.1110419207541,1229.1907298200806,8248464,RELIANCE.NS
2025-04-17,1269.4300537109375,1275.1073305428426,1222.7165970526498,1235.266450081142,15398401,RELIANCE.NS
2025-04-21,1290.346435546875,1295.7249783909904,1261.9598099867933,1264.947875835223,10429964,RELIANCE.NS
2025-04-22,1286.0635986328125,1298.713151385602,1281.1831879455033,1294.8286411452223,13051707,RELIANCE.NS
2025-04-23,1294.82861328125,1300.8047453425481,1280.286716249035,1291.840547250601,10480888,RELIANCE.NS
2025-04-24,1296.4222412109375,1299.3107293954529,1285.1672652984741,1287.2588872304611,10468940,RELIANCE.NS
2025-04-25,1295.22705078125,1319.928323767296,1282.9759313802824,1298.3146947064158,14431012,RELIANCE.NS
2025-04-28,1363.35498046875,1369.1318351951852,1314.9482133535364,1334.669497851195,31104496,RELIANCE.NS
2025-04-29,1394.1319580078125,1405.2874774645995,1364.5501529607263,1365.5461749701867,32538970,RELIANCE.NS
2025-04-30,1399.410888671875,1406.7814756764847,1363.5540972183608,1396.4228227174156,25480745,RELIANCE.NS
2025-05-02,1414.152099609375,1421.024554216323,1403.4945911426703,1408.3751233126775,13007841,RELIANCE.NS
2025-05-05,1425.6063232421875,1433.773654928142,1421.2238021682567,1425.3074680112338,12685649,RELIANCE.NS
2025-05-06,1415.2476806640625,1426.3035005201455,1404.9886054552057,1425.3074785225756,14084117,RELIANCE.NS
2025-05-07,1400.4068603515625,1418.733688530858,1397.1199392858432,1415.2476117092147,13440169,RELIANCE.NS
2025-05-08,1401.4029541015625,1415.1481063364454,1392.438756100913,1398.51446598441,16106175,RELIANCE.NS
2025-05-09,1371.721435546875,1389.251519832932,1369.032224808638,1379.9884666950659,13668904,RELIANCE.NS
2025-05-12,1430.7855224609375,1433.275577320772,1394.430721507353,1394.430721507353,10674081,RELIANCE.NS
2025-05-13,1410.0682373046875,1441.9409399606418,1406.7814377941193,1427.7974767909468,11407896,RELIANCE.NS
2025-05-14,1418.7337646484375,1424.2118856620737,1409.8691445094285,1414.3512435205853,5570160,RELIANCE.NS
2025-05-15,1448.4151611328125,1455.5865925696291,1407.0802476372012,1419.3313670179805,20177211,RELIANCE.NS
2025-05-16,1450.6064453125,1455.1881221330052,1441.542669553187,1447.4191020051853,9036695,RELIANCE.NS
2025-05-19,1435.0684814453125,1448.81351147394,1432.4787270944578,1446.3234565863577,6195791,RELIANCE.NS
2025-05-20,1418.932861328125,1439.2517336495314,1416.1440727881434,1432.4787356808251,11270560,RELIANCE.NS
2025-05-21,1423.5145263671875,1430.486680037078,1412.458707007589,1418.235682967954,6136364,RELIANCE.NS
2025-05-22,1403.79345703125,1418.1361984129633,1391.3431818014155,1415.5464438973825,12134466,RELIANCE.NS
2025-05-23,1421.124267578125,1428.0964217220903,1401.0045498118507,1401.0045498118507,6474883,RELIANCE.NS
2025-05-26,1429.0924072265625,1435.2676949623963,1419.430920923106,1426.3034970063507,4842944,RELIANCE.NS
2025-05-27,1416.44287109375,1431.2836233071982,1408.275539274527,1420.4269591196573,12640414,RELIANCE.NS
2025-05-28,1407.279541015625,1416.9409060075968,1405.0882196135674,1414.4508509493858,5944611,RELIANCE.NS
2025-05-29,1412.1600341796875,1414.3512339364067,1402.996558868143,1406.4826358531975,13771917,RELIANCE.NS
2025-05-30,1415.2476806640625,1424.9090454066043,1404.0921613404494,1412.3591925541664,13788484,RELIANCE.NS
2025-06-02,1408.0762939453125,1411.8612262898896,1390.0483195350275,1406.4826830156508,8098668,RELIANCE.NS
2025-06-03,1399.908935546875,1420.8253977642241,1397.8173136420837,1416.6421539546416,11252626,RELIANCE.NS
2025-06-04,1417.8372802734375,1420.0284799827916,1400.506473605418,1409.0722382665938,8126827,RELIANCE.NS
2025-06-05,1436.662109375,1448.913106617055,1417.9368477633755,1422.3193687346825,13716817,RELIANCE.NS
2025-06-06,1437.7576904296875,1445.7258660607492,1431.28354772945,1435.2676355449807,8182161,RELIANCE.NS
2025-06-09,1443.0367431640625,1451.70208605586,1439.5506661134996,1451.204075048637,7885125,RELIANCE.NS
2025-06-10,1432.777587890625,1448.1163503747662,1430.2875329933524,1444.2318404180787,7913181,RELIANCE.NS
2025-06-11,1443.13623046875,1462.7578142878924,1437.3592545136698,1440.0485867347081,8195700,RELIANCE.NS
2025-06-12,1435.865234375,1451.2039968882907,1428.6939248911115,1447.7179200254843,8828114,RELIANCE.NS
2025-06-13,1422.2198486328125,1429.7895915718395,1408.6739736495979,1418.335338487147,9757276,RELIANCE.NS
2025-06-16,1432.0804443359375,1436.6621211041454,1418.7337255535563,1421.223780491138,8458093,RELIANCE.NS
2025-06-17,1425.506591796875,1442.2398094911548,1420.12817043809,1442.2398094911548,10366599,RELIANCE.NS
2025-06-18,1424.4110107421875,1437.0605628519918,1420.028489708749,1424.3114328610282,6681735,RELIANCE.NS
2025-06-19,1427.598388671875,1434.1721095891817,1420.0285241646616,1424.4110453044384,10007230,RELIANCE.NS
2025-06-20,1460.367431640625,1465.148385952672,1422.4190171371765,1425.3075053013417,29010635,RELIANCE.NS
2025-06-23,1451.0048828125,1457.9770367383994,1436.2637087352834,1447.2199506188397,5989078,RELIANCE.NS
2025-06-24,1445.0286865234375,1469.1323689599471,1437.359244595668,1459.1721495093714,16402744,RELIANCE.NS
2025-06-25,1461.463134765625,1466.5428226679085,1454.690136506102,1458.1762135192969,7525851,RELIANCE.NS
2025-06-26,1489.3516845703125,1492.8377614283193,1459.2717484446844,1463.2558362824063,14657893,RELIANCE.NS
2025-06-27,1509.3717041015625,1515.9454247275912,1490.9452978220222,1493.4353527246628,11117052,RELIANCE.NS
2025-06-30,1494.630615234375,1518.734421010171,1490.0489382705405,1507.7781788170053,8409527,RELIANCE.NS
2025-07-01,1522.320068359375,1525.3081343971446,1494.132596769193,1494.630607775488,10368523,RELIANCE.NS
2025-07-02,1512.75830078125,1523.9136988316197,1502.6983810571346,1522.3200879079554,6361002,RELIANCE.NS
2025-07-03,1511.76220703125,1525.8060926058627,1506.9812529023668,1514.7502729656235,11283291,RELIANCE.NS
2025-07-04,1521.2244873046875,1523.913698138102,1511.1645675851503,1517.9375659885409,6603501,RELIANCE.NS
2025-07-07,1535.367919921875,1538.65484117058,1518.933556847784,1520.5271677380254,7251074,RELIANCE.NS
2025-07-08,1531.4833984375,1538.7544076502807,1524.1128113419518,1529.8897875590692,7171261,RELIANCE.NS
2025-07-09,1512.9573974609375,1544.8301010282516,1504.0927774643353,1530.586937987722,8870660,RELIANCE.NS
2025-07-10,1511.16455078125,1518.6347158851345,1501.5031858807802,1513.654605815878,10047129,RELIANCE.NS
2025-07-11,1489.2520751953125,1508.9733598189127,1484.3716645666439,1505.9852937598653,7234991,RELIANCE.NS
2025-07-14,1477.7977294921875,1494.0329360309418,1473.2160528053016,1486.263916129696,10311846,RELIANCE.NS
2025-07-15,1479.4910888671875,1490.5469086437597,1476.503022895967,1480.2878335086834,8132454,RELIANCE.NS
2025-07-16,1479.690185546875,1485.068728397248,1465.6463003598592,1467.1403332858122,10409983,RELIANCE.NS
2025-07-17,1470.52685546875,1483.674296790977,1468.0368005528198,1481.4830970988435,11854613,RELIANCE.NS
2025-07-18,1470.12841796875,1478.8934598804974,1463.2558421043927,1478.8934598804974,10296318,RELIANCE.NS
2025-07-21,1422.9169921875,1470.128458883213,1417.4388712363768,1459.1722169809668,22442744,RELIANCE.NS
2025-07-22,1407.179931640625,1426.2039275426996,1405.0881881707605,1421.721828538219,20396320,RELIANCE.NS
2025-07-23,1418.932861328125,1420.3273163904719,1408.7734859597779,1420.3273163904719,8354596,RELIANCE.NS
2025-07-24,1397.3192138671875,1417.3392306864348,1390.4466381154343,1413.554298653669,14740507,RELIANCE.NS
2025-07-25,1386.1636962890625,1395.4267490386208,1378.593953801798,1393.3351272649268,11854722,RELIANCE.NS
2025-07-28,1382.080078125,1402.199795115413,1379.490445288333,1386.7614543919697,7748361,RELIANCE.NS
2025-07-29,1411.4627685546875,1414.550412474214,1377.4984422704579,1377.4984422704579,10750072,RELIANCE.NS
2025-07-30,1404.4906005859375,1417.6381639620695,1395.7256799199,1412.458776601272,7209849,RELIANCE.NS
2025-07-31,1384.669677734375,1397.0203743336986,1376.7015020683227,1382.5780559389787,17065827,RELIANCE.NS
2025-08-01,1388.15576171875,1400.3073026227253,1378.7932525308158,1381.3828853186424,10321171,RELIANCE.NS
2025-08-04,1405.885009765625,1410.466686507784,1386.1637261382157,1389.5502251510159,6312820,RELIANCE.NS
2025-08-05,1386.1636962890625,1405.38696851784,1382.5780415934858,1405.38696851784,9315972,RELIANCE.NS
2025-08-06,1387.259521484375,1390.3471654369864,1377.797312271222,1386.3630773472378,5834312,RELIANCE.NS
2025-08-07,1383.8729248046875,1388.1557462486337,1360.5659868045632,1382.1796145349972,9976705,RELIANCE.NS
2025-08-08,1362.35888671875,1391.6418351007062,1359.569976594415,1379.4904158119157,8793606,RELIANCE.NS
2025-08-11,1380.6856689453125,1382.4785572067015,1355.7851185633474,1364.5501609316866,9997486,RELIANCE.NS
2025-08-12,1374.9088134765625,1396.3232867936674,1369.7294260490362,1376.4028464986861,12244664,RELIANCE.NS
2025-08-13,1377.0999755859375,1386.2634508216695,1372.0202877666845,1382.4785186353236,7457021,RELIANCE.NS
2025-08-14,1373.800048828125,1380.699951171875,1370.0999755859375,1377.300048828125,7126128,RELIANCE.NS
2025-08-18,1381.699951171875,1394.9000244140625,1377.0,1390.0,11785109,RELIANCE.NS
2025-08-19,1420.0999755859375,1421.0,1389.0999755859375,1390.0,14384719,RELIANCE.NS
2025-08-20,1413.0,1424.9000244140625,1410.0,1413.0,8725641,RELIANCE.NS
2025-08-21,1424.800048828125,1431.9000244140625,1420.300048828125,1425.0,11021323,RELIANCE.NS
2025-08-22,1409.199951171875,1423.4000244140625,1407.9000244140625,1420.0,5818868,RELIANCE.NS
2025-08-25,1412.5999755859375,1419.5,1405.699951171875,1414.699951171875,5979407,RELIANCE.NS
2025-08-26,1384.9000244140625,1410.0,1381.5999755859375,1408.0,12145259,RELIANCE.NS
2025-08-28,1385.9000244140625,1392.199951171875,1366.5,1389.9000244140625,13161813,RELIANCE.NS
2025-08-29,1357.199951171875,1403.5,1350.0,1381.0999755859375,18758842,RELIANCE.NS
2025-09-01,1353.9000244140625,1363.199951171875,1340.5999755859375,1356.0,11232238,RELIANCE.NS
2025-09-02,1366.5,1384.5,1354.5,1354.800048828125,11517006,RELIANCE.NS
2025-09-03,1372.5999755859375,1376.5,1360.5,1369.699951171875,7847563,RELIANCE.NS
2025-09-04,1359.300048828125,1374.0,1357.0999755859375,1371.800048828125,13223177,RELIANCE.NS
2025-09-05,1375.0,1381.0,1359.300048828125,1363.0,5777575,RELIANCE.NS
2025-09-08,1378.5,1386.0,1372.4000244140625,1380.0,6986720,RELIANCE.NS
2025-09-09,1376.199951171875,1381.199951171875,1368.699951171875,1376.5999755859375,9754452,RELIANCE.NS
2025-09-10,1377.0,1388.5,1374.0999755859375,1383.9000244140625,7790815,RELIANCE.NS
2025-09-11,1383.300048828125,1385.5,1375.0,1376.0,9766072,RELIANCE.NS
2025-09-12,1395.0,1396.300048828125,1380.5,1383.300048828125,7403368,RELIANCE.NS
2025-09-15,1399.300048828125,1400.800048828125,1388.5999755859375,1393.0,5396697,RELIANCE.NS
2025-09-16,1405.300048828125,1408.0,1398.199951171875,1404.699951171875,8686961,RELIANCE.NS
2025-09-17,1413.800048828125,1416.199951171875,1406.9000244140625,1407.0,7519417,RELIANCE.NS
2025-09-18,1415.0,1422.0,1410.699951171875,1420.4000244140625,9332642,RELIANCE.NS
2025-09-19,1407.4000244140625,1417.0,1403.5999755859375,1414.9000244140625,13461373,RELIANCE.NS
2025-09-22,1390.5999755859375,1410.699951171875,1388.0,1403.9000244140625,7757970,RELIANCE.NS
2025-09-23,1389.800048828125,1395.0,1376.800048828125,1391.0,14014702,RELIANCE.NS
2025-09-24,1383.0,1396.0,1380.4000244140625,1385.300048828125,5922759,RELIANCE.NS
2025-09-25,1372.4000244140625,1384.5,1369.0,1381.300048828125,11411143,RELIANCE.NS
2025-09-26,1377.5999755859375,1382.699951171875,1366.0,1372.0,9879109,RELIANCE.NS
2025-09-29,1372.800048828125,1389.0,1368.0,1381.5999755859375,14231999,RELIANCE.NS
2025-09-30,1364.0,1377.0999755859375,1362.800048828125,1377.0999755859375,14604684,RELIANCE.NS
2025-10-01,1368.699951171875,1378.5999755859375,1362.699951171875,1367.0,12045916,RELIANCE.NS
2025-10-03,1363.4000244140625,1371.5999755859375,1356.9000244140625,1363.199951171875,12842347,RELIANCE.NS
2025-10-06,1375.0,1377.4000244140625,1359.0,1360.0,12396580,RELIANCE.NS
2025-10-07,1384.800048828125,1395.9000244140625,1375.9000244140625,1376.0,11244040,RELIANCE.NS
2025-10-08,1367.4000244140625,1389.0,1364.5,1384.800048828125,8525081,RELIANCE.NS
2025-10-09,1377.800048828125,1380.0,1369.0999755859375,1374.0,8826633,RELIANCE.NS
2025-10-10,1381.699951171875,1388.0,1375.0999755859375,1377.800048828125,6373084,RELIANCE.NS
2025-10-13,1375.0,1377.699951171875,1367.800048828125,1376.9000244140625,7600682,RELIANCE.NS
2025-10-14,1375.9000244140625,1388.0,1370.0999755859375,1380.0,9768174,RELIANCE.NS
2025-10-15,1374.300048828125,1384.0,1372.699951171875,1383.0,10882743,RELIANCE.NS
2025-10-16,1398.300048828125,1400.5,1375.0,1375.0999755859375,12315932,RELIANCE.NS
2025-10-17,1416.800048828125,1423.300048828125,1399.0999755859375,1401.0,19335561,RELIANCE.NS
2025-10-20,1466.800048828125,1473.800048828125,1433.300048828125,1440.0,24721978,RELIANCE.NS
2025-10-21,1465.199951171875,1474.0,1460.0,1468.0,2066169,RELIANCE.NS
2025-10-23,1448.4000244140625,1482.9000244140625,1444.5999755859375,1475.0,18707090,RELIANCE.NS
2025-10-24,1451.5999755859375,1459.800048828125,1441.0,1450.0,9700837,RELIANCE.NS
2025-10-27,1484.0999755859375,1485.0,1458.0,1463.0,14113867,RELIANCE.NS
2025-10-28,1486.9000244140625,1492.0,1477.5999755859375,1484.0999755859375,17631577,RELIANCE.NS
2025-10-29,1504.199951171875,1508.300048828125,1488.0999755859375,1490.0,11884745,RELIANCE.NS
2025-10-30,1488.5,1503.0999755859375,1484.0,1500.0,9318663,RELIANCE.NS
2025-10-31,1486.4000244140625,1497.5,1482.300048828125,1490.4000244140625,8758053,RELIANCE.NS
2025-11-03,1484.699951171875,1495.0,1479.300048828125,1486.0,8452085,RELIANCE.NS
2025-11-04,1473.0999755859375,1492.800048828125,1470.0999755859375,1483.9000244140625,10007806,RELIANCE.NS
2025-11-06,1496.0999755859375,1501.5999755859375,1476.199951171875,1484.0,16772678,RELIANCE.NS
2025-11-07,1478.0,1498.4000244140625,1475.9000244140625,1494.5999755859375,7821765,RELIANCE.NS
2025-11-10,1489.300048828125,1501.0,1475.5,1477.9000244140625,7068438,RELIANCE.NS
2025-11-11,1493.4000244140625,1498.800048828125,1480.199951171875,1497.0,7127506,RELIANCE.NS
2025-11-12,1511.5,1524.699951171875,1500.0,1505.0,12384459,RELIANCE.NS
2025-11-13,1510.9000244140625,1522.0999755859375,1506.800048828125,1515.0,7196443,RELIANCE.NS
2025-11-14,1518.9000244140625,1520.9000244140625,1505.5,1505.5,7682823,RELIANCE.NS
2025-11-17,1518.300048828125,1523.699951171875,1511.5,1520.9000244140625,5871416,RELIANCE.NS
2025-11-18,1519.4000244140625,1527.800048828125,1510.5,1521.699951171875,11045042,RELIANCE.NS
2025-11-19,1518.9000244140625,1522.300048828125,1512.0,1517.4000244140625,5692366,RELIANCE.NS
2025-11-20,1549.0999755859375,1550.9000244140625,1526.699951171875,1530.0,18171724,RELIANCE.NS
2025-11-21,1546.5999755859375,1557.800048828125,1540.0999755859375,1541.0,9615271,RELIANCE.NS
2025-11-24,1535.9000244140625,1550.0,1531.800048828125,1550.0,18433951,RELIANCE.NS
2025-11-25,1539.699951171875,1559.5999755859375,1525.0999755859375,1535.9000244140625,15033482,RELIANCE.NS
2025-11-26,1569.9000244140625,1571.5999755859375,1540.5,1542.300048828125,14054299,RELIANCE.NS
2025-11-27,1563.4000244140625,1575.5,1556.0,1575.0,9794643,RELIANCE.NS
2025-11-28,1567.5,1581.300048828125,1563.0,1568.0,8959508,RELIANCE.NS
2025-12-01,1566.0999755859375,1577.5,1563.5999755859375,1575.0,8920233,RELIANCE.NS
2025-12-02,1546.300048828125,1567.5,1542.0,1561.0999755859375,11389150,RELIANCE.NS
2025-12-03,1538.800048828125,1552.4000244140625,1533.0,1545.199951171875,6090883,RELIANCE.NS
2025-12-04,1535.5999755859375,1560.5,1517.5999755859375,1536.0,11867930,RELIANCE.NS
2025-12-05,1540.5999755859375,1545.800048828125,1520.5999755859375,1530.4000244140625,10183266,RELIANCE.NS
2025-12-08,1543.0,1551.0,1535.0,1539.199951171875,11301491,RELIANCE.NS
2025-12-09,1529.4000244140625,1542.5,1520.0999755859375,1540.300048828125,11503971,RELIANCE.NS
2025-12-10,1536.9000244140625,1547.5,1531.4000244140625,1534.0,7991629,RELIANCE.NS
2025-12-11,1545.0,1550.0,1524.0,1536.9000244140625,4706197,RELIANCE.NS
2025-12-12,1556.5,1559.800048828125,1546.0999755859375,1550.800048828125,5106655,RELIANCE.NS
2025-12-15,1556.199951171875,1558.5999755859375,1546.5,1551.199951171875,5774543,RELIANCE.NS
2025-12-16,1542.300048828125,1551.699951171875,1538.800048828125,1545.0,11731856,RELIANCE.NS
2025-12-17,1544.4000244140625,1550.0,1539.300048828125,1550.0,7116649,RELIANCE.NS
2025-12-18,1544.4000244140625,1551.5,1535.199951171875,1535.199951171875,6580829,RELIANCE.NS
2025-12-19,1565.0999755859375,1574.199951171875,1551.0,1554.4000244140625,13937275,RELIANCE.NS
2025-12-22,1575.4000244140625,1577.5,1565.300048828125,1573.5,10184852,RELIANCE.NS
2025-12-23,1570.699951171875,1580.9000244140625,1568.0999755859375,1580.9000244140625,7506564,RELIANCE.NS
2025-12-24,1558.199951171875,1575.699951171875,1553.5999755859375,1572.699951171875,8815745,RELIANCE.NS
2025-12-26,1559.199951171875,1561.0,1554.300048828125,1554.699951171875,2311495,RELIANCE.NS
2025-12-29,1545.5999755859375,1558.0999755859375,1543.5999755859375,1554.9000244140625,5972105,RELIANCE.NS
2025-12-30,1539.800048828125,1553.5999755859375,1537.800048828125,1547.0,8815884,RELIANCE.NS
2025-12-31,1570.4000244140625,1577.0,1541.0,1541.0,5771830,RELIANCE.NS
2026-01-01,1575.5999755859375,1592.5,1571.0999755859375,1573.699951171875,6408128,RELIANCE.NS
2026-01-02,1592.300048828125,1594.5999755859375,1578.199951171875,1580.0,6602230,RELIANCE.NS
2026-01-05,1578.0999755859375,1611.800048828125,1575.300048828125,1593.0,8704973,RELIANCE.NS
2026-01-06,1507.5999755859375,1569.0,1496.300048828125,1569.0,27417125,RELIANCE.NS
2026-01-07,1504.199951171875,1520.0,1498.0,1510.0,11199340,RELIANCE.NS
2026-01-08,1470.5999755859375,1503.9000244140625,1468.800048828125,1500.0,16518684,RELIANCE.NS
2026-01-09,1475.300048828125,1479.9000244140625,1465.0,1465.0,8335311,RELIANCE.NS
2026-01-12,1483.199951171875,1485.300048828125,1451.0,1475.300048828125,8883745,RELIANCE.NS
2026-01-13,1452.800048828125,1485.800048828125,1444.699951171875,1485.0,13499760,RELIANCE.NS
2026-01-14,1458.800048828125,1467.0,1440.199951171875,1444.0,8321764,RELIANCE.NS
2026-01-15,1458.800048828125,1458.800048828125,1458.800048828125,1458.800048828125,0,RELIANCE.NS
2026-01-16,1457.9000244140625,1480.0,1455.0999755859375,1458.800048828125,17167161,RELIANCE.NS
2026-01-19,1413.5999755859375,1450.5999755859375,1403.300048828125,1450.5999755859375,20392765,RELIANCE.NS
2026-01-20,1394.0,1416.0,1390.0,1410.699951171875,13189498,RELIANCE.NS
2026-01-21,1404.5999755859375,1412.9000244140625,1373.0,1389.5,17352720,RELIANCE.NS
2026-01-22,1402.5,1419.5,1395.0,1410.0999755859375,15721693,RELIANCE.NS
2026-01-23,1386.0999755859375,1407.0,1381.0,1401.800048828125,9837802,RELIANCE.NS
2026-01-27,1380.5,1391.5999755859375,1368.0,1380.0,26302396,RELIANCE.NS
2026-01-28,1396.699951171875,1409.9000244140625,1384.9000244140625,1385.0,11121657,RELIANCE.NS
2026-01-29,1391.0,1402.9000244140625,1384.0,1402.9000244140625,20846683,RELIANCE.NS
2026-01-30,1395.4000244140625,1398.0,1378.5,1382.5999755859375,11239835,RELIANCE.NS
2026-02-02,1390.4000244140625,1392.9000244140625,1335.5,1340.0,15711165,RELIANCE.NS
2026-02-03,1437.0999755859375,1489.5,1430.199951171875,1473.9000244140625,25456171,RELIANCE.NS
2026-02-04,1456.800048828125,1464.0,1440.300048828125,1444.0,8333387,RELIANCE.NS
2026-02-05,1443.4000244140625,1461.5,1439.5,1457.0,11763658,RELIANCE.NS
2026-02-06,1450.800048828125,1452.800048828125,1433.5,1441.5,8277304,RELIANCE.NS
2026-02-09,1461.5999755859375,1465.9000244140625,1453.0,1458.0,5775864,RELIANCE.NS
2026-02-10,1458.5,1471.0,1452.199951171875,1471.0,10259630,RELIANCE.NS
2026-02-11,1468.699951171875,1470.0,1453.5999755859375,1459.5999755859375,7106877,RELIANCE.NS
2026-02-12,1448.9000244140625,1473.0,1445.5,1470.0,11135399,RELIANCE.NS
2026-02-13,1419.5999755859375,1450.699951171875,1416.300048828125,1445.5,10755693,RELIANCE.NS
2026-02-16,1437.0999755859375,1439.5999755859375,1409.300048828125,1420.0999755859375,5896514,RELIANCE.NS
2026-02-17,1423.0,1431.800048828125,1418.5999755859375,1431.0999755859375,10731630,RELIANCE.NS
2026-02-18,1441.300048828125,1442.0999755859375,1419.199951171875,1427.0,5521096,RELIANCE.NS
2026-02-19,1409.5,1443.0,1400.0,1443.0,11884664,RELIANCE.NS
2026-02-20,1419.4000244140625,1427.4000244140625,1406.0999755859375,1409.5,8177670,RELIANCE.NS
2026-02-23,1428.0,1434.9000244140625,1418.300048828125,1425.0,7758856,RELIANCE.NS
2026-02-24,1428.800048828125,1433.300048828125,1415.0,1425.300048828125,12529409,RELIANCE.NS
2026-02-25,1398.5,1440.5,1393.5,1435.0,10728792,RELIANCE.NS
2026-02-26,1406.800048828125,1412.9000244140625,1391.9000244140625,1398.5,16683858,RELIANCE.NS
2026-02-27,1393.9000244140625,1410.4000244140625,1388.0999755859375,1398.0,12031440,RELIANCE.NS
2026-03-02,1358.0,1378.5999755859375,1341.5,1375.5,23728722,RELIANCE.NS
2026-03-04,1345.0,1352.800048828125,1307.0,1330.0,32495007,RELIANCE.NS
2026-03-05,1389.4000244140625,1399.0,1353.0999755859375,1353.0999755859375,25957532,RELIANCE.NS
2026-03-06,1404.800048828125,1424.300048828125,1390.300048828125,1396.5,19311971,RELIANCE.NS
2026-03-09,1424.0,1429.4000244140625,1370.0,1375.0,24870822,RELIANCE.NS
2026-03-10,1408.800048828125,1431.5,1400.5999755859375,1430.5999755859375,18071259,RELIANCE.NS
2026-03-11,1390.199951171875,1434.0,1383.5999755859375,1424.9000244140625,21848087,RELIANCE.NS
2026-03-12,1392.199951171875,1410.9000244140625,1381.0999755859375,1390.0,20939959,RELIANCE.NS
2026-03-13,1380.699951171875,1400.800048828125,1378.4000244140625,1385.199951171875,17265090,RELIANCE.NS
2026-03-16,1395.0999755859375,1397.300048828125,1363.5,1380.0,22837802,RELIANCE.NS
2026-03-17,1397.5999755859375,1405.9000244140625,1388.199951171875,1399.0,19007744,RELIANCE.NS
2026-03-18,1408.0999755859375,1412.9000244140625,1397.199951171875,1397.199951171875,9559327,RELIANCE.NS
2026-03-19,1384.800048828125,1415.699951171875,1376.0999755859375,1388.0,16498373,RELIANCE.NS
2026-03-20,1414.4000244140625,1430.0,1396.0999755859375,1398.0,22994918,RELIANCE.NS
2026-03-23,1407.800048828125,1415.5999755859375,1391.0,1400.0,18979554,RELIANCE.NS
2026-03-24,1411.800048828125,1422.4000244140625,1406.5999755859375,1420.0,18620893,RELIANCE.NS
2026-03-25,1413.0999755859375,1430.5,1408.4000244140625,1420.0,19041331,RELIANCE.NS
2026-03-27,1348.0999755859375,1404.699951171875,1345.0,1401.0,23266517,RELIANCE.NS
2026-03-30,1343.9000244140625,1365.0,1334.0999755859375,1335.0,24393861,RELIANCE.NS
2026-04-01,1369.199951171875,1384.4000244140625,1362.9000244140625,1384.199951171875,14404619,RELIANCE.NS
2026-04-02,1350.5,1358.199951171875,1328.0,1357.0,21280051,RELIANCE.NS
2026-04-06,1304.699951171875,1359.0,1290.0,1359.0,29274881,RELIANCE.NS
2026-04-07,1304.5999755859375,1308.300048828125,1291.0,1295.0,28388922,RELIANCE.NS
2026-04-08,1347.800048828125,1350.5999755859375,1326.199951171875,1349.0,21817543,RELIANCE.NS
2026-04-09,1330.0,1350.0,1326.300048828125,1346.0,20725390,RELIANCE.NS
2026-04-10,1350.199951171875,1352.300048828125,1331.5,1337.0,19364461,RELIANCE.NS
2026-04-13,1315.0999755859375,1327.5999755859375,1310.0,1321.199951171875,28753269,RELIANCE.NS
2026-04-15,1344.0999755859375,1347.0,1334.199951171875,1337.0,15313779,RELIANCE.NS
2026-04-16,1343.300048828125,1353.800048828125,1330.0,1352.0,30211012,RELIANCE.NS
2026-04-17,1365.0,1368.4000244140625,1340.0,1340.0,13869105,RELIANCE.NS
2026-04-20,1363.300048828125,1373.0,1352.800048828125,1363.199951171875,13614733,RELIANCE.NS
2026-04-21,1353.300048828125,1369.800048828125,1350.0999755859375,1359.0,27293629,RELIANCE.NS
2026-04-22,1362.0999755859375,1366.0,1349.0999755859375,1350.300048828125,9525953,RELIANCE.NS
2026-04-23,1343.4000244140625,1355.5,1340.699951171875,1346.0,16385079,RELIANCE.NS
2026-04-24,1327.800048828125,1345.9000244140625,1325.0,1340.0,11744802,RELIANCE.NS
2026-04-27,1341.5999755859375,1345.199951171875,1311.0,1313.0,11196132,RELIANCE.NS
2021-04-27,2753.26904296875,2756.8733443576716,2727.7758110894097,2730.4130419734793,1471417,TCS.NS
2021-04-28,2746.32421875,2769.9713014232066,2735.687302452878,2769.0482277580213,1639037,TCS.NS
2021-04-29,2738.544921875,2775.5541534445256,2729.9739201935035,2765.2249975719533,1621395,TCS.NS
2021-04-30,2668.56982421875,2753.312969915444,2654.8123559697738,2724.2594341557383,3072305,TCS.NS
2021-05-03,2669.756591796875,2685.5799762724573,2640.7470535916405,2659.119675274267,1545831,TCS.NS
2021-05-04,2680.96484375,2716.3476898721206,2667.998459146241,2692.4368405095456,1990777,TCS.NS
2021-05-05,2721.358642578125,2724.6111845742857,2683.2945653222314,2698.766406463981,1939289,TCS.NS
2021-05-06,2735.2041015625,2755.027330929211,2702.282710681683,2729.9736363116353,1791671,TCS.NS
2021-05-07,2754.06005859375,2777.751353813853,2735.5116639367457,2754.148052135079,1912540,TCS.NS
2021-05-10,2765.136474609375,2781.575170224942,2747.115397601112,2765.5320163029514,2137153,TCS.NS
2021-05-11,2745.005859375,2749.8407827575666,2717.358716701784,2747.1155582763954,2415625,TCS.NS
2021-05-12,2714.23828125,2742.720290729441,2699.2939719735896,2742.720290729441,1978558,TCS.NS
2021-05-14,2682.50341796875,2723.8200362366615,2672.3940326478782,2723.8200362366615,2043935,TCS.NS
2021-05-17,2698.546875,2703.337802177707,2668.878023454679,2685.5804880283413,2890462,TCS.NS
2021-05-18,2715.292724609375,2746.2361880296953,2705.7986513301544,2725.1383427951523,2098538,TCS.NS
2021-05-19,2709.3154296875,2740.962203038814,2696.217267675573,2711.073583762573,1986041,TCS.NS
2021-05-20,2689.97607421875,2715.293539017439,2683.0314505934716,2696.217607820034,2329027,TCS.NS
2021-05-21,2707.995849609375,2714.7646974638246,2685.6673866561664,2690.853853482972,1685566,TCS.NS
2021-05-24,2708.875732421875,2729.5340415933547,2700.5245010546814,2708.875732421875,1652260,TCS.NS
2021-05-25,2750.836181640625,2763.4243048225067,2722.65653952181,2731.401886201931,1841613,TCS.NS
2021-05-26,2790.146484375,2795.8884353480685,2741.825801627591,2756.1364670729777,1923753,TCS.NS
2021-05-27,2809.138671875,2842.4861513917554,2793.06125468533,2793.193674959177,5959785,TCS.NS
2021-05-28,2776.984130859375,2825.0397552505065,2769.961110903209,2817.5310504601284,1763701,TCS.NS
2021-05-31,2790.720703125,2800.6146992644194,2763.7337050232063,2782.637888857994,1652799,TCS.NS
2021-06-01,2785.2880859375,2800.2612851307276,2766.7371662404853,2799.0688554082944,1377441,TCS.NS
2021-06-02,2764.484130859375,2790.9854410639764,2751.719376244468,2783.388528206253,2240078,TCS.NS
2021-06-03,2774.907470703125,2786.6564256904326,2758.476575377336,2786.6564256904326,1281706,TCS.NS
2021-06-04,2777.116455078125,2788.6887800926147,2760.5531362605616,2763.2032672713717,1836060,TCS.NS
2021-06-07,2811.9658203125,2818.3703040112887,2768.150447443102,2778.2208596814926,2559821,TCS.NS
2021-06-08,2826.938720703125,2854.190986460442,2815.499032089733,2825.039546487309,2574057,TCS.NS
2021-06-09,2827.027099609375,2844.473794466741,2814.615610260748,2828.573009280281,1710925,TCS.NS
2021-06-10,2841.64697265625,2848.007243465834,2820.622558432509,2835.63996635401,1874324,TCS.NS
2021-06-11,2891.99951171875,2923.0943373291366,2836.523395939516,2837.0092963972816,3452954,TCS.NS
2021-06-14,2894.252685546875,2922.8298057031197,2888.952422877845,2896.5935486250673,1847360,TCS.NS
2021-06-15,2882.23828125,2913.377320224504,2872.3445020711756,2913.377320224504,1304985,TCS.NS
2021-06-16,2892.4853515625,2910.4619427775083,2873.6251677448518,2881.6639841155666,1635552,TCS.NS
2021-06-17,2930.823974609375,2946.9898164726833,2879.80895402805,2884.6675274167474,2273413,TCS.NS
2021-06-18,2912.759521484375,2966.3804713862055,2893.0601678945272,2960.1084073503403,3380431,TCS.NS
2021-06-21,2891.381591796875,2902.7770698023915,2872.4771929821286,2884.226151218749,1130569,TCS.NS
2021-06-22,2916.203857421875,2939.0392371670882,2901.893194391392,2918.6773559419053,1708688,TCS.NS
2021-06-23,2881.045654296875,2940.7620256141804,2876.628769307968,2940.7620256141804,1467104,TCS.NS
2021-06-24,2980.160400390625,2988.4640569952844,2896.151170812604,2901.009743769587,4155204,TCS.NS
2021-06-25,2986.52099609375,3003.17252309465,2959.312941438819,2981.618210624291,2722861,TCS.NS
2021-06-28,2947.6083984375,2995.9732923655597,2944.2957344698248,2995.9732923655597,1355238,TCS.NS
2021-06-29,2951.230224609375,2973.7121267952775,2938.553678014563,2952.2460219223417,1497322,TCS.NS
2021-06-30,2955.558349609375,2987.5807631708603,2949.153866897078,2955.7791938408336,1693146,TCS.NS
2021-07-01,2951.804443359375,2969.913673073236,2943.7216295348694,2966.380164836385,990310,TCS.NS
2021-07-02,2937.6259765625,2950.214098705569,2910.903822539493,2942.5287620044955,1682274,TCS.NS
2021-07-05,2933.6953125,2980.514298215899,2916.911147809395,2952.2462313685637,1972858,TCS.NS
2021-07-06,2881.8408203125,2939.878645879054,2876.3639260649975,2926.6279909246714,2159420,TCS.NS
2021-07-07,2893.015380859375,2899.8615524149545,2863.554888146933,2893.059592841762,2640710,TCS.NS
2021-07-08,2878.484375,2913.3777715973606,2854.986457100049,2913.3777715973606,2485811,TCS.NS
2021-07-09,2834.005615234375,2899.2430878632313,2827.6895564443034,2870.9750260680994,6365067,TCS.NS
2021-07-12,2820.7109375,2858.6077212079454,2816.5148971181284,2857.724344285446,1892226,TCS.NS
2021-07-13,2815.808349609375,2839.173627711881,2804.721925322098,2839.173627711881,1809339,TCS.NS
2021-07-14,2839.659912109375,2846.2410283989343,2813.556075558847,2815.322829766419,2044279,TCS.NS
2021-07-15,2835.587646484375,2861.173091028302,2827.6642098504926,2857.4105447252764,2232968,TCS.NS
2021-07-16,2828.37158203125,2850.548508646721,2825.8926855705236,2844.484084817698,1256526,TCS.NS
2021-07-19,2819.34130859375,2832.7978962070624,2811.72760205708,2815.268820699469,1597058,TCS.NS
2021-07-20,2838.110107421875,2846.2548681714516,2794.1545954042767,2819.3416893105386,1811945,TCS.NS
2021-07-22,2847.449951171875,2855.063442156888,2824.122085110485,2824.122085110485,2859334,TCS.NS
2021-07-23,2844.3515625,2869.759766579906,2838.8624999266235,2859.534453094165,1776193,TCS.NS
2021-07-26,2830.806640625,2854.444237512469,2824.8751412021347,2832.9755943366367,1259611,TCS.NS
2021-07-27,2817.881103515625,2841.8286435684886,2798.581414048037,2832.97559483463,1121367,TCS.NS
2021-07-28,2831.027587890625,2836.91477805401,2773.1285272482296,2822.3515580665385,1660654,TCS.NS
2021-07-29,2829.25732421875,2855.5065269494357,2824.388147472567,2833.1968876310666,1731997,TCS.NS
2021-07-30,2804.158447265625,2853.7798210249443,2799.6435227881707,2849.7959497066217,2999943,TCS.NS
2021-08-02,2850.150390625,2855.0195673734447,2803.7605022408247,2815.2694654644215,2608669,TCS.NS
2021-08-03,2908.137451171875,2912.6525917970707,2849.751646852832,2858.64900270904,3804735,TCS.NS
2021-08-04,2898.443359375,2926.109132013964,2887.1557241383025,2921.50559067461,2929598,TCS.NS
2021-08-05,2907.296875,2934.7856343504254,2888.307128829039,2899.373439667464,2534521,TCS.NS
2021-08-06,2930.18212890625,2942.7534149481066,2890.5204271376556,2897.2045221954145,2292362,TCS.NS
2021-08-09,2941.6025390625,2954.262442321804,2930.3592100944475,2942.6648617114934,1510489,TCS.NS
2021-08-10,2951.517578125,2965.682454885937,2935.3166732407713,2935.3166732407713,2040777,TCS.NS
2021-08-11,2960.636474609375,2974.624334648893,2945.4978911610087,2965.7712860338665,1929707,TCS.NS
2021-08-12,2967.3203125,2981.706515253226,2944.523714291042,2944.523714291042,1310205,TCS.NS
2021-08-13,3066.164794921875,3080.86094219364,2972.4110958089495,2975.288336631401,4363584,TCS.NS
2021-08-16,3074.619140625,3093.564792280831,3042.34982516594,3063.1544871451047,2083489,TCS.NS
2021-08-17,3145.5322265625,3152.39333868331,3065.8104870148636,3082.7198949552444,4336019,TCS.NS
2021-08-18,3152.172119140625,3182.670826952774,3130.96911193571,3163.9467164708954,2631309,TCS.NS
2021-08-20,3151.2421875,3164.9644108196376,3098.5665560471975,3103.878384428993,2836148,TCS.NS
2021-08-23,3220.207763671875,3251.7247026771975,3153.3672477306477,3169.3913519151556,3744176,TCS.NS
2021-08-24,3198.782958984375,3246.722339074466,3182.1391870835214,3237.5593488015643,2511141,TCS.NS
2021-08-25,3239.33056640625,3273.6361306173026,3193.3390209691447,3195.9506271458217,2123263,TCS.NS
2021-08-26,3250.70654296875,3264.6500936829902,3229.503319923937,3240.21559454725,1902533,TCS.NS
2021-08-27,3293.46630859375,3301.7439942841897,3232.336189828916,3245.5271438653544,3944728,TCS.NS
2021-08-30,3276.77880859375,3311.3500054128417,3264.650175657606,3288.907441529894,2033114,TCS.NS
2021-08-31,3352.162353515625,3367.7881130904075,3278.682054309323,3283.9495746993503,3207480,TCS.NS
2021-09-01,3288.863037109375,3378.942800881244,3281.8249071480936,3360.6170346733647,2643336,TCS.NS
2021-09-02,3396.69287109375,3416.5236102881754,3295.1041548735093,3305.727811471704,3403717,TCS.NS
2021-09-03,3401.385498046875,3414.5321452155067,3368.1865666025374,3386.2910073224075,1746812,TCS.NS
2021-09-06,3410.19482421875,3432.858718436517,3376.5532345717324,3408.158579512332,1723693,TCS.NS
2021-09-07,3378.23486328125,3426.0856360966154,3371.4623672882394,3420.8181151977305,1585039,TCS.NS
2021-09-08,3341.27392578125,3377.438723072339,3325.205725782361,3373.0121978782736,4147175,TCS.NS
2021-09-09,3356.54443359375,3371.860249411292,3333.172474016351,3355.0394587057644,1441148,TCS.NS
2021-09-13,3404.30712890625,3410.5483552564024,3334.94340668906,3334.94340668906,1691473,TCS.NS
2021-09-14,3440.2060546875,3449.5903726199604,3386.291075393648,3408.3793883308576,1991188,TCS.NS
2021-09-15,3500.982666015625,3523.513633332648,3422.588870970859,3436.842366847689,2461369,TCS.NS
2021-09-16,3455.6103515625,3525.062471552736,3445.694980793567,3479.2479470590197,2946666,TCS.NS
2021-09-17,3388.814208984375,3492.527584251267,3368.584906990132,3470.3949633117786,6477148,TCS.NS
2021-09-20,3384.963134765625,3427.015115647374,3371.1082001517175,3372.126214285933,2002008,TCS.NS
2021-09-21,3419.88818359375,3427.5018914398584,3383.325051595029,3415.5059679978876,1568129,TCS.NS
2021-09-22,3419.18017578125,3449.9004282075575,3410.592761622935,3419.4901189466127,1744067,TCS.NS
2021-09-23,3425.466064453125,3434.0977874300374,3395.1443709188434,3426.130043143657,2003869,TCS.NS
2021-09-24,3427.280517578125,3491.9961688146536,3412.850006101466,3443.8356741205457,2320754,TCS.NS
2021-09-27,3396.87060546875,3456.230342462437,3366.725930283788,3452.689122849258,1673362,TCS.NS
2021-09-28,3345.699462890625,3408.4233928218655,3320.999546057928,3408.4233928218655,2253075,TCS.NS
2021-09-29,3356.986572265625,3369.46945412398,3295.2365737303785,3328.5684230531306,2489161,TCS.NS
2021-09-30,3342.5126953125,3368.5848793374157,3319.981730608833,3368.5848793374157,2252412,TCS.NS
2021-10-01,3302.364501953125,3373.011880633546,3297.760959412062,3348.002015639347,1578374,TCS.NS
2021-10-04,3340.52099609375,3349.6837720532653,3282.2235824322406,3297.583708781848,1356860,TCS.NS
2021-10-05,3393.638427734375,3399.5699257833658,3312.456032890701,3323.433724320509,1877966,TCS.NS
2021-10-06,3373.808349609375,3415.0193358424335,3359.732088185577,3396.029589006554,1678154,TCS.NS
2021-10-07,3446.403076171875,3451.80352207463,3381.908749178324,3390.7174889832863,1647233,TCS.NS
2021-10-08,3484.249755859375,3532.2775413447675,3452.688726138807,3474.8213461781584,2934339,TCS.NS
2021-10-11,3262.879150390625,3326.5324730670955,3240.215263187111,3324.319211275301,11845402,TCS.NS
2021-10-12,3233.885986328125,3281.8251586645006,3214.187952937166,3280.939853792997,5752877,TCS.NS
2021-10-13,3235.9658203125,3253.893241175022,3226.9357552539627,3231.3622789237215,3545655,TCS.NS
2021-10-14,3203.368896484375,3255.3029971474057,3200.4861349746393,3215.387837781838,6442299,TCS.NS
2021-10-18,3235.03515625,3239.958069636793,3194.4991342496655,3196.273141484285,3590107,TCS.NS
2021-10-19,3223.50390625,3273.1319287564406,3215.5652676856744,3254.4160669882417,3135441,TCS.NS
2021-10-20,3201.06298828125,3219.8230275642086,3173.9649853308347,3203.856962964717,2933693,TCS.NS
2021-10-21,3133.34033203125,3199.8212109811748,3114.491504839272,3196.849878744259,4871211,TCS.NS
2021-10-22,3103.4921875,3159.1516554194964,3091.207102780001,3157.7323632415505,2691670,TCS.NS
2021-10-25,3098.258544921875,3117.4179053679563,3060.1617914377334,3107.1729725815594,2595594,TCS.NS
2021-10-26,3089.07861328125,3130.235490892572,3082.337299759617,3099.6338687798507,3878763,TCS.NS
2021-10-27,3095.420166015625,3114.490739429003,3089.432892967239,3089.432892967239,2510813,TCS.NS
2021-10-28,3035.015625,3120.4785040796774,3029.1171379852467,3120.4785040796774,2424942,TCS.NS
2021-10-29,3013.81591796875,3069.9188851710232,3003.349234136505,3015.8560691777293,3960501,TCS.NS
2021-11-01,3083.579345703125,3092.9816708421895,3027.2990084532134,3049.4740992966476,2020718,TCS.NS
2021-11-02,3090.49755859375,3116.5755914866954,3077.6804012995885,3099.190236224732,3087414,TCS.NS
2021-11-03,3097.6376953125,3122.1632532684625,3074.3982490055782,3108.237342877005,1537639,TCS.NS
2021-11-04,3112.185302734375,3116.2656061888065,3108.947825999222,3115.9994617802777,328991,TCS.NS
2021-11-08,3106.95166015625,3147.088570475876,3087.8366904944155,3147.088570475876,2526082,TCS.NS
2021-11-09,3109.568359375,3135.5576071808837,3100.964468091759,3111.6085108884126,1782692,TCS.NS
2021-11-10,3090.58642578125,3121.986263947992,3086.9496247069433,3102.7383307642617,1516489,TCS.NS
2021-11-11,3094.045654296875,3113.426767950228,3047.744113577115,3086.7722686985917,1284514,TCS.NS
2021-11-12,3127.618896484375,3134.803495274356,3091.8282167841194,3109.83443207749,1747259,TCS.NS
2021-11-15,3151.789306640625,3166.2475057480005,3129.3480767252768,3129.3480767252768,1809157,TCS.NS
2021-11-16,3154.5390625,3171.5253089279527,3141.7662991193665,3165.7153928732405,2013204,TCS.NS
2021-11-17,3123.9375,3160.260466102447,3110.188945926167,3149.3946733666758,1632914,TCS.NS
2021-11-18,3082.958251953125,3123.0065929021084,3061.5815959383253,3117.9504993315195,2136598,TCS.NS
2021-11-22,3067.613037109375,3118.6601354949016,3051.5584025436406,3085.35310837777,3167936,TCS.NS
2021-11-23,3072.802490234375,3087.615408340092,3022.731175942812,3055.7276694399716,2153461,TCS.NS
2021-11-24,3054.21923828125,3098.347663033605,3037.100027177156,3079.853553174247,2161746,TCS.NS
2021-11-25,3056.525146484375,3071.6929923228795,3046.014285380131,3054.751139558402,1849619,TCS.NS
2021-11-26,3057.368408203125,3095.642526457509,3026.3674595161992,3037.9872931567247,1941251,TCS.NS
2021-11-29,3106.2861328125,3130.54576418905,3021.5329084651667,3057.633906161152,2981745,TCS.NS
2021-11-30,3130.368896484375,3161.0593099027783,3096.5297932993612,3096.5297932993612,5588446,TCS.NS
2021-12-01,3173.52099609375,3184.3423949049957,3135.557205010908,3135.557205010908,2102118,TCS.NS
2021-12-02,3231.265380859375,3235.789185915078,3170.2397054205367,3183.6333300682236,3152938,TCS.NS
2021-12-03,3229.091552734375,3251.710139914298,3220.5764498458398,3234.4135732472982,2486263,TCS.NS
2021-12-06,3136.799072265625,3244.658783850488,3124.026308562444,3229.091829206644,1849642,TCS.NS
2021-12-07,3179.46435546875,3191.4389038852173,3126.0667828778905,3159.95027656784,1484458,TCS.NS
2021-12-08,3217.0732421875,3234.414205727127,3194.0999357691167,3194.0999357691167,1428660,TCS.NS
2021-12-09,3194.764892578125,3224.036008412116,3163.054517091301,3202.082671536623,1567957,TCS.NS
2021-12-10,3225.854736328125,3230.467111738171,3171.12665750973,3179.907906529748,1510718,TCS.NS
2021-12-13,3201.7724609375,3248.207186059828,3194.720825622014,3237.5631428504566,1883864,TCS.NS
2021-12-14,3214.32373046875,3224.258127606222,3172.5457737481966,3197.648019262842,1747007,TCS.NS
2021-12-15,3166.9130859375,3213.613734373968,3156.0914698132124,3210.952723829358,1603233,TCS.NS
2021-12-16,3176.891845703125,3200.7077599220047,3166.602518405637,3177.2465604843114,2072320,TCS.NS
2021-12-17,3179.3310546875,3238.7602886798354,3169.884337561044,3195.4300814535413,4333992,TCS.NS
2021-12-20,3154.982666015625,3198.5346245351966,3113.5152523447928,3183.4555650185303,2312310,TCS.NS
2021-12-21,3200.5751953125,3229.7575276974712,3163.4096138189643,3177.82342259873,2340989,TCS.NS
2021-12-22,3220.48828125,3225.8546962749856,3198.756693316205,3214.501007023342,1224328,TCS.NS
2021-12-23,3248.82763671875,3255.746307245518,3219.8226659314073,3235.788728737679,1792861,TCS.NS
2021-12-24,3256.100830078125,3286.3477338995476,3232.9501703058754,3268.6076651605485,2209923,TCS.NS
2021-12-27,3278.454345703125,3281.9135733887583,3240.3131879583366,3256.1904670027384,1534135,TCS.NS
2021-12-28,3287.722900390625,3304.0880718249186,3276.4579991343157,3290.7830191866974,1456218,TCS.NS
2021-12-29,3277.2119140625,3299.608753298073,3268.6080230926227,3275.0387987147183,1456923,TCS.NS
2021-12-30,3311.849853515625,3317.393626286826,3264.173407683294,3265.3709492233234,1966475,TCS.NS
2021-12-31,3315.929443359375,3335.1329814850587,3309.676025708375,3319.8765654123854,1207141,TCS.NS
2022-01-03,3386.358154296875,3397.2239489115395,3321.828639340396,3326.263657550463,2346158,TCS.NS
2022-01-04,3445.786865234375,3449.6895940340164,3380.991215898721,3398.199213823808,2488606,TCS.NS
2022-01-05,3424.675537109375,3432.7029607287664,3381.6114812034757,3428.267943983639,1733031,TCS.NS
2022-01-06,3377.22216796875,3401.6591630242797,3345.7779303592133,3381.2580780830654,1810293,TCS.NS
2022-01-07,3418.06787109375,3428.1796240286867,3367.419886343486,3388.3532548535422,2460591,TCS.NS
2022-01-10,3441.441162109375,3528.5004828256165,3424.721056860157,3528.5004828256165,3937092,TCS.NS
2022-01-11,3473.416748046875,3481.488566120969,3420.285327633747,3420.285327633747,1906106,TCS.NS
2022-01-12,3423.7451171875,3485.037152715186,3403.033713010251,3481.4891383067206,3203744,TCS.NS
2022-01-13,3457.450927734375,3479.7148026675522,3421.1725704534156,3475.2797850755724,6684507,TCS.NS
2022-01-14,3519.76318359375,3527.6132519299485,3423.8782261400397,3439.6669332386305,3348123,TCS.NS
2022-01-17,3565.000732421875,3586.155856684168,3514.574703449158,3541.5395285376235,3442604,TCS.NS
2022-01-18,3539.6767578125,3585.002513185261,3530.2744327520645,3578.1282350812835,2389041,TCS.NS
2022-01-19,3478.40966796875,3564.9112784096897,3474.722221889604,3564.9112784096897,3102539,TCS.NS
2022-01-20,3400.127685546875,3483.1637786694,3386.3105001298686,3474.2781567850393,6176776,TCS.NS
2022-01-21,3406.302734375,3422.341323309093,3350.8565473453277,3382.7558392501955,3112358,TCS.NS
2022-01-24,3351.078857421875,3420.653098273078,3323.3112910112377,3412.078560539118,3258414,TCS.NS
2022-01-25,3349.790283203125,3384.888487297155,3307.4059130384235,3349.434945125185,3330501,TCS.NS
2022-01-27,3242.585205078125,3317.3576181352228,3221.1265173905385,3315.225155894084,5718297,TCS.NS
2022-01-28,3278.83935546875,3314.159706861077,3239.6981428031263,3239.6981428031263,3143862,TCS.NS
2022-01-31,3319.890625,3339.2168534626967,3306.6953891380213,3331.2197934091673,2739393,TCS.NS
2022-02-01,3377.11376953125,3383.644788341221,3320.02364934981,3349.879425432354,2105169,TCS.NS
2022-02-02,3426.472900390625,3433.4037276998192,3377.113235607915,3401.3265512341627,1984212,TCS.NS
2022-02-03,3398.394775390625,3449.842435432575,3390.7975258678207,3421.8527286158005,1960538,TCS.NS
2022-02-04,3389.775634765625,3398.483587159522,3348.990719148999,3390.1311897835267,2307366,TCS.NS
2022-02-07,3357.876708984375,3404.7928386994317,3337.572975002385,3368.539455877154,1919149,TCS.NS
2022-02-08,3326.288330078125,3376.2699569216525,3306.3401508402926,3369.0282613170925,2946443,TCS.NS
2022-02-09,3341.482666015625,3356.9435617136155,3328.642985453299,3332.1082913026003,1638721,TCS.NS
2022-02-10,3350.190673828125,3367.4731657279976,3339.2168435690846,3367.4731657279976,2112459,TCS.NS
2022-02-11,3283.19287109375,3334.3296693022535,3278.794531572369,3334.3296693022535,3851488,TCS.NS
2022-02-14,3317.6689453125,3370.538393520359,3296.565594137094,3309.005464303649,5951745,TCS.NS
2022-02-15,3392.352783203125,3407.63600953311,3330.331098756218,3364.096462084056,3931683,TCS.NS
2022-02-16,3388.17626953125,3424.607316053256,3381.8673917745273,3415.6327519656547,3256906,TCS.NS
2022-02-17,3362.496826171875,3407.6358265307354,3357.8763464040803,3398.750205079547,3134372,TCS.NS
2022-02-18,3371.115966796875,3390.708806246124,3338.8613332210016,3348.9908552959514,3688883,TCS.NS
2022-02-21,3304.91748046875,3401.237733307342,3292.6110266892365,3385.4212860121215,7465922,TCS.NS
2022-02-22,3186.7392578125,3259.157074169786,3172.1669250983023,3243.2518982097486,5408531,TCS.NS
2022-02-23,3166.65771484375,3219.1716057796148,3159.415803432267,3208.5978033646575,2426203,TCS.NS
2022-02-24,3022.577392578125,3095.617375865612,3013.203235313269,3086.8649517934127,5039136,TCS.NS
2022-02-25,3128.4052734375,3136.6244735452315,3076.20224572623,3081.533618769083,2549723,TCS.NS
2022-02-28,3158.12744140625,3166.6132530334003,3070.7817416818107,3101.081796727202,3288942,TCS.NS
2022-03-02,3150.974609375,3173.8995564350007,3115.2989255099646,3156.617065851155,2761341,TCS.NS
2022-03-03,3149.419677734375,3179.8086775840598,3136.713412213718,3165.813823365856,1928039,TCS.NS
2022-03-04,3131.604248046875,3164.347634660531,3098.4608348995284,3111.3005151866846,2370257,TCS.NS
2022-03-07,3096.5498046875,3152.6181568779925,3049.145149428159,3065.5390758819262,3054130,TCS.NS
2022-03-08,3198.779296875,3206.8208277906424,3074.4250662664513,3074.4250662664513,3300992,TCS.NS
2022-03-09,3227.79052734375,3246.805668073335,3196.202103688731,3203.2661284631563,2719654,TCS.NS
2022-03-10,3217.439453125,3273.46334667686,3212.152551095779,3273.46334667686,2005441,TCS.NS
2022-03-11,3198.068359375,3234.2330122460926,3192.4705914053425,3201.7115509453934,1623423,TCS.NS
2022-03-14,3237.0322265625,3241.786121299952,3181.052805680414,3181.052805680414,1765688,TCS.NS
2022-03-15,3193.40380859375,3251.2492982969325,3185.8510294094035,3251.2492982969325,3651133,TCS.NS
2022-03-16,3248.493896484375,3259.245584012251,3213.2624981418494,3234.8101277526175,3090475,TCS.NS
2022-03-17,3263.466552734375,3296.565491973189,3252.4039976373524,3284.6588462421337,3600452,TCS.NS
2022-03-21,3222.54833984375,3300.075388245015,3212.1522059664503,3284.1257408719225,2413831,TCS.NS
2022-03-22,3288.523681640625,3297.4537736464545,3221.037437205173,3234.365867979815,2907611,TCS.NS
2022-03-23,3298.697998046875,3314.15910942593,3278.79429290694,3294.7884114089247,1596195,TCS.NS
2022-03-24,3331.974853515625,3339.3942172821903,3283.2371329817483,3287.6799437165005,1879046,TCS.NS
2022-03-25,3294.299560546875,3358.320504138264,3262.800077046092,3340.904599959908,1690133,TCS.NS
2022-03-28,3294.52197265625,3299.2313956274616,3253.203831019655,3283.2372762842633,1760990,TCS.NS
2022-03-29,3292.43408203125,3307.228556100982,3279.6831275036875,3283.0152358017476,2689063,TCS.NS
2022-03-30,3315.71435546875,3321.445538331854,3293.189216689556,3321.445538331854,1583455,TCS.NS
2022-03-31,3323.177978515625,3336.2397987692148,3305.628876005545,3323.222450010069,2168110,TCS.NS
2022-04-01,3339.883544921875,3343.6599346966455,3312.604725700365,3330.331500197456,1387014,TCS.NS
2022-04-04,3350.190673828125,3358.7652125309046,3320.6459798290102,3342.7710924712337,1472994,TCS.NS
2022-04-05,3389.68701171875,3408.1691482536567,3351.656507431064,3351.656507431064,2314947,TCS.NS
2022-04-06,3336.86181640625,3384.7996989953504,3315.3584397335258,3384.7996989953504,2051729,TCS.NS
2022-04-07,3273.595947265625,3328.1093184300516,3269.0199392615564,3328.1093184300516,2494829,TCS.NS
2022-04-08,3274.9287109375,3292.1224737888224,3236.5873443389437,3278.7940427208514,2296773,TCS.NS
2022-04-11,3284.481201171875,3298.6539416877777,3248.672318365914,3278.794489914239,2291660,TCS.NS
2022-04-12,3279.77197265625,3322.3340146067667,3241.7859391915695,3272.5745321735017,4483476,TCS.NS
2022-04-13,3253.8701171875,3296.432374272563,3248.1834062092184,3293.89988537501,1621672,TCS.NS
2022-04-18,3134.891845703125,3207.7094730408703,3129.960282212317,3207.7094730408703,3820792,TCS.NS
2022-04-19,3084.999267578125,3166.4361300253568,3055.89885314942,3154.3960678443605,3170014,TCS.NS
2022-04-20,3160.43798828125,3171.4116009849918,3092.196369835976,3109.96761334078,2640370,TCS.NS
2022-04-21,3224.281005859375,3237.9205218344946,3169.856573377936,3181.0525434049096,2280996,TCS.NS
2022-04-22,3209.975341796875,3213.929400104954,3173.4998209772857,3182.0301046657846,1581465,TCS.NS
2022-04-25,3152.79638671875,3184.606957189106,3139.3792275227693,3161.504339754141,1960694,TCS.NS
2022-04-26,3151.108154296875,3188.0722114341042,3126.094998356819,3176.743043452235,1943469,TCS.NS
2022-04-27,3164.34765625,3170.7897321857427,3115.5656783516138,3150.841554226717,1727648,TCS.NS
2022-04-28,3184.87353515625,3202.7335052062913,3143.7775334280645,3188.161171907679,1703660,TCS.NS
2022-04-29,3151.46337890625,3219.4828558444133,3142.7111717645585,3196.1580990746857,2051115,TCS.NS
2022-05-02,3147.642822265625,3152.5743861315545,3103.5257934019173,3127.6501716746743,1324161,TCS.NS
2022-05-04,3091.974609375,3150.3531080776697,3079.134927751278,3144.177643587452,2305825,TCS.NS
2022-05-05,3121.874755859375,3139.290664035557,3096.9507564301393,3120.7197983953106,1612262,TCS.NS
2022-05-06,3050.078369140625,3087.309034575563,3042.8809293147265,3073.536321944704,2010812,TCS.NS
2022-05-09,3061.185791015625,3070.87103244035,2973.8845528972033,3019.3344236783305,2481830,TCS.NS
2022-05-10,3055.543212890625,3078.6903011908057,3040.6597962956653,3051.32254251295,1622685,TCS.NS
2022-05-11,3031.774169921875,3064.1622181217003,3005.2505019723253,3052.211100141161,1841769,TCS.NS
2022-05-12,3028.79736328125,3065.2728838583857,2976.772221615572,3001.5630194609157,2807195,TCS.NS
2022-05-13,3034.350341796875,3056.564392197842,3005.249935771608,3052.2105250928867,2187823,TCS.NS
2022-05-16,3000.49658203125,3047.7680429845973,2991.4332918791674,3034.4396113097378,1195813,TCS.NS
2022-05-17,3066.961669921875,3080.645442338295,2977.038993125452,2994.454900686488,1754076,TCS.NS
2022-05-18,3064.472900390625,3105.524424503682,3059.3636685048177,3078.867562490775,1866781,TCS.NS
2022-05-19,2898.44482421875,3025.5536639730703,2870.055311199124,3018.445167846261,4642963,TCS.NS
2022-05-20,2926.034912109375,2944.605772697741,2905.6424558809776,2941.140467379906,3065125,TCS.NS
2022-05-23,2951.58154296875,2966.820298209671,2902.932761610268,2936.5204567843207,2293690,TCS.NS
2022-05-24,2921.59228515625,2954.3358864396305,2910.5742015114233,2945.716660226276,1711510,TCS.NS
2022-05-25,2833.613525390625,2945.6110559752246,2821.4478094645397,2945.6110559752246,3548046,TCS.NS
2022-05-26,2886.65966796875,2899.675376224117,2845.152756265719,2854.5007328493466,2813186,TCS.NS
2022-05-27,2917.387939453125,2933.1318451391644,2888.672876025808,2910.1420170120946,3103153,TCS.NS
2022-05-30,3019.3212890625,3029.474490006565,2939.796107893087,2949.3229509041,2094624,TCS.NS
2022-05-31,3009.571044921875,3026.612000510551,2974.3705125505267,3000.446485475332,4840965,TCS.NS
2022-06-01,3001.38623046875,3030.7274370567666,2987.8339209345313,3030.7274370567666,1493835,TCS.NS
2022-06-02,3062.036376953125,3070.0873052010297,2993.424621008395,3001.2071413022886,2657939,TCS.NS
2022-06-03,3077.3779296875,3110.6105050464353,3069.37177211008,3094.5979714961795,1913622,TCS.NS
2022-06-06,3069.148193359375,3088.8730125748843,3021.0214864667005,3057.5638450567494,1084210,TCS.NS
2022-06-07,3008.0947265625,3058.323697921214,3002.1013022067764,3042.400709313866,2308256,TCS.NS
2022-06-08,3045.17431640625,3053.940927115839,2993.6037313859933,3023.7051726580758,2185707,TCS.NS
2022-06-09,3065.7041015625,3074.5600352543865,2999.507580582336,3028.043561052109,1279197,TCS.NS
2022-06-10,3005.58984375,3035.199451248533,2998.5230063616514,3025.359429449614,1527582,TCS.NS
2022-06-13,2880.085205078125,2945.7449039172147,2855.798109527881,2943.061261429589,3030921,TCS.NS
2022-06-14,2871.990234375,2897.3505312725847,2839.920611162703,2853.6072349971064,2611493,TCS.NS
2022-06-15,2868.18798828125,2892.966912903787,2863.4468423639523,2879.101425225986,1404536,TCS.NS
2022-06-16,2810.66845703125,2902.6727617050265,2802.6622999813585,2898.3341186445737,2032028,TCS.NS
2022-06-17,2763.168212890625,2789.8705482213513,2704.9780616232238,2765.94139802819,5240434,TCS.NS
2022-06-20,2784.189697265625,2807.7611124816544,2745.3664210931734,2767.7301097628797,1502769,TCS.NS
2022-06-21,2873.2421875,2896.321559800145,2795.8190472258425,2799.934053640477,2964461,TCS.NS
2022-06-22,2883.08251953125,2907.772123867537,2847.3453819322376,2862.4631509845726,3336315,TCS.NS
2022-06-23,2959.87890625,2968.108699833873,2883.0819135631095,2883.0819135631095,3692578,TCS.NS
2022-06-24,2945.83447265625,2992.2614007537363,2931.879444236284,2986.894115729963,2132118,TCS.NS
2022-06-27,2965.15673828125,3008.2738867735548,2957.821492005862,2996.734310666759,2037686,TCS.NS
2022-06-28,2968.24267578125,2978.8431509287448,2927.49621220182,2958.2685585950026,1400046,TCS.NS
2022-06-29,2943.5087890625,2981.5270609163695,2926.065111388372,2926.065111388372,2133994,TCS.NS
2022-06-30,2922.57666015625,2961.7576717790407,2911.752546434991,2926.959856201318,2719603,TCS.NS
2022-07-01,2965.514892578125,2981.5272075648168,2909.1136216452282,2916.225231521543,1502879,TCS.NS
2022-07-04,2893.90625,2968.0641585009434,2884.9607740218207,2962.7416439730086,2622535,TCS.NS
2022-07-05,2877.13330078125,2926.9595551529096,2868.7691939118813,2911.752246950709,2170627,TCS.NS
2022-07-06,2916.895751953125,2923.8284950575144,2864.564723358704,2879.101120190488,2182144,TCS.NS
2022-07-07,2941.13818359375,2969.3609834462977,2920.7424562325778,2926.064970356502,1989921,TCS.NS
2022-07-08,2921.099853515625,2956.479247953109,2907.279139439517,2952.0065108155095,2136916,TCS.NS
2022-07-11,2785.4423828125,2884.9160330481313,2778.4648677976734,2868.0537232952515,6974600,TCS.NS
2022-07-12,2759.4111328125,2805.4803374642706,2755.430439390607,2786.4264285602785,3734815,TCS.NS
2022-07-13,2718.306884765625,2782.0434098300598,2714.9523308148655,2776.6761235088443,3863530,TCS.NS
2022-07-14,2689.605224609375,2741.8501614442216,2661.128370626433,2740.9532526573576,4764908,TCS.NS
2022-07-15,2685.8837890625,2716.6475927003444,2648.572286933789,2707.364715898682,4574806,TCS.NS
2022-07-18,2747.6806640625,2759.7440460659423,2703.5527859793337,2711.3558503218337,3202795,TCS.NS
2022-07-19,2757.322265625,2761.5376937826195,2717.6789348920574,2717.6789348920574,1865074,TCS.NS
2022-07-20,2838.536865234375,2844.9496752294567,2778.6682059727723,2787.413066314355,3402251,TCS.NS
2022-07-21,2849.748779296875,2855.7580253170745,2819.92655745586,2840.5105735487355,2420640,TCS.NS
2022-07-22,2844.097900390625,2867.417529974402,2819.4329075616306,2856.6546240126586,2075886,TCS.NS
2022-07-25,2840.28564453125,2857.954702243871,2824.4552934601734,2838.7160542958572,1797504,TCS.NS
2022-07-26,2794.678466796875,2842.2146404168366,2777.27852102286,2838.4476666790706,2639367,TCS.NS
2022-07-27,2860.107666015625,2864.816437135854,2789.3863207449663,2793.870864668994,1389808,TCS.NS
2022-07-28,2924.37109375,2927.5102744977767,2871.587924159354,2884.4586528139857,2106333,TCS.NS
2022-07-29,2961.5029296875,2975.3154558936158,2937.376171773738,2950.829803094839,2430257,TCS.NS
2022-08-01,2958.7236328125,2984.016424355299,2933.78951730273,2984.016424355299,1306913,TCS.NS
2022-08-02,2952.44482421875,2971.369471032021,2934.3719781124923,2950.830344369699,1269114,TCS.NS
2022-08-03,2995.22705078125,3003.747684703221,2939.2151378990916,2941.8609751646954,2895824,TCS.NS
2022-08-04,3009.084228515625,3038.6373306019964,2966.39149968863,3004.64457361168,2150567,TCS.NS
2022-08-05,3018.143310546875,3028.861328010929,3009.129332388708,3014.6901237242273,1106933,TCS.NS
2022-08-08,3026.573974609375,3030.56517513093,2992.087873696429,3018.098229912615,1068836,TCS.NS
2022-08-10,3008.456298828125,3036.036244028681,2991.190804678183,3036.036244028681,1878359,TCS.NS
2022-08-11,3069.670166015625,3075.2309564153497,3027.1118900503357,3049.489719343499,1449248,TCS.NS
2022-08-12,3050.88037109375,3066.5313868784974,3032.6730774737994,3066.5313868784974,1472354,TCS.NS
2022-08-16,3042.942626953125,3062.8092894639904,3038.278744703972,3059.3561027853134,839942,TCS.NS
2022-08-17,3050.47705078125,3065.589834875391,3023.56978286917,3036.126507894807,1622326,TCS.NS
2022-08-18,3032.67333984375,3042.3151109057303,3015.407842825786,3040.521293033734,1430659,TCS.NS
2022-08-19,3036.708984375,3068.7734741310087,3023.7038067117237,3037.830120380455,1398410,TCS.NS
2022-08-22,3008.7255859375,3035.22928589152,3002.3125563634576,3018.0982394990715,1536532,TCS.NS
2022-08-23,2945.986328125,2997.379020140707,2932.8913738517863,2977.691918474511,1849256,TCS.NS
2022-08-24,2919.752197265625,2966.974358766676,2915.132985487199,2952.6238177327377,1691923,TCS.NS
2022-08-25,2886.4326171875,2940.2022701260275,2883.3383248062646,2938.2740032865145,1946930,TCS.NS
2022-08-26,2890.02001953125,2921.2324952677013,2885.1767987152125,2900.8727055826316,1457962,TCS.NS
2022-08-29,2809.611572265625,2818.7151085660375,2763.375882019418,2802.8398673517304,2539173,TCS.NS
2022-08-30,2880.1083984375,2893.87603511629,2818.1770254281655,2829.747060527474,3431525,TCS.NS
2022-09-01,2808.849853515625,2861.139691675106,2799.2529710714753,2861.139691675106,3546935,TCS.NS
2022-09-02,2807.683837890625,2836.923158794826,2798.6251883999794,2836.923158794826,2052900,TCS.NS
2022-09-05,2810.37451171875,2823.424581178521,2791.404974371233,2801.62964915947,2147912,TCS.NS
2022-09-06,2804.67919921875,2817.0565866260768,2786.113227593717,2812.258036114902,1936453,TCS.NS
2022-09-07,2824.904052734375,2835.935855830716,2782.211106134661,2782.211106134661,1291534,TCS.NS
2022-09-08,2842.886962890625,2855.3092376764303,2834.3216588095115,2843.2009685673893,1346113,TCS.NS
2022-09-09,2885.938720703125,2900.1548137963414,2841.8557375950854,2865.623822507905,1561185,TCS.NS
2022-09-12,2908.630126953125,2932.7122139820603,2892.5306590174614,2905.8945115277447,1785928,TCS.NS
2022-09-13,2896.4326171875,2927.017076901439,2892.530976189004,2927.017076901439,1972678,TCS.NS
2022-09-14,2798.7138671875,2817.548950205799,2792.7944010505757,2811.8088220175355,5090269,TCS.NS
2022-09-15,2784.31884765625,2814.275513199802,2780.417206890092,2807.324470182577,2138023,TCS.NS
2022-09-16,2698.52978515625,2775.350164437028,2690.726721458401,2758.8917984020136,5322221,TCS.NS
2022-09-19,2716.5576171875,2728.3967704245497,2679.784353680792,2723.015317228446,2072220,TCS.NS
2022-09-20,2726.872314453125,2762.4346666011033,2717.63410850771,2735.5722874417543,1544295,TCS.NS
2022-09-21,2691.802734375,2727.85842551412,2689.0671186515897,2715.839934791707,2253818,TCS.NS
2022-09-22,2697.363525390625,2717.588863283786,2672.1605186728298,2681.7573993510473,2017983,TCS.NS
2022-09-23,2674.62744140625,2710.907365497516,2671.8918252496605,2694.3145495300373,2652374,TCS.NS
2022-09-26,2685.703857421875,2713.9118168201303,2624.445156215398,2654.715830856097,2925489,TCS.NS
2022-09-27,2706.377685546875,2713.1493914587795,2669.200855861596,2699.1575251901013,2227447,TCS.NS
2022-09-28,2722.701171875,2735.527011795521,2672.7882836301883,2672.7882836301883,2739767,TCS.NS
2022-09-29,2688.3046875,2740.8187395314417,2681.757209715352,2739.1593707259813,2493902,TCS.NS
2022-09-30,2694.807861328125,2708.395944492263,2645.9712122185083,2682.5202523624566,2817353,TCS.NS
2022-10-03,2677.22802734375,2709.292518723233,2667.406919233083,2686.2420050783735,1763331,TCS.NS
2022-10-04,2772.480224609375,2778.624138974122,2711.355962594826,2717.5894364782553,2145875,TCS.NS
2022-10-06,2782.16650390625,2801.94338884146,2773.6458694011303,2790.2835732028752,1790816,TCS.NS
2022-10-07,2748.935791015625,2784.901922759827,2742.8369861368456,2778.085328049343,1939879,TCS.NS
2022-10-10,2797.055419921875,2804.6342566739895,2695.2113659435045,2699.695910645574,3064063,TCS.NS
2022-10-11,2753.1064453125,2820.7781703423966,2738.5765665760173,2780.417274423348,4730645,TCS.NS
2022-10-12,2781.090576171875,2789.297205916645,2746.3802417358793,2766.874480961619,1665247,TCS.NS
2022-10-13,2783.377197265625,2789.386442591945,2737.679736477988,2781.090035970088,2054781,TCS.NS
2022-10-14,2779.655029296875,2825.262932800845,2754.407132263935,2820.778388463066,2245977,TCS.NS
2022-10-17,2798.178955078125,2813.15104677649,2761.9399421370213,2763.0189742303005,1517005,TCS.NS
2022-10-18,2827.808837890625,2837.3857701324823,2813.2863596612765,2832.5748013053026,1793722,TCS.NS
2022-10-19,2807.26171875,2840.668030854225,2798.404213997578,2840.668030854225,1194289,TCS.NS
2022-10-20,2839.139404296875,2841.567281800818,2792.109623415044,2792.109623415044,1587601,TCS.NS
2022-10-21,2821.244140625,2841.9264308188326,2811.8922363527845,2839.5885645200665,1021913,TCS.NS
2022-10-24,2843.095703125,2857.753197352684,2837.0709054901563,2850.6493675283837,260949,TCS.NS
2022-10-25,2843.45556640625,2863.373425161377,2833.6088212517743,2860.0013123108297,2069643,TCS.NS
2022-10-27,2839.22900390625,2854.1563112448976,2818.501925922069,2842.1965071167756,2438421,TCS.NS
2022-10-28,2844.489990234375,2858.2032510740414,2828.0790387377256,2832.575189832698,1355739,TCS.NS
2022-10-31,2871.37646484375,2876.637048668789,2857.5734147297503,2876.637048668789,1919414,TCS.NS
2022-11-01,2931.219970703125,2933.827869411688,2880.638283485939,2890.5748188380967,2991060,TCS.NS
2022-11-02,2915.0341796875,2940.482435498772,2897.364395986869,2940.482435498772,1405955,TCS.NS
2022-11-03,2883.6064453125,2902.760092489939,2873.0404904571415,2902.760092489939,1422652,TCS.NS
2022-11-04,2893.1826171875,2895.565708495487,2847.097078046765,2892.8230129901267,1464013,TCS.NS
2022-11-07,2907.840087890625,2916.023168933433,2873.1299406493004,2903.6137506809055,1474498,TCS.NS
2022-11-09,2891.968994140625,2922.318009880542,2879.0199490351015,2922.318009880542,1162267,TCS.NS
2022-11-10,2882.61669921875,2900.01688836437,2850.5592360046676,2850.5592360046676,1573092,TCS.NS
2022-11-11,2981.8017578125,3004.8671396793848,2927.038737099528,2940.1225778724047,3265394,TCS.NS
2022-11-14,2999.3818359375,3011.5214416293475,2975.5522395794296,2989.040690348149,1342074,TCS.NS
2022-11-15,2996.774169921875,3003.3833791047664,2960.26534186353,2986.3430134656087,1400708,TCS.NS
2022-11-16,3017.231689453125,3028.516851149373,2986.7476584957576,3002.439179238099,1748235,TCS.NS
2022-11-17,3011.521484375,3021.4130150791284,2983.420544874636,3003.4284137988952,1417986,TCS.NS
2022-11-18,3006.530517578125,3023.885700589663,2986.3428478650717,3012.420518021075,1164540,TCS.NS
2022-11-21,2952.62158203125,2997.7628822435213,2943.17966742448,2987.69155057068,1304194,TCS.NS
2022-11-22,2980.903076171875,2984.4999969339733,2927.2190777052792,2949.4750249207636,1149739,TCS.NS
2022-11-23,2974.923095703125,2994.436345699814,2959.366370479906,2994.436345699814,1150011,TCS.NS
2022-11-24,3039.5322265625,3051.042414583357,2974.9226821505467,2982.0715168131032,1296591,TCS.NS
2022-11-25,3048.0751953125,3060.394823210972,3010.6223497742653,3042.0954030126463,1588981,TCS.NS
2022-11-28,3053.1103515625,3072.6686021026617,3026.4032671464033,3026.8078766981444,2195437,TCS.NS
2022-11-29,3054.9990234375,3083.459564145022,3042.094985565065,3042.094985565065,1576028,TCS.NS
2022-11-30,3049.109130859375,3070.780442157209,3034.9012529379065,3042.0950929448704,3410702,TCS.NS
2022-12-01,3125.4091796875,3129.3209186512586,3075.3671097089955,3079.863260454184,2180856,TCS.NS
2022-12-02,3092.587158203125,3119.3392540899144,3069.072378541606,3109.627744491306,2411749,TCS.NS
2022-12-05,3080.672119140625,3092.586917220595,3063.6767591287817,3087.0567402668353,1475065,TCS.NS
2022-12-06,3044.208740234375,3064.53120899408,3028.6070100128413,3057.427378941616,1166999,TCS.NS
2022-12-07,3039.937255859375,3051.717038027653,3016.017648233855,3028.8766821146633,1167505,TCS.NS
2022-12-08,3012.9150390625,3039.9369437406544,3002.93349851656,3021.4127184253575,1285619,TCS.NS
2022-12-09,2960.940185546875,3034.0926487610736,2946.1928983587636,3034.0926487610736,1797896,TCS.NS
2022-12-12,2955.2744140625,2963.8621045413224,2909.99831491075,2927.443289239768,1527610,TCS.NS
2022-12-13,2996.32470703125,3000.2362262470147,2938.5041676355268,2946.9568427685667,1378016,TCS.NS
2022-12-14,3026.2236328125,3036.699574027997,3004.237284666107,3011.3413330711587,1213311,TCS.NS
2022-12-15,2972.045166015625,3025.684147794048,2966.5147697828043,3020.333773192401,1415694,TCS.NS
2022-12-16,2913.730224609375,2960.2653805768264,2900.1967681932483,2944.9784694377604,2703680,TCS.NS
2022-12-19,2879.3798828125,2918.4513880687246,2872.590651420595,2901.815630657148,2120965,TCS.NS
2022-12-20,2917.056884765625,2921.5980398155552,2844.8486775469905,2876.546532549606,1529971,TCS.NS
2022-12-21,2939.1787109375,2952.217547936148,2913.505646594509,2921.5987178350492,1432566,TCS.NS
2022-12-22,2931.219970703125,2962.0636034383856,2918.091344499675,2962.0636034383856,1384101,TCS.NS
2022-12-23,2903.029296875,2937.6496523348455,2892.822948424004,2892.822948424004,1360281,TCS.NS
2022-12-26,2925.105224609375,2942.280605691526,2900.061800443613,2903.029303397411,870157,TCS.NS
2022-12-27,2931.040283203125,2943.8993165416755,2905.861842359533,2939.762770587653,835883,TCS.NS
2022-12-28,2928.882080078125,2936.97514996556,2900.9159396516716,2922.3176572617135,910795,TCS.NS
2022-12-29,2939.3583984375,2941.8312812201243,2902.714771749522,2905.5024728835565,1037927,TCS.NS
2022-12-30,2928.522705078125,2966.5601832850143,2919.0807887627284,2954.915197070413,1163131,TCS.NS
2023-01-02,2932.794189453125,2937.650164086702,2909.189397527533,2932.3895797849805,709547,TCS.NS
2023-01-03,2977.665771484375,2985.4440242743467,2918.271577635895,2924.2963755843903,1245178,TCS.NS
2023-01-04,2980.632568359375,2992.052964747602,2955.049519310616,2973.4837339189708,1231668,TCS.NS
2023-01-05,2977.44091796875,3001.00070304536,2951.228228425236,2994.6160814211885,1826057,TCS.NS
2023-01-06,2887.9228515625,2968.853571211557,2877.5366986331455,2967.4597204654315,2488376,TCS.NS
2023-01-09,2985.398681640625,2991.7382972331907,2896.5547111423953,2903.613754663653,2885060,TCS.NS
2023-01-10,2955.229248046875,2965.6604033817757,2904.6027770099295,2953.970413920295,3864655,TCS.NS
2023-01-11,2993.26708984375,3011.9711192058594,2941.5163554119845,2958.556940867891,2720512,TCS.NS
2023-01-12,2998.34765625,3012.420518018747,2981.4420882411646,2993.5366879057938,2250391,TCS.NS
2023-01-13,3034.496826171875,3038.4983560091237,2971.9553319355296,3006.0360632064353,1742837,TCS.NS
2023-01-16,3066.225830078125,3083.6535317955436,3033.1177098441135,3050.5454115615325,1843607,TCS.NS
2023-01-17,3107.0126953125,3110.139707684702,3054.2237329495765,3062.5007620361607,1688475,TCS.NS
2023-01-18,3117.68115234375,3135.1088531125965,3101.3570106168763,3108.4844527793143,2421189,TCS.NS
2023-01-19,3102.138671875,3114.9219938480996,3091.0105761214827,3108.4843044601644,1585044,TCS.NS
2023-01-20,3092.942138671875,3121.9575463467286,3086.0446139576375,3094.689421787962,1529349,TCS.NS
2023-01-23,3140.580810546875,3144.35154713911,3086.044562341497,3115.8417787971057,1067916,TCS.NS
2023-01-24,3160.261962890625,3174.6547081099407,3142.7882334602164,3149.869647323622,1387863,TCS.NS
2023-01-25,3154.23779296875,3159.0660598724853,3131.4759632797122,3150.1453068799115,874110,TCS.NS
2023-01-27,3137.040283203125,3169.1827036169857,3110.599771674109,3150.789304292453,1785879,TCS.NS
2023-01-30,3157.82470703125,3180.632567224445,3113.5887161305623,3145.271301734969,1953798,TCS.NS
2023-01-31,3088.8955078125,3171.9417516673952,3081.8140938931406,3171.9417516673952,2820375,TCS.NS
2023-02-01,3134.556884765625,3144.351279049428,3085.492407490737,3092.8497664355737,2205161,TCS.NS
2023-02-02,3182.426025390625,3190.3352773194592,3145.3635034639556,3151.7091367465514,1813847,TCS.NS
2023-02-03,3202.566162109375,3222.5229516932764,3175.527735502913,3222.5229516932764,1804469,TCS.NS
2023-02-06,3182.01171875,3194.151316116606,3160.767479490634,3194.151316116606,1138714,TCS.NS
2023-02-07,3193.60009765625,3212.407304216629,3183.345642457426,3190.2431674450086,1455647,TCS.NS
2023-02-08,3237.330078125,3255.5393623719233,3198.6579142429127,3198.6579142429127,1986946,TCS.NS
2023-02-09,3256.413330078125,3262.6211020458163,3223.71901947586,3232.6397728051547,1655427,TCS.NS
2023-02-10,3253.37841796875,3257.7928785550507,3226.339987208153,3237.238165731009,1187821,TCS.NS
2023-02-13,3202.657958984375,3263.9080562762947,3194.380930946481,3263.9080562762947,1087939,TCS.NS
2023-02-14,3218.936767578125,3241.6985980328905,3214.246361188052,3223.4430603616947,1579818,TCS.NS
2023-02-15,3237.8359375,3242.756261571135,3182.1959052183624,3206.889133323468,1429449,TCS.NS
2023-02-16,3272.23095703125,3287.819314188577,3243.6751667533176,3243.8590557952157,1618931,TCS.NS
2023-02-17,3219.90185546875,3254.619390688415,3209.6476269306054,3242.893600647336,1061369,TCS.NS
2023-02-20,3207.165283203125,3239.07778776799,3195.8993255369815,3220.684387496735,1296082,TCS.NS
2023-02-21,3173.78076171875,3227.029558057199,3168.0328249581758,3213.326566631502,1139541,TCS.NS
2023-02-22,3128.30322265625,3170.1021750983955,3122.2793398488698,3140.6267096205747,1218430,TCS.NS
2023-02-23,3139.569091796875,3175.068214566864,3134.2349615691996,3146.1906700493637,1441570,TCS.NS
2023-02-24,3127.291015625,3158.099952832658,3110.5990991583217,3147.569778901761,977592,TCS.NS
2023-02-27,3064.2021484375,3117.6808616060457,3049.6252911757074,3117.6808616060457,1128022,TCS.NS
2023-02-28,3046.728759765625,3119.52054831469,3034.8188539926205,3061.121505031087,4116217,TCS.NS
2023-03-01,3113.72607421875,3116.761029539812,3048.7054626510703,3056.062821233637,1669307,TCS.NS
2023-03-02,3054.637451171875,3099.195411560482,3051.464635019518,3091.0104395119347,1556538,TCS.NS
2023-03-03,3073.6748046875,3088.2516630694918,3063.5126314585646,3084.5729833040723,1043190,TCS.NS
2023-03-06,3100.989013671875,3131.429952365279,3089.1711657538017,3091.838118627816,1334132,TCS.NS
2023-03-08,3118.048583984375,3123.1988249795963,3063.2824237877426,3093.769389644099,1844590,TCS.NS
2023-03-09,3068.801025390625,3113.083047465499,3063.283005217865,3113.083047465499,1648500,TCS.NS
2023-03-10,3063.420654296875,3069.16859157978,3025.7141857210204,3046.774538114063,1024404,TCS.NS
2023-03-13,3018.310546875,3099.1036364238453,3009.159876386488,3065.25973960763,1901233,TCS.NS
2023-03-14,2956.692626953125,3038.9570525672148,2951.5884142286423,3016.517197373872,2670334,TCS.NS
2023-03-15,2941.931884765625,2998.4457784271503,2935.5862524149616,2988.927105372376,1780522,TCS.NS
2023-03-16,2929.1484375,2961.1529928060677,2917.1927295918367,2950.300843799058,1901060,TCS.NS
2023-03-17,2923.906494140625,2962.6244613680587,2891.4421024736353,2897.419956693126,6739966,TCS.NS
2023-03-20,2890.798583984375,2915.0317523258964,2846.424509123387,2915.0317523258964,2289468,TCS.NS
2023-03-21,2856.5869140625,2903.168107097095,2848.631634298453,2890.798591207588,1815297,TCS.NS
2023-03-22,2879.302490234375,2890.9822527438723,2856.5866892222766,2878.6127378279625,1123939,TCS.NS
2023-03-23,2873.646240234375,2893.6032551387784,2851.896138598652,2864.679459405179,1372218,TCS.NS
2023-03-24,2869.830078125,2915.3537406365167,2856.4948638539495,2895.9486148857454,1329577,TCS.NS
2023-03-27,2871.485107421875,2899.489008374501,2856.4944445361034,2883.164869163131,1524217,TCS.NS
2023-03-28,2865.599609375,2896.546639011127,2860.3115069743058,2875.808035994818,1303530,TCS.NS
2023-03-29,2886.751953125,2896.960379511943,2854.7476180791455,2877.6473103151966,1740616,TCS.NS
2023-03-31,2948.36962890625,2954.8993749774395,2898.7995113379675,2933.7009389751283,2382581,TCS.NS
2023-04-03,2942.944091796875,2965.8898141068407,2918.8027535438537,2965.8898141068407,1521830,TCS.NS
2023-04-05,2979.546630859375,3002.124572143045,2929.608509647277,2929.608509647277,2655065,TCS.NS
2023-04-06,2961.980712890625,2995.686748428594,2956.738639524129,2965.935338247377,1703464,TCS.NS
2023-04-10,3001.2509765625,3009.1602283433854,2956.7390385464496,2961.337388528637,2203187,TCS.NS
2023-04-11,2955.63525390625,3010.033640232757,2935.7242652855402,3001.8026392985266,2348779,TCS.NS
2023-04-12,2981.248046875,2998.997722073373,2942.0242127497345,2968.6486132828945,2417727,TCS.NS
2023-04-13,2932.689453125,2970.5337797333086,2924.550284690997,2952.140381716384,4174070,TCS.NS
2023-04-17,2887.30419921875,2909.2842241902513,2823.617046552434,2882.33807062742,5505048,TCS.NS
2023-04-18,2879.2568359375,2903.260312610947,2860.725575355622,2901.512804903714,2617302,TCS.NS
2023-04-19,2841.41259765625,2887.7638770819635,2824.766480400398,2879.256929354891,3298034,TCS.NS
2023-04-20,2855.391357421875,2862.9326062428067,2830.744157409367,2841.7801970094033,2419999,TCS.NS
2023-04-21,2906.938720703125,2910.2493976571473,2851.7124977803655,2860.173416034582,1929184,TCS.NS
2023-04-24,2919.768310546875,2925.4241911378012,2875.0262311012816,2897.9721768285667,1640676,TCS.NS
2023-04-25,2920.871826171875,2934.8507648170635,2894.6612320138465,2927.309515965075,2024090,TCS.NS
2023-04-26,2941.2421875,2950.6688039321384,2925.469938598228,2925.469938598228,2000029,TCS.NS
2023-04-27,2931.86181640625,2942.2081034997614,2915.951481125579,2929.1488349186,2434446,TCS.NS
2023-04-28,2960.647216796875,2968.0045757265557,2939.4948098740424,2943.311350007304,2931312,TCS.NS
2023-05-02,2960.784912109375,2975.1318510325054,2952.1401056613113,2975.1318510325054,2321159,TCS.NS
2023-05-03,2924.458251953125,2957.658425458373,2918.2504800713327,2957.658425458373,2468285,TCS.NS
2023-05-04,2961.980712890625,2965.429474911843,2922.710854248113,2924.6880546621,1953253,TCS.NS
2023-05-05,2971.177734375,2983.409389911408,2952.186639259988,2961.3373105779083,1710027,TCS.NS
2023-05-08,2989.47900390625,2993.387600899083,2971.7293303036295,2984.3287627630057,928235,TCS.NS
2023-05-09,3019.50634765625,3033.071479348302,2985.248642196661,2991.3185536466567,1107375,TCS.NS
2023-05-10,3022.771240234375,3040.888693365604,3003.6880887487146,3025.714139172187,1559987,TCS.NS
2023-05-11,3018.494384765625,3043.8313346801706,3009.1598253633715,3043.1876106746317,1719623,TCS.NS
2023-05-12,3011.275146484375,3025.7139187593248,2998.1238222356833,3015.7354107050955,1027479,TCS.NS
2023-05-15,2993.57177734375,3027.553537790775,2987.41003345753,3020.196178039157,1150390,TCS.NS
2023-05-16,2996.42236328125,3021.115589647415,2989.3409500316684,2994.6290519009144,986306,TCS.NS
2023-05-17,2950.94482421875,3016.517334349857,2941.3343184708624,2994.39922789193,1588815,TCS.NS
2023-05-18,2942.8056640625,2969.567922023238,2938.345175471324,2966.8089124688054,1369364,TCS.NS
2023-05-19,2963.958251953125,2974.6723165667154,2945.748742874228,2952.1404038272244,1152449,TCS.NS
2023-05-22,3033.715087890625,3042.6818695151333,2958.6241295338236,2970.533809965233,1333243,TCS.NS
2023-05-23,3032.197509765625,3060.615218187134,3025.805849243565,3040.4285099791427,1687418,TCS.NS
2023-05-24,3037.99169921875,3050.7289928061655,3012.838637267653,3012.838637267653,1016555,TCS.NS
2023-05-25,3028.9326171875,3040.4284901842643,3004.6534232298413,3029.3924521073704,1374917,TCS.NS
2023-05-26,3061.489013671875,3070.455795118888,3026.6336145765354,3028.932789306539,1791115,TCS.NS
2023-05-29,3053.6259765625,3101.126836063768,3045.946643251246,3090.8265783111865,1210372,TCS.NS
2023-05-30,3049.8095703125,3059.6960226867827,3036.152605703449,3048.7060112322947,1344224,TCS.NS
2023-05-31,3025.254150390625,3060.3854958314014,3002.8600984079567,3043.1877135256354,5815424,TCS.NS
2023-06-01,3056.982666015625,3071.6973840229207,3032.611414316042,3047.7859672610653,1177314,TCS.NS
2023-06-02,3040.060791015625,3067.926608260491,3032.565346909803,3059.0518838880043,2030661,TCS.NS
2023-06-05,3024.7021484375,3059.741660328517,3021.1615541519814,3048.7056218782786,1861468,TCS.NS
2023-06-06,2972.648681640625,3024.656052725059,2961.8885900956143,3016.5168853418268,2022849,TCS.NS
2023-06-07,3011.826904296875,3015.45978007146,2980.6501840988403,2991.6862230402735,1567196,TCS.NS
2023-06-08,2976.4658203125,3007.3207926165123,2973.293003831555,2999.043762912063,1759366,TCS.NS
2023-06-09,2951.49658203125,2988.92710113042,2947.8639309217856,2984.3287517440654,1775689,TCS.NS
2023-06-12,2986.076171875,2992.9736962713932,2953.0601115757804,2956.7387912538566,2324605,TCS.NS
2023-06-13,2983.13330078125,3002.7223151549406,2978.81089702507,2998.123965514581,1371928,TCS.NS
2023-06-14,2989.892822265625,2994.3072826160305,2966.7171860869717,2983.1331588044936,1658544,TCS.NS
2023-06-15,2979.932861328125,3008.793544788029,2974.0958056287536,3006.8016396344283,2273810,TCS.NS
2023-06-16,2941.5751953125,2964.2746801787644,2924.064254609405,2962.0511476509087,4156189,TCS.NS
2023-06-19,2974.466064453125,2978.6353572818057,2941.6677180136153,2955.565360775884,1468186,TCS.NS
2023-06-20,2990.4951171875,2994.942408695361,2965.803725782431,2977.8019803702673,1528452,TCS.NS
2023-06-21,3018.75390625,3021.718692096379,2987.020948531467,3011.1565718315724,1645987,TCS.NS
2023-06-22,3000.50146484375,3027.509130331622,2992.7188743583506,3020.421422075228,1529603,TCS.NS
2023-06-23,2979.9794921875,3010.600456074895,2973.308441549502,2999.3898246945273,1119505,TCS.NS
2023-06-26,2955.241455078125,2977.7093143980414,2939.8151596740126,2969.4634688796755,1978803,TCS.NS
2023-06-27,2962.37548828125,2973.771375126299,2948.431473899292,2966.683667337439,863542,TCS.NS
2023-06-28,2979.14501953125,2993.5059172295346,2958.7154391788054,2972.242568780507,1575872,TCS.NS
2023-06-30,3059.566650390625,3066.7471005505245,2977.8949109868468,2983.3612277258876,2672406,TCS.NS
2023-07-03,3031.81787109375,3074.900574055646,3028.5287162730547,3070.731280220624,1687264,TCS.NS
2023-07-04,3065.68115234375,3071.379095480353,3036.4497313989273,3048.2163572037293,1656681,TCS.NS
2023-07-05,3075.9658203125,3084.350778301896,3062.114545595604,3076.0121910370362,1453008,TCS.NS
2023-07-06,3078.698486328125,3083.8406595588453,3059.334527255893,3063.5501909386862,1848238,TCS.NS
2023-07-07,3084.58251953125,3110.200423093998,3059.3351293811484,3059.3351293811484,1789326,TCS.NS
2023-07-10,3031.492919921875,3080.412670096129,3025.238980370586,3080.412670096129,1407431,TCS.NS
2023-07-11,3031.910400390625,3052.8496111162917,3021.163023063104,3052.8496111162917,1110172,TCS.NS
2023-07-12,3020.328369140625,3047.4287732769135,3011.2487565769347,3039.8314402630454,1515240,TCS.NS
2023-07-13,3095.052001953125,3119.9750222295534,3032.2345994922275,3042.657833544412,4585146,TCS.NS
2023-07-14,3256.356689453125,3265.8072677930727,3105.66000208669,3117.704626199795,6306101,TCS.NS
2023-07-17,3235.09375,3289.0165672292546,3221.520473895772,3252.0489220985337,2743228,TCS.NS
2023-07-18,3239.86474609375,3265.0193878447244,3210.3553288541348,3220.546933072719,2600090,TCS.NS
2023-07-19,3215.03466796875,3258.3953622895324,3192.427698113294,3242.7835851217083,2405370,TCS.NS
2023-07-20,3217.125244140625,3231.6162445859936,3191.812201185396,3207.650315621179,1715404,TCS.NS
2023-07-21,3128.87744140625,3190.743301408389,3120.2849419514946,3162.086290650304,3770223,TCS.NS
2023-07-24,3153.447265625,3170.818002760362,3132.407344389984,3140.6746314391708,1680132,TCS.NS
2023-07-25,3157.534912109375,3164.6412784954264,3139.9319425060908,3156.0022864819,1272980,TCS.NS
2023-07-26,3147.455810546875,3177.692164718962,3144.390332959445,3158.649328138262,1066803,TCS.NS
2023-07-27,3155.4443359375,3169.1458889102455,3144.4367836891192,3153.632989545926,1701769,TCS.NS
2023-07-28,3116.89453125,3152.4721721313763,3094.2289997510134,3144.3906226830322,2599831,TCS.NS
2023-07-31,3178.249755859375,3183.0800891327967,3122.0036670222876,3125.254883408398,2743678,TCS.NS
2023-08-01,3206.67431640625,3214.0591758025353,3172.2578281403635,3172.2578281403635,1956167,TCS.NS
2023-08-02,3196.08447265625,3201.4257559135945,3170.957399805504,3190.789680697638,1914899,TCS.NS
2023-08-03,3158.277587890625,3189.21063084712,3128.59867609207,3176.9024561267456,2026351,TCS.NS
2023-08-04,3198.77880859375,3224.277587720079,3159.485492720518,3159.485492720518,2248493,TCS.NS
2023-08-07,3236.399658203125,3240.068842182521,3196.641887374026,3208.4391110234615,1853889,TCS.NS
2023-08-08,3223.906005859375,3241.8804503952497,3210.901141336807,3236.399919632617,1634225,TCS.NS
2023-08-09,3216.381591796875,3220.561726717622,3181.5936254249154,3218.6109063732065,1794589,TCS.NS
2023-08-10,3197.431884765625,3218.6110545764855,3186.2383664939557,3204.770253471881,1096701,TCS.NS
2023-08-11,3203.65576171875,3220.236829119453,3171.3293364816013,3193.7163741820514,1679974,TCS.NS
2023-08-14,3204.631103515625,3209.4149453532923,3168.5425118958265,3196.1313591222456,1190425,TCS.NS
2023-08-16,3212.572998046875,3219.6328723246997,3191.0221251590224,3204.770170086617,1328445,TCS.NS
2023-08-17,3191.532958984375,3214.802421680767,3170.5857934276064,3209.414646959475,1843241,TCS.NS
2023-08-18,3127.7626953125,3167.6132225589963,3117.9160649616633,3167.6132225589963,2526749,TCS.NS
2023-08-21,3159.856689453125,3167.3810227911003,3132.3143364914113,3135.101093018539,1375579,TCS.NS
2023-08-22,3141.742919921875,3168.54232050071,3125.858543041599,3158.3242127535664,1222012,TCS.NS
2023-08-23,3156.69873046875,3160.1821764304236,3136.0302844294856,3147.1773115068418,1330046,TCS.NS
2023-08-24,3146.945068359375,3170.4467623713062,3137.9810915042904,3165.7556764722162,1152881,TCS.NS
2023-08-25,3140.953369140625,3145.133503987289,3112.110393341278,3135.1011349979294,1158046,TCS.NS
2023-08-28,3135.6123046875,3152.7508133982506,3121.2605527357937,3152.7508133982506,1037485,TCS.NS
2023-08-29,3136.169677734375,3148.617327956399,3125.812321973633,3140.721516741904,944517,TCS.NS
2023-08-30,3149.91748046875,3165.8485755841652,3142.579111915721,3156.4664040334264,1188200,TCS.NS
2023-08-31,3118.19482421875,3174.4871701530287,3105.9794053350392,3159.2529918099285,3417652,TCS.NS
2023-09-01,3139.0029296875,3148.106380926571,3118.1952355297863,3126.741244673602,1277950,TCS.NS
2023-09-04,3175.50927734375,3188.839354347761,3130.5032017453473,3137.888061684127,1828332,TCS.NS
2023-09-05,3185.588134765625,3201.9834627096716,3163.1081158549873,3176.902652296802,1501842,TCS.NS
2023-09-06,3186.098876953125,3199.103741686018,3156.5594370607423,3189.907535196781,1314818,TCS.NS
2023-09-07,3209.64697265625,3214.059337353484,3179.039140798069,3186.9349513089087,1885092,TCS.NS
2023-09-08,3197.245849609375,3218.703966769239,3190.8828912594386,3209.647007555386,1518917,TCS.NS
2023-09-11,3233.2412109375,3237.932296351562,3200.1253456084146,3215.9169656012573,1783604,TCS.NS
2023-09-12,3326.272705078125,3334.725730646849,3235.424395053453,3243.7846648081127,4476016,TCS.NS
2023-09-13,3314.243408203125,3333.750705221569,3293.01752049451,3317.262394646456,1754929,TCS.NS
2023-09-14,3306.99755859375,3341.9712621721756,3293.5747267257207,3316.286746985026,2604721,TCS.NS
2023-09-15,3342.529296875,3350.9360592171256,3309.227459872588,3314.243758565444,2952897,TCS.NS
2023-09-18,3349.821044921875,3362.0364654202117,3321.1175395324153,3325.5763959350998,1395753,TCS.NS
2023-09-20,3349.72802734375,3367.3309950501616,3325.52964476678,3325.52964476678,1649396,TCS.NS
2023-09-21,3330.453125,3348.7527827829417,3277.2260243157334,3333.472111558681,2004073,TCS.NS
2023-09-22,3347.498291015625,3375.4588388474685,3311.6421598212573,3329.2451265027385,1989083,TCS.NS
2023-09-25,3322.88232421875,3362.686591856432,3305.697323680257,3346.430510265966,1238778,TCS.NS
2023-09-26,3330.824462890625,3339.4169627375986,3284.6572387999286,3314.0111668297322,1726062,TCS.NS
2023-09-27,3334.16845703125,3357.1127071544365,3302.9566931122054,3334.8186548656413,1541134,TCS.NS
2023-09-28,3285.353515625,3346.70864678346,3276.6217697533466,3344.1076288258996,1755753,TCS.NS
2023-09-29,3277.783203125,3314.8004838838106,3256.371577894297,3285.7717693049917,2243791,TCS.NS
2023-10-03,3264.081787109375,3282.9851507659523,3232.7307740458355,3282.9851507659523,1948148,TCS.NS
2023-10-04,3286.282470703125,3295.803888362572,3230.1293748396547,3238.4896440040466,1788138,TCS.NS
2023-10-05,3334.21484375,3366.4017900176427,3298.7764548387318,3301.37747288154,2990768,TCS.NS
2023-10-06,3363.987060546875,3376.573957922691,3320.931802445196,3335.748014629831,2075691,TCS.NS
2023-10-09,3379.732177734375,3417.492640385133,3372.904533090084,3385.955889020274,4233074,TCS.NS
2023-10-10,3370.95361328125,3388.6960545006336,3345.362079715791,3381.311194805018,1848148,TCS.NS
2023-10-11,3353.304443359375,3390.554184152061,3348.7528311967617,3390.554184152061,2426417,TCS.NS
2023-10-12,3290.741943359375,3333.5649718150416,3286.608299299206,3320.8853185860926,4241281,TCS.NS
2023-10-13,3317.030029296875,3322.742789618248,3274.439008499951,3279.0836028382487,2890357,TCS.NS
2023-10-16,3273.556640625,3320.5598001135572,3268.958537503607,3312.5247424765194,1671104,TCS.NS
2023-10-17,3257.764892578125,3282.938457297201,3254.3279381964744,3279.083534791144,1672065,TCS.NS
2023-10-18,3239.3720703125,3272.30219626278,3236.353084226468,3261.4338917104274,1408245,TCS.NS
2023-10-19,3218.324462890625,3238.0686815240006,3214.832003562597,3231.223370291604,1514545,TCS.NS
2023-10-20,3254.552978515625,3259.1629792610242,3207.5211938456205,3213.434955097758,1481211,TCS.NS
2023-10-23,3175.94921875,3240.0242499313185,3167.7071513441997,3234.4829267293885,1106272,TCS.NS
2023-10-25,3157.27587890625,3189.778936831379,3145.2616845886155,3157.648316883734,1518537,TCS.NS
2023-10-26,3107.59033203125,3142.002652711776,3101.3039051963924,3136.740771569839,1984471,TCS.NS
2023-10-27,3120.8154296875,3131.1065899208998,3107.8235248560504,3119.930718689772,1108851,TCS.NS
2023-10-30,3146.51953125,3150.524263288147,3104.796239719202,3119.930229639093,910972,TCS.NS
2023-10-31,3137.392578125,3165.5650829081633,3119.976893370138,3165.5650829081633,999811,TCS.NS
2023-11-01,3101.908935546875,3140.04677064712,3083.6085408942245,3124.586727484181,1563475,TCS.NS
2023-11-02,3129.336669921875,3144.0979943996585,3113.5971840186144,3113.5971840186144,1245384,TCS.NS
2023-11-03,3120.767822265625,3155.2267475659796,3114.621231474052,3149.732036913475,1402598,TCS.NS
2023-11-06,3148.102783203125,3159.3252644555632,3128.3121806905697,3143.213340229435,1099852,TCS.NS
2023-11-07,3138.975830078125,3170.3613524077323,3134.8314904867043,3146.0073603280116,1191144,TCS.NS
2023-11-08,3149.3134765625,3168.312363594793,3138.13760716147,3139.9070288671746,992899,TCS.NS
2023-11-09,3117.5556640625,3158.580468385049,3112.526613178185,3157.2767077479807,2112352,TCS.NS
2023-11-10,3104.516845703125,3117.5553602980613,3094.179302698473,3108.754408421209,1338557,TCS.NS
2023-11-13,3102.747802734375,3125.5185944570394,3098.510239498978,3125.5185944570394,1030990,TCS.NS
2023-11-15,3170.5009765625,3178.603436184404,3125.564669561065,3150.7569866293434,2059802,TCS.NS
2023-11-16,3257.626220703125,3286.962876959751,3179.7209637752344,3194.4825150950874,3951984,TCS.NS
2023-11-17,3261.91015625,3282.4458610340766,3252.690155264645,3257.626209552958,2021292,TCS.NS
2023-11-20,3277.882568359375,3291.200297423911,3251.4794860942648,3251.4794860942648,1475621,TCS.NS
2023-11-21,3269.1279296875,3295.9966725893887,3260.5598088550396,3277.8824969038105,1807236,TCS.NS
2023-11-22,3287.707763671875,3290.0360697315477,3242.026580680009,3259.6284835416786,1798051,TCS.NS
2023-11-23,3267.3125,3300.6072828333213,3259.629088576926,3287.5687664790134,2729804,TCS.NS
2023-11-24,3219.675048828125,3263.8662551978136,3215.8565356961108,3254.273588142524,1989733,TCS.NS
2023-11-28,3231.828857421875,3242.166628681105,3197.2303156229036,3219.6752800377117,1689195,TCS.NS
2023-11-29,3272.434814453125,3276.3929355378427,3237.091166947856,3241.933999035597,1441634,TCS.NS
2023-11-30,3248.08056640625,3275.1353041689813,3241.9337467212595,3259.116602029924,3266235,TCS.NS
2023-12-01,3270.478271484375,3275.414325764336,3250.361843721189,3259.628456286476,1172141,TCS.NS
2023-12-04,3271.223388671875,3304.145727168507,3257.76582517753,3301.2119251213085,1625213,TCS.NS
2023-12-05,3289.058349609375,3295.0187221482606,3262.236218437115,3295.0187221482606,1377656,TCS.NS
2023-12-06,3356.579345703125,3364.728417171479,3283.051256098317,3289.989790276004,1896572,TCS.NS
2023-12-07,3366.63720703125,3381.2125388172353,3345.030573119782,3357.417206346076,1967653,TCS.NS
2023-12-08,3377.627197265625,3394.670444147185,3354.670189052335,3383.494574372215,1641155,TCS.NS
2023-12-11,3392.714599609375,3402.12104768493,3366.7307931511145,3374.0881498547355,1102503,TCS.NS
2023-12-12,3419.909423828125,3444.4030235404603,3381.6319783454765,3389.0359467038065,2236866,TCS.NS
2023-12-13,3346.753662109375,3399.326766210702,3318.301717262666,3393.319782194453,3850968,TCS.NS
2023-12-14,3415.392333984375,3425.404050554102,3378.465488934795,3380.7005719171807,3290396,TCS.NS
2023-12-15,3595.83642578125,3628.386103974232,3414.880405810453,3414.880405810453,8531230,TCS.NS
2023-12-18,3594.15966796875,3659.1660225226565,3567.1047044603515,3593.135349665333,2521612,TCS.NS
2023-12-19,3554.11279296875,3590.341373765734,3529.7121895342984,3580.934925794031,2004435,TCS.NS
2023-12-20,3520.445556640625,3631.040100218342,3507.872703265474,3564.403931855312,2586083,TCS.NS
2023-12-21,3527.3837890625,3545.26513467688,3486.2659937315334,3498.27996242007,1517562,TCS.NS
2023-12-22,3561.377197265625,3581.819680420596,3503.635202958494,3539.025457533832,2413058,TCS.NS
2023-12-26,3534.880859375,3570.6901609763127,3529.8515818790197,3557.5120396728166,1285231,TCS.NS
2023-12-27,3549.4560546875,3555.9753117984196,3509.2229705634127,3538.093966340341,1293976,TCS.NS
2023-12-28,3538.931884765625,3574.4153590343085,3531.6677519692553,3561.376845478686,1682889,TCS.NS
2023-12-29,3532.87890625,3560.073706886277,3506.8018745840577,3531.5751456161715,1574996,TCS.NS
2024-01-01,3549.363037109375,3568.8275851289145,3513.8795612451445,3529.71204270318,825907,TCS.NS
2024-01-02,3523.37890625,3549.3629379884974,3508.5243592421702,3549.3629379884974,1344068,TCS.NS
2024-01-03,3438.20947265625,3512.8084878989966,3433.8323028478494,3508.2914833063164,1803075,TCS.NS
2024-01-04,3414.972900390625,3463.58788246761,3400.2579615190225,3447.5225716387404,3598144,TCS.NS
2024-01-05,3481.190185546875,3490.3638028676905,3422.4704854443794,3422.6100928660567,1963127,TCS.NS
2024-01-08,3425.683349609375,3482.9130676229634,3420.188410832366,3481.190030173045,1067805,TCS.NS
2024-01-09,3436.486572265625,3494.647840404757,3429.827707784857,3455.159632618118,1370944,TCS.NS
2024-01-10,3458.046630859375,3473.1340080380555,3434.7169596150297,3436.579604387055,1292227,TCS.NS
2024-01-11,3479.001708984375,3513.879690118427,3452.412406909358,3468.244888948058,1777909,TCS.NS
2024-01-12,3616.138916015625,3637.0470599000287,3559.142026578151,3583.7288487280734,6813450,TCS.NS
2024-01-15,3635.697021484375,3692.693916153037,3618.188112044023,3688.037303396224,2801505,TCS.NS
2024-01-16,3596.11572265625,3631.226536485312,3590.760618120525,3631.226536485312,1432672,TCS.NS
2024-01-17,3617.8154296875,3641.4243183462013,3550.713598917996,3556.7205834939423,3458696,TCS.NS
2024-01-18,3634.5791015625,3640.3532553051646,3596.7673189636566,3630.2949273227173,2239110,TCS.NS
2024-01-19,3697.834716796875,3717.059837136614,3671.5760158450357,3699.6634019644803,2941975,TCS.NS
2024-01-23,3618.307861328125,3689.2531438679025,3603.771796570635,3657.461455110397,2618854,TCS.NS
2024-01-24,3602.88134765625,3642.1285897607904,3568.9326446510017,3638.7056721419845,2657709,TCS.NS
2024-01-25,3573.340087890625,3620.8870436828015,3543.7051787524156,3601.0991467068993,2205154,TCS.NS
2024-01-29,3564.618408203125,3582.436811190723,3545.7216145125103,3564.430891857951,1646747,TCS.NS
2024-01-30,3564.196533203125,3608.5080891700763,3551.4891523141855,3570.6673355072853,1411621,TCS.NS
2024-01-31,3578.638427734375,3595.565955397303,3560.3511204494907,3574.183827241903,2459358,TCS.NS
2024-02-01,3614.463134765625,3662.057029330496,3568.4167652804376,3582.436989907515,2363107,TCS.NS
2024-02-02,3719.638427734375,3736.612663128637,3631.2028376276817,3634.063205902369,2826510,TCS.NS
2024-02-05,3726.203125,3771.874458152277,3715.6996914451147,3735.2998425709893,1691523,TCS.NS
2024-02-06,3878.784912109375,3891.8203887754125,3741.8645549604466,3748.429229618272,4474396,TCS.NS
2024-02-07,3829.455810546875,3896.6031428098927,3820.593545941405,3894.7275215618497,2124267,TCS.NS
2024-02-08,3877.003173828125,3899.4167572083225,3831.9413254430674,3835.6456317898123,2345173,TCS.NS
2024-02-09,3876.628662109375,3924.503719974254,3845.024255187154,3879.301056539786,2100596,TCS.NS
2024-02-12,3864.43701171875,3900.9177589811775,3850.228812262782,3873.1584686878864,1013716,TCS.NS
2024-02-13,3891.4453125,3910.670430925413,3827.674187966924,3868.8911494158424,1257415,TCS.NS
2024-02-14,3845.117919921875,3858.9973357555955,3797.6646047310915,3851.588722467118,1391283,TCS.NS
2024-02-15,3848.025146484375,3888.444422362778,3829.081186690457,3871.2826692770527,1091582,TCS.NS
2024-02-16,3871.564208984375,3889.992557853304,3845.118218719311,3857.450339368081,1307556,TCS.NS
2024-02-19,3848.587158203125,3871.563519103643,3802.822181698031,3866.640013196389,772291,TCS.NS
2024-02-20,3779.986572265625,3843.1482139238024,3760.6208730684352,3828.2371155114192,1193648,TCS.NS
2024-02-21,3743.271484375,3810.6532761089843,3733.04943912238,3763.434414830734,1885939,TCS.NS
2024-02-22,3832.92626953125,3840.287946278356,3724.0463538039667,3724.0463538039667,2982052,TCS.NS
2024-02-23,3800.102783203125,3873.1581442686033,3794.7570791114713,3873.1581442686033,2538072,TCS.NS
2024-02-26,3752.2275390625,3798.1333269385277,3735.065557497388,3785.0039771663946,1379284,TCS.NS
2024-02-27,3849.150146484375,3867.5313277921664,3750.3049902620937,3750.3049902620937,2960475,TCS.NS
2024-02-28,3862.795654296875,3896.509674983892,3834.7080400231876,3840.8976823678586,1939225,TCS.NS
2024-02-29,3840.428466796875,3880.7543245620564,3811.778305779147,3844.0858367320416,3772719,TCS.NS
2024-03-01,3839.725830078125,3882.5368025130856,3832.6453125815146,3851.7767907221532,2043265,TCS.NS
2024-03-04,3826.924072265625,3861.8105844645606,3822.4225351204777,3849.712918034811,1749271,TCS.NS
2024-03-05,3762.5908203125,3811.2631094828985,3732.4870019050036,3809.3874878739007,2070859,TCS.NS
2024-03-06,3811.544189453125,3818.7652862706927,3712.276832263034,3745.662985779128,1744204,TCS.NS
2024-03-07,3853.089111328125,3867.5313044415575,3786.598195707899,3812.200473461429,2688905,TCS.NS
2024-03-11,3865.98388671875,3894.7276920199565,3834.707809455719,3834.707809455719,2304068,TCS.NS
2024-03-12,3931.536865234375,3966.8925114142617,3864.764560938834,3865.983989585085,4039801,TCS.NS
2024-03-13,3890.9765625,3977.255146194866,3874.9399080779876,3943.493961270788,2837260,TCS.NS
2024-03-14,3945.93212890625,3962.2499424114544,3831.8942638327107,3895.1497744818453,2919608,TCS.NS
2024-03-15,3956.857666015625,3975.3794267322946,3917.2351652419898,3931.865103264559,3373143,TCS.NS
2024-03-18,3894.25927734375,3990.1504299285543,3861.764225288072,3953.106903991148,1526904,TCS.NS
2024-03-19,3729.954345703125,3805.6356194004047,3719.919817535177,3799.3053975100765,8931209,TCS.NS
2024-03-20,3723.9521484375,3768.123120804515,3713.9176204628307,3738.113180569138,1817913,TCS.NS
2024-03-21,3725.875,3759.120343748554,3702.476668668117,3741.9116546616547,3829582,TCS.NS
2024-03-22,3667.683837890625,3693.098599879169,3615.260310445454,3654.6483605203457,5852485,TCS.NS
2024-03-26,3636.361083984375,3701.257540323518,3630.6872833100233,3634.0165571732955,3440925,TCS.NS
2024-03-27,3602.036865234375,3652.7725134223638,3591.2520426658625,3646.6767441445086,1968575,TCS.NS
2024-03-28,3635.23583984375,3671.529069915745,3601.6621693515754,3610.6652440946027,4311783,TCS.NS
2024-04-01,3673.170166015625,3688.690979343402,3646.2550439346555,3655.3048258696854,1569676,TCS.NS
2024-04-02,3642.26904296875,3666.6990561572848,3632.140642171932,3648.083423198765,2142666,TCS.NS
2024-04-03,3701.8203125,3733.424488071944,3611.509094088183,3611.509094088183,3973090,TCS.NS
2024-04-04,3754.338134765625,3778.1115018886544,3690.5200621075737,3728.6419806952936,3394637,TCS.NS
2024-04-05,3731.78369140625,3753.11888748076,3714.1997385975883,3730.6114278856726,1636819,TCS.NS
2024-04-08,3725.499755859375,3781.8620387375217,3713.7301863711327,3735.299831392985,2302538,TCS.NS
2024-04-09,3701.116943359375,3766.1072720566044,3680.954012876369,3736.2379090370728,1876992,TCS.NS
2024-04-10,3736.846923828125,3742.05181846097,3674.341938785351,3710.353774320548,2101965,TCS.NS
2024-04-12,3752.555908203125,3763.762930025122,3700.1323779568356,3724.0465524943843,4354821,TCS.NS
2024-04-15,3696.099609375,3811.4503293550783,3675.32719325435,3752.5557696224905,4200329,TCS.NS
2024-04-16,3631.953369140625,3684.37689632826,3622.622198353119,3659.33739612377,3051420,TCS.NS
2024-04-18,3621.824951171875,3691.2229435040135,3610.571222685582,3635.704595429841,3476284,TCS.NS
2024-04-19,3588.251220703125,3612.9626239981167,3564.5245644253832,3599.3174326502835,2957749,TCS.NS
2024-04-22,3624.26318359375,3636.829754907987,3574.9342510854167,3598.3795176848753,1728883,TCS.NS
2024-04-23,3633.735107421875,3652.772710601142,3620.5121138030436,3635.9390541705266,1807586,TCS.NS
2024-04-24,3592.7998046875,3655.586186600659,3586.6101623523527,3648.0837008405756,1317312,TCS.NS
2024-04-25,3612.63427734375,3632.7502707587055,3573.9965228878514,3574.1840392334375,2856271,TCS.NS
2024-04-26,3583.702880859375,3635.704436508526,3566.0719945433134,3615.4006982107267,2039178,TCS.NS
2024-04-29,3629.514892578125,3636.6423454168485,3581.6865473099597,3599.3174341023114,1110693,TCS.NS
2024-04-30,3583.046142578125,3640.3464644642195,3573.0585508105046,3631.2028106924604,2203078,TCS.NS
2024-05-02,3623.04443359375,3630.3594034721755,3543.0960645672344,3543.0960645672344,2491044,TCS.NS
2024-05-03,3604.3818359375,3651.4601199418653,3561.4302856696127,3648.2244896065395,2962234,TCS.NS
2024-05-06,3677.202880859375,3694.9274124213143,3613.384813638277,3613.384813638277,2053831,TCS.NS
2024-05-07,3731.501708984375,3739.988941315255,3670.12204659911,3686.3462169354693,2062112,TCS.NS
2024-05-08,3729.626220703125,3736.5192209369857,3693.66131770256,3714.6681858171114,1247685,TCS.NS
2024-05-09,3713.91845703125,3724.04685993367,3666.8873348078246,3715.606562341274,1726486,TCS.NS
2024-05-10,3651.7412109375,3726.484911351382,3643.4417231221314,3716.1689930361385,1672489,TCS.NS
2024-05-13,3702.288818359375,3709.041009044483,3629.3271061952337,3642.925360210694,931326,TCS.NS
2024-05-14,3658.587158203125,3700.413608162642,3650.803283386374,3691.2230172569975,1058317,TCS.NS
2024-05-15,3639.08056640625,3682.7357004952323,3634.485385536964,3661.6818959693137,1115021,TCS.NS
2024-05-16,3684.9423828125,3693.018989202287,3630.673611714795,3675.637945909043,2599399,TCS.NS
2024-05-17,3621.794189453125,3702.9375501529057,3617.9211268075583,3701.992923226846,2765804,TCS.NS
2024-05-21,3608.66357421875,3631.8542103330115,3599.0757035999536,3618.487832180219,1908117,TCS.NS
2024-05-22,3619.810546875,3628.548346342274,3606.1607332910276,3622.644427783305,1311168,TCS.NS
2024-05-23,3677.857421875,3688.7679082914883,3613.6700725144915,3628.2645114562283,2095742,TCS.NS
2024-05-24,3636.34130859375,3668.742057896385,3631.429294761055,3663.4993323947815,1309452,TCS.NS
2024-05-27,3634.027099609375,3691.9327769001197,3628.642772199506,3641.536837624862,1841538,TCS.NS
2024-05-28,3627.272705078125,3655.706066734782,3617.9209911096164,3644.370544047232,1801993,TCS.NS
2024-05-29,3593.0302734375,3635.774643725855,3589.582477254128,3635.774643725855,1568095,TCS.NS
2024-05-30,3529.220703125,3584.2922676744465,3509.714018991741,3567.8558516313005,2919230,TCS.NS
2024-05-31,3467.677978515625,3542.1618998121,3451.430442400017,3532.904510318457,10956800,TCS.NS
2024-06-03,3497.8115234375,3543.814803588551,3491.340737451897,3526.103050659108,2156773,TCS.NS
2024-06-04,3509.2890625,3537.6278705417226,3392.627636061575,3495.1196584791387,3395997,TCS.NS
2024-06-05,3538.99755859375,3574.2794671048623,3495.1196832887176,3510.2337143515874,2799670,TCS.NS
2024-06-06,3618.298583984375,3627.2725390345563,3534.3213495003415,3571.634109972148,4328036,TCS.NS
2024-06-07,3678.32958984375,3698.2140306925203,3624.8165722996846,3624.8165722996846,4552445,TCS.NS
2024-06-10,3645.03173828125,3689.6180814133613,3629.161960387638,3679.3217405498876,1734661,TCS.NS
2024-06-11,3638.797607421875,3665.105329903273,3628.31215590978,3632.0906637524354,1419898,TCS.NS
2024-06-12,3619.4794921875,3677.9047569591216,3615.5121054162055,3659.8622913039767,2177001,TCS.NS
2024-06-13,3663.40478515625,3674.5987063691045,3638.7028835305373,3643.23713885556,1932323,TCS.NS
2024-06-14,3619.857421875,3673.6538756786167,3616.031636949793,3673.6538756786167,1860730,TCS.NS
2024-06-18,3603.845947265625,3629.2563169969253,3584.906133011182,3614.1895650327606,1774045,TCS.NS
2024-06-19,3591.187744140625,3621.5576348500226,3582.922259445668,3615.7007640544557,1509050,TCS.NS
2024-06-20,3577.5380859375,3598.981069597492,3570.736818650082,3585.8035709865335,2846526,TCS.NS
2024-06-21,3599.737060546875,3663.0743420998706,3587.7403447033967,3615.08724810415,4642195,TCS.NS
2024-06-24,3605.451904296875,3643.4258585651314,3581.363918973201,3597.8476118252383,1702154,TCS.NS
2024-06-25,3625.9033203125,3634.5938422484783,3582.8755160198134,3605.6411180787836,1338808,TCS.NS
2024-06-26,3642.33984375,3652.8250643098772,3628.312041577448,3631.618235835589,1639845,TCS.NS
2024-06-27,3716.303466796875,3723.7188794930803,3606.6797101565076,3618.865303738709,4526556,TCS.NS
2024-06-28,3687.965087890625,3740.722593484322,3682.0141228075263,3700.8593836882187,2731571,TCS.NS
2024-07-01,3757.91455078125,3780.113282123888,3668.9307461619287,3668.9307461619287,2658723,TCS.NS
2024-07-02,3794.94384765625,3800.61160880511,3762.0237400230303,3772.4619129298726,2307449,TCS.NS
2024-07-03,3745.681640625,3803.162277059337,3735.9992153513335,3797.399960989219,1821198,TCS.NS
2024-07-04,3798.29736328125,3823.2356509992096,3761.598747788845,3778.3658747158024,2518001,TCS.NS
2024-07-05,3789.654296875,3803.7764231043757,3767.172130214255,3787.953922306711,1668616,TCS.NS
2024-07-08,3772.084228515625,3808.0273294957547,3757.7732227074534,3799.2895303521054,1758882,TCS.NS
2024-07-09,3764.810302734375,3785.072502499781,3754.9862757638116,3764.3379893103715,1305801,TCS.NS
2024-07-10,3692.68798828125,3781.6247453008073,3685.933998497865,3763.109966642414,2669716,TCS.NS
2024-07-11,3706.4326171875,3759.615159156207,3679.8887389846327,3713.3284398600626,4872189,TCS.NS
2024-07-12,3952.271728515625,3967.3857582493197,3751.396688713167,3759.614896256505,13509164,TCS.NS
2024-07-15,3938.338134765625,4005.2175259371584,3926.860550454721,4001.155815302139,4848030,TCS.NS
2024-07-16,3947.075927734375,3962.2840497986936,3915.3834227252332,3940.9829005455586,2029521,TCS.NS
2024-07-18,4076.58447265625,4085.5113814437846,3929.6479414580676,3929.6479414580676,5613364,TCS.NS
2024-07-19,4073.6025390625,4126.955994366335,4057.364651530447,4087.804853926967,3903354,TCS.NS
2024-07-22,4059.352294921875,4090.2187458114163,4038.1907573413023,4071.282329598796,1896386,TCS.NS
2024-07-23,4073.554443359375,4129.748348674782,4039.4212771190782,4055.233368947045,2365208,TCS.NS
2024-07-24,4077.247802734375,4108.350964066985,4041.126675185908,4059.4949095439492,1809793,TCS.NS
2024-07-25,4092.633056640625,4112.042883745572,4046.901795265646,4066.5954836949645,2810342,TCS.NS
2024-07-26,4154.5078125,4187.2679052166895,4106.4090376287495,4118.670552129421,3552210,TCS.NS
2024-07-29,4148.11669921875,4195.362964674367,4138.553716676068,4180.21383187482,1746803,TCS.NS
2024-07-30,4133.20458984375,4164.118198879963,4097.177778242139,4157.585227320139,1797906,TCS.NS
2024-07-31,4152.140625,4179.266948047126,4113.936313834336,4118.670417762799,2330091,TCS.NS
2024-08-01,4163.26611328125,4184.285259071731,4132.920227203137,4165.443616342355,2202244,TCS.NS
2024-08-02,4055.281005859375,4164.118251496919,4042.9251782382544,4132.873162297419,2811282,TCS.NS
2024-08-05,3934.087890625,4013.5736879846177,3891.907205581687,4013.5736879846177,2787771,TCS.NS
2024-08-06,3949.379150390625,4031.799717033467,3939.531844107783,3949.1424451879575,2203067,TCS.NS
2024-08-07,3977.073974609375,4019.207504026678,3957.995163908957,4003.1587050867174,1237666,TCS.NS
2024-08-08,3950.657470703125,4006.9461596918663,3938.775053005237,3958.658292455504,2441283,TCS.NS
2024-08-09,4003.868408203125,4027.44415336694,3981.901980990388,3992.74326394149,1302536,TCS.NS
2024-08-12,3972.52880859375,4013.573584922349,3963.723559610809,4005.0521972685856,936912,TCS.NS
2024-08-13,3973.76025390625,4008.8397841438527,3960.5519171170845,3988.956544779889,1495593,TCS.NS
2024-08-14,4066.83203125,4077.1999039105713,3965.42743135513,3985.168737449799,3226545,TCS.NS
2024-08-16,4181.20849609375,4191.576370483643,4095.0954075700097,4118.671156901704,3457058,TCS.NS
2024-08-19,4251.22509765625,4255.249085777639,4156.874503931808,4185.894466979573,2055210,TCS.NS
2024-08-20,4282.7548828125,4322.23750010525,4260.694140300903,4265.428244901237,2212298,TCS.NS
2024-08-21,4309.455078125,4317.503055311436,4253.639804359008,4277.736579801988,1896990,TCS.NS
2024-08-22,4262.587890625,4318.403170209416,4258.04333501898,4317.503505386495,1829872,TCS.NS
2024-08-23,4226.513671875,4266.374923745363,4218.087058430003,4260.6939984141445,1809253,TCS.NS
2024-08-26,4263.01416015625,4310.070883859805,4246.491949695793,4250.279233485934,1844164,TCS.NS
2024-08-27,4257.9951171875,4270.161857070282,4248.195429331919,4265.427753015881,930697,TCS.NS
2024-08-28,4266.42236328125,4319.870590915642,4220.264841898864,4259.510755261752,1848058,TCS.NS
2024-08-29,4271.86572265625,4313.71538519979,4222.820592184166,4222.820592184166,2133641,TCS.NS
2024-08-30,4311.5859375,4348.038544383064,4249.1429103938235,4260.694311007412,3637222,TCS.NS
2024-09-02,4280.6240234375,4344.013861375445,4272.055480062339,4332.652011694428,1216500,TCS.NS
2024-09-03,4272.38671875,4313.620577631577,4256.811332431798,4280.623781915076,1717263,TCS.NS
2024-09-04,4241.0478515625,4248.385714117528,4200.760804008931,4238.870348246334,1265505,TCS.NS
2024-09-05,4237.92333984375,4259.747377422697,4217.282366116104,4242.704600629275,1688793,TCS.NS
2024-09-06,4219.744140625,4278.6365868505345,4203.8848901946485,4236.029645395859,1649179,TCS.NS
2024-09-09,4212.9267578125,4251.462553433798,4194.890004562873,4218.0871166522065,1184938,TCS.NS
2024-09-10,4268.126953125,4298.519998376398,4204.311312941907,4206.204954860188,1385591,TCS.NS
2024-09-11,4241.1416015625,4307.419053790383,4233.472261056025,4281.002847436805,1325919,TCS.NS
2024-09-12,4277.45263671875,4291.5601745835365,4195.6469473824145,4270.398636628928,2742216,TCS.NS
2024-09-13,4282.0927734375,4305.195113516806,4265.428631271873,4289.099156417666,1458786,TCS.NS
2024-09-16,4273.2392578125,4304.2947971775275,4255.43921052289,4286.258044672285,1155120,TCS.NS
2024-09-17,4266.04345703125,4294.590014445038,4228.502101148829,4273.239388269134,1699364,TCS.NS
2024-09-18,4115.025390625,4257.900566019319,4091.2129384450927,4257.900566019319,2961779,TCS.NS
2024-09-19,4067.683837890625,4187.0308697971805,4054.096867781264,4156.590213092944,2927551,TCS.NS
2024-09-20,4057.032958984375,4100.397635485621,4002.6855294157867,4087.3312291065054,5447908,TCS.NS
2024-09-23,4041.5048828125,4080.229763925027,4026.8291593303416,4071.3297402117255,1702319,TCS.NS
2024-09-24,4044.1552734375,4062.807827087179,4014.5199689698525,4025.5503382140823,3012026,TCS.NS
2024-09-25,4047.42236328125,4061.4827451400292,4014.5203392742264,4026.21366904617,2713073,TCS.NS
2024-09-26,4064.228271484375,4087.235831927587,4033.456595579135,4033.456595579135,3964251,TCS.NS
2024-09-27,4079.5673828125,4145.181886032281,4071.37701220358,4104.468587471434,3012477,TCS.NS
2024-09-30,4041.5048828125,4070.1462141244547,4033.504061536598,4058.926294354151,2503416,TCS.NS
2024-10-01,4059.872802734375,4067.3054384533193,4017.313485300845,4029.24305749041,1823365,TCS.NS
2024-10-03,4007.65625,4051.446717559506,3986.116074065324,4035.918946931116,3350119,TCS.NS
2024-10-04,4026.118408203125,4069.435456160158,3999.417878962704,4000.31754357298,2965463,TCS.NS
2024-10-07,4045.6240234375,4068.7263623530516,4004.4844678804907,4046.618000517575,1472619,TCS.NS
2024-10-08,4027.06591796875,4051.825191579924,3980.3878333935318,4045.3869945057163,1541867,TCS.NS
2024-10-09,4026.781982421875,4066.595614866151,4020.8643520160745,4033.456884593668,1082504,TCS.NS
2024-10-10,4002.590087890625,4065.5065138830532,3975.3218342504942,4027.065497608203,2378875,TCS.NS
2024-10-11,3928.5498046875,4016.367450795878,3893.754133587954,3922.6793296712635,5759183,TCS.NS
2024-10-14,3916.666259765625,3943.8873583904956,3902.984976280472,3919.8382019814067,2137590,TCS.NS
2024-10-15,3897.871826171875,3948.1957233726384,3877.231316907688,3911.364023062213,2759474,TCS.NS
2024-10-16,3877.18408203125,3896.1678867388287,3850.9098028436433,3867.7632605900644,2359151,TCS.NS
2024-10-17,3890.486572265625,3910.322652467529,3875.290052564961,3894.084306291897,2522659,TCS.NS
2024-10-18,3913.313232421875,3935.238244757566,3872.4533402747466,3881.944647481302,2361000,TCS.NS
2024-10-21,3872.31103515625,3929.3538837407996,3862.9620049373275,3922.3776803062365,1595450,TCS.NS
2024-10-22,3811.234375,3881.75483326371,3802.5499216715493,3859.1654759681237,1928049,TCS.NS
2024-10-23,3859.40283203125,3904.2965301967497,3791.919544419266,3796.143361546141,1966476,TCS.NS
2024-10-24,3841.986328125,3871.504387583309,3800.3195802607424,3800.3195802607424,2676744,TCS.NS
2024-10-25,3851.1455078125,3883.8430156937015,3827.5595160672574,3850.670942439126,1759676,TCS.NS
2024-10-28,3882.751220703125,3923.7061156513423,3844.9282715296536,3861.965120390014,1532534,TCS.NS
2024-10-29,3867.945068359375,3894.7580119042254,3853.5658302619245,3887.497254393904,1445885,TCS.NS
2024-10-30,3876.86669921875,3898.079863479923,3853.518222560894,3867.7076804676617,1935002,TCS.NS
2024-10-31,3766.577392578125,3870.839484703628,3758.55728511955,3862.961654150649,3740372,TCS.NS
2024-11-01,3781.52685546875,3795.5265346519595,3773.7915322018357,3786.889583476844,154895,TCS.NS
2024-11-04,3762.49658203125,3788.834960428504,3714.1859193893415,3764.5373521831416,2269192,TCS.NS
2024-11-05,3769.330322265625,3783.234994421101,3740.61911840681,3740.61911840681,967590,TCS.NS
2024-11-06,3929.06884765625,3938.7024316660963,3773.031851752117,3799.9398000465167,3792017,TCS.NS
2024-11-07,3939.746826171875,3991.8540128312807,3877.246703910295,3957.5907627391994,3724349,TCS.NS
2024-11-08,3936.044921875,3957.6376448006463,3908.187843785678,3943.637967299403,1648039,TCS.NS
2024-11-11,3985.114990234375,4018.9036701513614,3908.187674053703,3918.201280337874,1406487,TCS.NS
2024-11-12,3983.881591796875,4003.4337792823057,3952.5130037256044,4001.535517651541,1587640,TCS.NS
2024-11-13,3939.224853515625,3983.264427096759,3920.9063521955636,3965.5632315109633,1098813,TCS.NS
2024-11-14,3935.0009765625,3948.383812461554,3907.0493548019417,3924.6555443578186,1825432,TCS.NS
2024-11-18,3815.03076171875,3998.6875479838523,3787.221186498161,3998.6875479838523,3313944,TCS.NS
2024-11-19,3834.06103515625,3921.9504005395133,3809.9057047468586,3815.4104775297365,1776233,TCS.NS
2024-11-21,3865.667236328125,3884.2700598437223,3819.302106879864,3839.138846704682,2384347,TCS.NS
2024-11-22,4028.680419921875,4038.504015740722,3847.776008717878,3863.9112312507355,3096553,TCS.NS
2024-11-25,4095.594482421875,4107.933183046781,4035.8942467022307,4062.2798980460716,4052167,TCS.NS
2024-11-26,4131.28125,4144.47407361588,4090.7531850402665,4101.240893559863,2060669,TCS.NS
2024-11-27,4112.15576171875,4154.724363536381,4104.088151292946,4137.2131813248125,1558993,TCS.NS
2024-11-28,4028.964599609375,4119.179745870457,4017.670037573812,4099.295273395061,2558544,TCS.NS
2024-11-29,4053.59521484375,4080.028599301392,3982.2203960362835,4005.3318228209696,2017425,TCS.NS
2024-12-02,4059.099853515625,4070.0625915391006,4014.870268702841,4052.788226834513,1670944,TCS.NS
2024-12-03,4083.87255859375,4104.990718939741,4048.4701650537613,4094.882568586282,2010905,TCS.NS
2024-12-04,4132.89501953125,4163.789504813234,4070.8692297125376,4094.122934068909,3302642,TCS.NS
2024-12-05,4236.966796875,4260.647793669346,4138.209931031042,4176.934278953506,3746747,TCS.NS
2024-12-06,4219.36083984375,4237.868889866684,4188.276807112925,4226.479320621802,1842087,TCS.NS
2024-12-09,4225.671875,4242.044378496654,4190.933600979431,4205.076018232145,2066639,TCS.NS
2024-12-10,4207.06884765625,4265.203099559396,4187.659404066042,4200.994504227562,2087828,TCS.NS
2024-12-11,4202.22900390625,4222.350297163338,4182.819095248504,4206.405086397892,1635256,TCS.NS
2024-12-12,4228.330078125,4256.851270827812,4200.852558457947,4204.696352489294,1914642,TCS.NS
2024-12-13,4246.31640625,4266.248154048947,4170.860503868272,4209.348037802869,1967048,TCS.NS
2024-12-16,4190.6015625,4247.359386352853,4173.327200400781,4232.173296926788,1646224,TCS.NS
2024-12-17,4108.31201171875,4207.44889332409,4098.346139910261,4185.666159565598,3225027,TCS.NS
2024-12-18,4126.6787109375,4140.108819945921,4071.39183822731,4092.3677229655736,1575404,TCS.NS
2024-12-19,4054.591796875,4142.006836783481,4045.1954945855173,4064.178110702765,3015763,TCS.NS
2024-12-20,3958.15966796875,4159.090827365295,3941.265326479778,4108.786899056221,4116989,TCS.NS
2024-12-23,3946.769775390625,4002.4839296244636,3905.577598089669,3986.3959798160035,2195338,TCS.NS
2024-12-24,3966.891845703125,4003.4333784366027,3946.7700890546093,3946.7700890546093,1181886,TCS.NS
2024-12-26,3957.020751953125,3986.301525685132,3932.3906257955578,3966.8916181900954,1208464,TCS.NS
2024-12-27,3952.987548828125,3968.2686475658415,3936.2827538746483,3951.2315641401315,858100,TCS.NS
2024-12-30,3947.244873046875,3985.6846693501766,3902.8257382512747,3939.841838395195,1527169,TCS.NS
2024-12-31,3886.5,3929.353385322622,3826.9420552671936,3924.6550035084633,1555429,TCS.NS
2025-01-01,3903.252685546875,3923.706266508262,3877.6259252343875,3886.1205985527304,763161,TCS.NS
2025-01-02,3963.33251953125,3970.2137171045247,3888.541205767093,3910.4184830195177,1720835,TCS.NS
2025-01-03,3891.341064453125,3967.31925896288,3884.1278097948166,3967.31925896288,1791953,TCS.NS
2025-01-06,3886.6904296875,3938.560332599053,3859.545197490021,3896.656302584134,2085593,TCS.NS
2025-01-07,3823.38330078125,3929.7334436078268,3807.4853613249484,3905.6256161656233,2669054,TCS.NS
2025-01-08,3899.408447265625,3916.113240154538,3813.3698426153405,3829.6473413152235,2181277,TCS.NS
2025-01-09,3833.396728515625,3927.2656647049257,3820.535960823577,3892.3851104960186,2392472,TCS.NS
2025-01-10,4048.658935546875,4078.4142731653005,3957.8746844541083,3986.3486030473036,7894300,TCS.NS
2025-01-13,4072.81494140625,4103.044847646488,4012.355128925775,4029.059922352462,4003771,TCS.NS
2025-01-14,4017.7177734375,4094.4550879803073,4004.4299428133863,4083.1605246383615,3441709,TCS.NS
2025-01-15,4033.426025390625,4039.9276635514543,3993.4202579833063,4003.4334017642514,1653474,TCS.NS
2025-01-16,3992.328125,4075.5670695763956,3978.6134649763417,4043.2966270133784,2637705,TCS.NS
2025-01-17,3986.52880859375,4021.6165011799776,3963.08887255939,4020.939695681563,1761466,TCS.NS
2025-01-20,3941.582275390625,4007.3105183689017,3932.2063483825796,4007.3105183689017,1287799,TCS.NS
2025-01-21,3901.03369140625,3973.673232978695,3895.3790145716716,3958.497734138814,1971591,TCS.NS
2025-01-22,4017.75,4024.0810102403266,3909.1045498898884,3914.7108496617475,2409223,TCS.NS
2025-01-23,4006.972412109375,4051.339039072567,4001.7524202557865,4028.7689459052554,1822998,TCS.NS
2025-01-24,4013.64208984375,4038.4351649039104,3966.9071126772737,3966.9071126772737,1910099,TCS.NS
2025-01-27,3929.354736328125,4017.5084152856,3906.0599315038703,3964.973867046099,1551782,TCS.NS
2025-01-28,3905.3349609375,3964.9738425768846,3893.735817565749,3934.816117007367,2468272,TCS.NS
2025-01-29,3962.84716796875,3970.6285432095738,3918.5772926221866,3918.5772926221866,1217089,TCS.NS
2025-01-30,3963.088623046875,3991.941585340912,3922.9267796325357,3962.9437281550117,1531251,TCS.NS
2025-01-31,3975.0263671875,3990.5405047390313,3948.7833995175843,3972.7066328908318,1492943,TCS.NS
2025-02-01,3937.087646484375,3997.741503018046,3920.5106310847846,3975.606564509793,437172,TCS.NS
2025-02-03,3932.73779296875,3940.8089579536745,3865.1245003058734,3896.2488211358454,1265713,TCS.NS
2025-02-04,3969.85498046875,3981.2610880254483,3930.2248097290194,3947.285122132378,2547132,TCS.NS
2025-02-05,3954.438232421875,4011.3706027267413,3939.842548605831,4011.3706027267413,1693912,TCS.NS
2025-02-06,3946.366943359375,4001.221226388129,3916.209217331792,3968.2602324120217,2284536,TCS.NS
2025-02-07,3894.799072265625,3953.374842814853,3874.1140268953372,3953.374842814853,1548940,TCS.NS
2025-02-10,3902.096923828125,3916.644230568612,3880.2520112210996,3905.045086746592,1339511,TCS.NS
2025-02-11,3831.14892578125,3905.045090759602,3822.884488602531,3884.1665374644367,1810908,TCS.NS
2025-02-12,3818.1962890625,3887.404606196338,3808.5303361658844,3838.446649169052,1678002,TCS.NS
2025-02-13,3779.53271484375,3851.3507965730623,3771.896705969927,3835.4503502565626,2277310,TCS.NS
2025-02-14,3803.40771484375,3816.1183489930536,3769.7217733214056,3793.886656483722,1681975,TCS.NS
2025-02-17,3774.071533203125,3802.5860959459837,3727.3849307355754,3727.674956536778,1799806,TCS.NS
2025-02-18,3743.816650390625,3793.3062796669183,3735.4073189681676,3768.174803332807,2149879,TCS.NS
2025-02-19,3657.693359375,3745.508400554833,3642.2759755929487,3742.850263486918,4366672,TCS.NS
2025-02-20,3653.150146484375,3661.4629603766616,3625.988960412709,3635.848185178673,2888572,TCS.NS
2025-02-21,3659.52978515625,3689.4942392872176,3648.8972369162293,3649.960586134303,1833931,TCS.NS
2025-02-24,3552.817626953125,3637.491230016548,3547.4045991108223,3618.1109478843173,2508516,TCS.NS
2025-02-25,3508.3056640625,3535.805250373706,3500.282876685561,3503.9076086945556,4101954,TCS.NS
2025-02-27,3491.873779296875,3516.4735816470966,3480.419530987875,3491.0520789257853,3823856,TCS.NS
2025-02-28,3366.89306640625,3479.743067268356,3341.5199398740847,3465.195760859545,7085018,TCS.NS
2025-03-03,3376.365966796875,3405.557099448941,3360.03036363457,3368.584826957939,4990439,TCS.NS
2025-03-04,3414.062744140625,3432.379676631615,3348.5759170238152,3357.951843598488,2797737,TCS.NS
2025-03-05,3428.561767578125,3480.081342184221,3403.2370189380595,3403.2370189380595,2501894,TCS.NS
2025-03-06,3481.289794921875,3488.87742658408,3417.977801534333,3438.179549305139,2786513,TCS.NS
2025-03-07,3490.56884765625,3503.9079097926337,3454.998093954285,3479.743027656133,2051315,TCS.NS
2025-03-10,3469.73876953125,3501.1049762137254,3462.9244613654673,3486.0259949428714,1004626,TCS.NS
2025-03-11,3455.8681640625,3468.8688234276665,3419.4757100500633,3439.146018462038,1995450,TCS.NS
2025-03-12,3389.076416015625,3450.020297279617,3370.3729384283747,3445.912267227522,3174167,TCS.NS
2025-03-13,3393.764404296875,3406.5717917540665,3367.714708703622,3385.306695598729,1693004,TCS.NS
2025-03-17,3380.8603515625,3412.5163478055665,3361.1902786941764,3372.4510196048896,2690906,TCS.NS
2025-03-18,3380.8603515625,3380.8603515625,3380.8603515625,3380.8603515625,0,TCS.NS
2025-03-19,3380.280517578125,3428.5135286476893,3347.077874633433,3428.5135286476893,3051244,TCS.NS
2025-03-20,3444.123779296875,3459.3960314822807,3394.68252652922,3394.68252652922,2845192,TCS.NS
2025-03-21,3458.57470703125,3495.450223009194,3349.252685164703,3358.9186380800415,4161925,TCS.NS
2025-03-24,3507.7255859375,3527.8308131919025,3447.458517116232,3479.742702237372,1834751,TCS.NS
2025-03-25,3535.56396484375,3586.0685693582973,3516.473707634902,3523.2398747468987,3135390,TCS.NS
2025-03-26,3514.34716796875,3557.553929809202,3504.7295921250025,3525.897934373459,1734499,TCS.NS
2025-03-27,3529.232666015625,3540.638537603521,3489.892285017066,3494.0970689111577,2528474,TCS.NS
2025-03-28,3485.6875,3538.656968927356,3471.9135171595426,3529.0393930182477,2051919,TCS.NS
2025-04-01,3432.1865234375,3464.277439125219,3407.248318336048,3453.354865404157,2618493,TCS.NS
2025-04-02,3425.5654296875,3445.0424669343693,3412.129849162714,3425.6138066504323,1764313,TCS.NS
2025-04-03,3289.468505859375,3385.0165399960483,3282.7023391603534,3374.383992326158,4537821,TCS.NS
2025-04-04,3189.184326171875,3286.085501586113,3185.414699028632,3250.2733357697866,5317367,TCS.NS
2025-04-07,3164.68115234375,3181.4514379526936,2953.963392712106,2996.445205771086,6623955,TCS.NS
2025-04-08,3182.94970703125,3237.1274167268007,3146.5574911118592,3191.7458179951013,5557558,TCS.NS
2025-04-09,3138.148193359375,3160.76642752928,3104.752280697163,3151.6321497293247,2990265,TCS.NS
2025-04-11,3123.552734375,3188.749540631033,3098.904554048043,3179.6636391398747,7108961,TCS.NS
2025-04-15,3139.694580078125,3203.683137131328,3130.4154074577086,3203.683137131328,3512160,TCS.NS
2025-04-16,3164.439697265625,3168.596104196088,3121.136181217996,3139.6947635283577,2384391,TCS.NS
2025-04-17,3188.700927734375,3193.244114128983,3110.5034675829284,3137.08483655699,2932346,TCS.NS
2025-04-21,3210.64306640625,3241.9606599617177,3174.3957423905777,3180.1953142330854,2432946,TCS.NS
2025-04-22,3203.683349609375,3222.531957851611,3184.931495290658,3211.6096198122023,2710498,TCS.NS
2025-04-23,3298.98974609375,3306.625754540036,3225.818529364827,3252.593171873855,3543923,TCS.NS
2025-04-24,3287.970703125,3298.5064976170884,3274.5348867157572,3287.4874054696716,2252175,TCS.NS
2025-04-25,3332.820556640625,3361.625143451318,3291.256959211522,3305.7558885472554,2742991,TCS.NS
2025-04-28,3328.470703125,3342.2930622298845,3291.2567864500143,3320.2546435993536,1593296,TCS.NS
2025-04-29,3356.502197265625,3378.250591632357,3315.808440523134,3339.586779424834,1578332,TCS.NS
2025-04-30,3338.330078125,3392.65268577439,3253.5597190937174,3356.0188189819924,2809332,TCS.NS
2025-05-02,3316.388427734375,3374.867442563267,3305.755879583667,3356.0188344779217,1721761,TCS.NS
2025-05-05,3338.91015625,3387.4331925936117,3331.2739118706236,3334.7537493074506,1284443,TCS.NS
2025-05-06,3344.419921875,3356.9856614658597,3322.1882287527096,3344.419921875,1324763,TCS.NS
2025-05-07,3330.017578125,3343.936456116555,3306.335993163342,3306.335993163342,1477128,TCS.NS
2025-05-08,3333.6904296875,3360.851851961966,3314.1652518601954,3332.820588313161,2543591,TCS.NS
2025-05-09,3325.3779296875,3331.0807476867326,3284.5876543425793,3285.4574957373147,2531757,TCS.NS
2025-05-12,3499.46142578125,3509.22413241534,3385.209911911905,3387.916425868549,2228678,TCS.NS
2025-05-13,3397.582275390625,3501.97456151927,3393.232596801932,3499.4613194961807,3062887,TCS.NS
2025-05-14,3430.156494140625,3442.045662835236,3391.396166459135,3403.3818530870167,2119499,TCS.NS
2025-05-15,3460.314208984375,3479.7428677232297,3396.7124309124556,3444.9454390459973,3548330,TCS.NS
2025-05-16,3442.335693359375,3473.8465567565913,3427.6434928317944,3473.8465567565913,1666727,TCS.NS
2025-05-19,3401.255859375,3431.4135879367277,3386.660174789978,3431.4135879367277,2537377,TCS.NS
2025-05-20,3381.440185546875,3439.145874352896,3377.283778805233,3413.8211261851047,2038374,TCS.NS
2025-05-21,3408.021728515625,3418.8475485914832,3381.4403579795026,3390.8162851170264,1440153,TCS.NS
2025-05-22,3360.851806640625,3380.9570357698217,3336.0103550080185,3378.250521774226,2034383,TCS.NS
2025-05-23,3397.19580078125,3416.9142497236344,3349.8326329632987,3360.851724551366,1274331,TCS.NS
2025-05-26,3419.1376953125,3426.5804321288315,3392.846349631144,3403.3821442949547,967470,TCS.NS
2025-05-27,3381.826904296875,3421.747337093333,3366.7481593177404,3414.014574749619,2467680,TCS.NS
2025-05-28,3380.8603515625,3411.114831810162,3376.317400825417,3402.4154740639756,1222933,TCS.NS
2025-05-29,3381.2470703125,3414.4978538154573,3370.034470581059,3387.626457620242,3188072,TCS.NS
2025-05-30,3347.705810546875,3389.5594310198626,3337.750068509547,3373.417337946492,3404365,TCS.NS
2025-06-02,3334.560546875,3344.4197718377163,3304.4028204069105,3334.7538187399196,1877585,TCS.NS
2025-06-03,3291.449951171875,3357.4684509968274,3286.907000896707,3330.887082808426,2848125,TCS.NS
2025-06-04,3297.0087890625,3310.56402774214,3286.379348716646,3304.9078969735056,2544807,TCS.NS
2025-06-05,3287.4521484375,3324.4116310325603,3280.2356236372652,3324.4116310325603,3584683,TCS.NS
2025-06-06,3300.22705078125,3306.7607545858014,3275.359787909923,3287.4522468224686,2070390,TCS.NS
2025-06-09,3336.991455078125,3348.791310023286,3306.760665733127,3315.634960419095,1718678,TCS.NS
2025-06-10,3376.973876953125,3399.305794893864,3338.259013167141,3354.642197095073,2419874,TCS.NS
2025-06-11,3385.750732421875,3402.4265208353168,3363.516665314218,3383.8979728571367,2847013,TCS.NS
2025-06-12,3348.986328125,3388.4813919586536,3338.2592737504274,3385.750821410403,4060134,TCS.NS
2025-06-13,3360.200927734375,3364.8818717382055,3309.003623498393,3309.003623498393,2178493,TCS.NS
2025-06-16,3409.54541015625,3421.9302340050463,3341.1847251814343,3354.642349665819,1934088,TCS.NS
2025-06-17,3428.073974609375,3432.6573046439225,3401.5489430536663,3422.905437301184,2111940,TCS.NS
2025-06-18,3365.75927734375,3450.2105407013996,3357.665418209048,3431.7796073253016,2696327,TCS.NS
2025-06-19,3339.03955078125,3365.3695939679014,3328.3124961496515,3364.3944071832107,2672768,TCS.NS
2025-06-20,3350.448974609375,3360.786049100129,3326.2642962767654,3340.0145242959966,2351248,TCS.NS
2025-06-23,3309.39404296875,3340.014813470841,3286.379539093937,3330.262945402313,3123421,TCS.NS
2025-06-24,3306.27294921875,3356.690292940616,3298.081476031171,3349.376392565029,3403048,TCS.NS
2025-06-25,3359.3232421875,3364.3941654870573,3315.634829755361,3322.7537403887272,1757699,TCS.NS
2025-06-26,3356.397705078125,3365.759354753242,3330.555256962972,3359.3232652421043,2879106,TCS.NS
2025-06-27,3355.71533203125,3380.387367158931,3345.8658502962735,3369.2703330730474,1778433,TCS.NS
2025-06-30,3376.09619140625,3378.924137465807,3344.890218522079,3354.544471150048,1468351,TCS.NS
2025-07-01,3344.59765625,3398.525526423559,3328.7996798986564,3369.2699264830403,2375183,TCS.NS
2025-07-02,3338.356689453125,3403.3039810516498,3335.1385257152824,3400.671024568939,3090585,TCS.NS
2025-07-03,3316.4150390625,3350.058980842342,3313.294489180619,3344.8904436190446,2531870,TCS.NS
2025-07-04,3334.94384765625,3341.9651449605467,3305.9808474743313,3323.4365958638878,1109320,TCS.NS
2025-07-07,3327.04443359375,3341.0872649943594,3323.826269850942,3333.480761079366,1639174,TCS.NS
2025-07-08,3321.68115234375,3340.0147113686808,3309.1987139810713,3320.510975827842,2325242,TCS.NS
2025-07-09,3299.837158203125,3329.287752096043,3283.4539722634377,3325.387004876247,2034938,TCS.NS
2025-07-10,3298.08154296875,3314.659717489882,3272.7266878187834,3296.1311694956757,3035012,TCS.NS
2025-07-11,3184.9599609375,3252.2478474361797,3180.181641042415,3218.0186968972475,7635550,TCS.NS
2025-07-14,3142.734130859375,3190.8108827918168,3120.5974403831947,3184.9597625910983,3924009,TCS.NS
2025-07-15,3171.599853515625,3178.523536457564,3126.448660244279,3126.448660244279,2590889,TCS.NS
2025-07-16,3163.576171875,3175.1222359666176,3151.344969328223,3157.607249475903,2540733,TCS.NS
2025-07-17,3140.18994140625,3172.2846643823304,3135.199754145851,3154.7696780470374,2947640,TCS.NS
2025-07-18,3121.304931640625,3159.3685771406017,3118.46738821797,3155.6502438038765,3432645,TCS.NS
2025-07-21,3090.28662109375,3128.839514334287,3084.2199924907163,3121.4028477301345,3844346,TCS.NS
2025-07-22,3091.65673828125,3111.7159107005,3086.764257203384,3091.65673828125,3198036,TCS.NS
2025-07-23,3110.7373046875,3113.5748480562365,3089.6996367952283,3091.6566291573,1922875,TCS.NS
2025-07-24,3080.30615234375,3105.4534578423713,3072.478182452152,3097.0385335433134,2934778,TCS.NS
2025-07-25,3068.368408203125,3089.014534530361,3058.3877948178133,3072.4780444334683,2568917,TCS.NS
2025-07-28,3013.083251953125,3050.951005299135,3003.8852447797885,3043.123036074506,3374473,TCS.NS
2025-07-29,2990.284423828125,3007.8973556438664,2975.802632112602,2994.1984086760676,4785312,TCS.NS
2025-07-30,2987.93603515625,3003.0047807939304,2981.673516260727,2994.1983151611034,2880121,TCS.NS
2025-07-31,2971.497314453125,2994.0027271024683,2950.166049468222,2976.2918502873677,2968371,TCS.NS
2025-08-01,2938.424072265625,2971.4972914199097,2935.488583681943,2964.7455243430377,2053847,TCS.NS
2025-08-04,3008.28857421875,3013.181055141491,2927.2692812506943,2944.392964480288,2519252,TCS.NS
2025-08-05,2998.014404296875,3011.322048140622,2976.5854331255146,3008.2886143717656,1927996,TCS.NS
2025-08-06,2967.093994140625,3000.8521121202134,2960.9294204705666,2997.1337788834585,1487081,TCS.NS
2025-08-07,2981.47802734375,2985.9792055799644,2946.154217712285,2951.1446440658847,2543076,TCS.NS
2025-08-08,2971.105712890625,2994.002666894786,2959.9509519667536,2982.5543093380406,2762140,TCS.NS
2025-08-11,2975.411376953125,2984.3155492907413,2956.3307005130723,2971.1058502168585,1884215,TCS.NS
2025-08-12,2970.127197265625,3029.8154640054736,2961.809979769089,2975.6068714078456,3358232,TCS.NS
2025-08-13,2970.91015625,2978.9337774241835,2963.473728360306,2970.812449963036,2148166,TCS.NS
2025-08-14,2957.30908203125,2990.1864106721328,2954.1779420022144,2968.757439673081,3342174,TCS.NS
2025-08-18,2946.44775390625,2983.434958599791,2938.815435653507,2980.988718063058,2945609,TCS.NS
2025-08-19,2951.34033203125,2959.9511467818434,2946.350144506624,2946.4478507969,2650784,TCS.NS
2025-08-20,3031.96826171875,3036.664852119672,2946.1539583708727,2946.1539583708727,4952358,TCS.NS
2025-08-21,3035.882568359375,3062.693270119804,3016.801891436903,3062.693270119804,3230726,TCS.NS
2025-08-22,2988.327392578125,3029.1306363096523,2984.4134077810354,3019.639270954844,1593791,TCS.NS
2025-08-25,3073.065185546875,3084.2199463957195,3010.9306783780526,3020.9112915939663,3448370,TCS.NS
2025-08-26,3089.308349609375,3094.0051794435944,3052.9083364528824,3061.714802808035,5522097,TCS.NS
2025-08-28,3027.173583984375,3078.8382300613293,3020.1284592672155,3077.3704857914763,3116051,TCS.NS
2025-08-29,3018.3671875,3048.0156702082504,3011.028465982645,3026.4887537573413,2271789,TCS.NS
2025-09-01,3045.667236328125,3063.7694152474464,3023.5531276055535,3023.5531276055535,1246862,TCS.NS
2025-09-02,3044.5908203125,3087.1554035307527,3036.3715480748965,3053.98447906176,2185229,TCS.NS
2025-09-03,3030.891845703125,3074.3369795089966,3021.5961322134785,3062.595025627338,1799774,TCS.NS
2025-09-04,3029.130859375,3050.9513740037746,3024.336323201764,3048.9943814611165,1481391,TCS.NS
2025-09-05,2982.75,3036.664997028233,2963.47367273015,3030.5006621101975,2802055,TCS.NS
2025-09-08,2954.080078125,2998.9929589138555,2951.144589474992,2984.413460841752,2626187,TCS.NS
2025-09-09,2983.826171875,2994.19832699537,2965.62628616296,2966.898378981974,2489301,TCS.NS
2025-09-10,3043.123291015625,3055.550145422665,2987.740308555338,2990.675797260498,2079428,TCS.NS
2025-09-11,3057.017822265625,3071.4996140027415,3043.221168990462,3071.4996140027415,2263446,TCS.NS
2025-09-12,3066.02001953125,3080.991059765134,3053.8867617246956,3076.3921752202637,1447167,TCS.NS
2025-09-15,3044.982177734375,3066.6070389449774,3029.4241839737238,3066.6070389449774,1732539,TCS.NS
2025-09-16,3078.0556640625,3082.263245795216,3042.2428439695796,3060.7363278880744,2573429,TCS.NS
2025-09-17,3104.57275390625,3113.966173979194,3074.8263264485827,3084.2199854121977,2418271,TCS.NS
2025-09-18,3108.388916015625,3134.1234145595795,3093.4178759668794,3116.51048247651,2633138,TCS.NS
2025-09-19,3101.050048828125,3112.107103450778,3076.3919928468,3101.8328935510035,4901694,TCS.NS
2025-09-22,3007.70166015625,3040.089740964508,2999.090845838676,3028.445731768582,3634901,TCS.NS
2025-09-23,2996.546630859375,3014.453158879609,2986.3703660594774,3003.983297445149,3177741,TCS.NS
2025-09-24,2970.127197265625,2991.262810224855,2967.778901999341,2984.4133369924134,1625714,TCS.NS
2025-09-25,2893.804443359375,2964.4520571099356,2887.5421635017433,2957.015390749667,4974361,TCS.NS
2025-09-26,2836.758544921875,2891.260737711385,2829.126226471788,2877.7574418213358,3934636,TCS.NS
2025-09-29,2833.82275390625,2866.3087778304835,2831.7678164651984,2853.2947314486933,3110035,TCS.NS
2025-09-30,2826.288330078125,2852.610021207006,2823.0594837288886,2848.402439766557,2253458,TCS.NS
2025-10-01,2851.53369140625,2861.9058470940704,2804.957413772581,2828.8326264436423,1952902,TCS.NS
2025-10-03,2839.498046875,2861.1229086009284,2828.9304789544044,2861.1229086009284,2899519,TCS.NS
2025-10-06,2924.137939453125,2929.22631078988,2833.3336834873367,2839.5959635916415,2112774,TCS.NS
2025-10-07,2909.75390625,2939.891634958981,2891.9453243871753,2930.5959216848555,3062943,TCS.NS
2025-10-08,2962.103515625,2977.5638026677234,2904.176590968716,2911.0260640606234,4121889,TCS.NS
2025-10-09,2995.86181640625,3000.069397912704,2955.0585719818546,2968.757519004287,3211304,TCS.NS
2025-10-10,2963.179931640625,3003.983173218589,2942.239970746985,2984.413250266025,8817365,TCS.NS
2025-10-13,2942.533935546875,2970.2254277677166,2933.7274691163334,2961.908209472205,2866865,TCS.NS
2025-10-14,2896.642333984375,2962.1036338769445,2891.9455044700007,2956.0370052457697,3611416,TCS.NS
2025-10-15,2916.7763671875,2926.499513769408,2898.31197994854,2917.954894078994,4282226,TCS.NS
2025-10-16,2917.66015625,2921.883430677564,2890.553079047838,2916.87439174088,3251495,TCS.NS
2025-10-17,2909.311767578125,2935.4369375213087,2902.6331292681275,2916.972551528368,4374683,TCS.NS
2025-10-20,2961.365478515625,2969.0262624451843,2925.320781572273,2932.1958010354274,3133039,TCS.NS
2025-10-21,2953.017333984375,2977.669286180243,2942.508423286113,2976.981832168517,310644,TCS.NS
2025-10-23,3018.330078125,3042.687339125331,2981.892616996725,3000.4550745732363,5564758,TCS.NS
2025-10-24,3008.508544921875,3034.8300966289034,3003.6961270890743,3025.0086400055093,2684318,TCS.NS
2025-10-27,3029.821044921875,3038.9550474990237,3005.5620951218402,3011.7496607245316,1946312,TCS.NS
2025-10-28,3003.30322265625,3035.0265765381446,2985.919291823652,3021.0801556355614,3470737,TCS.NS
2025-10-29,3003.0087890625,3021.080174034828,2991.714113509379,3003.3032409472494,2895420,TCS.NS
2025-10-30,2981.106689453125,3009.0978400091353,2978.6513253692647,2994.6603471523654,2241536,TCS.NS
2025-10-31,3003.4013671875,3012.6334402910475,2971.088871543434,2980.8120174669925,1868085,TCS.NS
2025-11-03,2962.93701171875,3003.4013640895914,2956.2583734171585,2992.499451583931,2194877,TCS.NS
2025-11-04,2936.81201171875,2975.214004338424,2922.8655907942766,2965.6872390451917,2670720,TCS.NS
2025-11-06,2957.142333984375,2970.0085383136757,2936.61558517126,2936.7138956519902,2542721,TCS.NS
2025-11-07,2938.383544921875,2950.3656744717186,2907.6423366423182,2947.419237380036,1830520,TCS.NS
2025-11-10,2971.18701171875,2993.4816703122747,2938.579823663838,2939.5619693268272,1556656,TCS.NS
2025-11-11,2992.597900390625,3001.142519888641,2964.1156755427983,2990.633609021809,2806868,TCS.NS
2025-11-12,3075.8837890625,3080.4015151753365,3002.51755709654,3005.3656835637266,4460315,TCS.NS
2025-11-13,3050.249755859375,3075.9819244274895,3046.61586484088,3075.8838537295965,1740435,TCS.NS
2025-11-14,3050.54443359375,3057.517763723578,3022.356900982103,3034.830102963518,2210794,TCS.NS
2025-11-17,3046.812255859375,3067.7320066302495,3031.4909272444793,3050.544457369475,2232853,TCS.NS
2025-11-18,3031.98193359375,3049.5622448251693,3023.0443122614724,3046.6158078736476,2548350,TCS.NS
2025-11-19,3091.499755859375,3098.6694669245953,3028.4460542827223,3041.705020306013,3151053,TCS.NS
2025-11-20,3088.65185546875,3108.0000778660146,3082.0715272134535,3091.794673762747,2700767,TCS.NS
2025-11-21,3094.34814453125,3113.4016740052466,3079.2229578295533,3088.6516518716926,4177037,TCS.NS
2025-11-24,3085.115966796875,3122.1428110333977,3075.0981288018247,3101.616062202543,6703764,TCS.NS
2025-11-25,3063.5087890625,3093.562543096727,3059.3838251197944,3089.142887490615,2737920,TCS.NS
2025-11-26,3106.428466796875,3121.2589624366606,3061.348076121797,3063.115986297256,2508527,TCS.NS
2025-11-27,3080.59814453125,3123.223169867727,3069.205159068128,3123.223169867727,2836233,TCS.NS
2025-11-28,3081.48193359375,3091.1070087848907,3069.205113141185,3083.937297684263,1616690,TCS.NS
2025-12-01,3077.455078125,3097.687374390369,3066.4550948216056,3081.8747335418534,1747647,TCS.NS
2025-12-02,3079.714111328125,3087.8659682974553,3064.6872347092776,3075.0980746626374,2512003,TCS.NS
2025-12-03,3123.22314453125,3154.5534946281955,3082.9551731709416,3083.9373188138757,3952112,TCS.NS
2025-12-04,3171.544677734375,3191.9733551637537,3130.4909417024,3136.9731988901626,5025905,TCS.NS
2025-12-05,3180.384033203125,3213.187842167148,3164.866083794654,3172.330486734928,5244013,TCS.NS
2025-12-08,3178.71435546875,3201.6964674714213,3151.3125880977464,3185.0983021118977,2544725,TCS.NS
2025-12-09,3151.01806640625,3175.964471029267,3124.401822284255,3172.330579931189,2734893,TCS.NS
2025-12-10,3132.259033203125,3167.41989738469,3121.357359750894,3167.41989738469,1386849,TCS.NS
2025-12-11,3134.91064453125,3151.1160479641035,3096.8035846478047,3147.7768486239356,1914362,TCS.NS
2025-12-12,3163.0,3165.4553640739014,3128.8212841349605,3140.607031689688,1146554,TCS.NS
2025-12-15,3172.52685546875,3180.384020730158,3140.2143592438706,3153.7680172761306,1562190,TCS.NS
2025-12-16,3147.875244140625,3162.509118995985,3134.1252044928165,3162.509118995985,1734623,TCS.NS
2025-12-17,3160.348388671875,3179.107227122374,3143.3572206041695,3143.3572206041695,1376350,TCS.NS
2025-12-18,3222.2236328125,3229.09865265339,3163.4912725011322,3170.366292342023,2307422,TCS.NS
2025-12-19,3223.402099609375,3258.661033366418,3220.259281411304,3240.09857605464,3902511,TCS.NS
2025-12-22,3265.5361328125,3269.170263717588,3232.2414895890165,3250.9022578364156,2632816,TCS.NS
2025-12-23,3250.902099609375,3260.625245626059,3234.6966963938,3260.625245626059,2365420,TCS.NS
2025-12-24,3259.741455078125,3267.696930860065,3237.2504153109776,3245.107580613968,1367708,TCS.NS
2025-12-26,3221.437744140625,3260.7235702886815,3213.384197736604,3253.9468611908032,1176664,TCS.NS
2025-12-29,3193.446533203125,3229.294848891858,3184.9999848268185,3221.437683809396,2079473,TCS.NS
2025-12-30,3188.83056640625,3209.160933545371,3181.6608551553877,3191.973384551631,2807593,TCS.NS
2025-12-31,3148.955322265625,3188.0447669329633,3141.392848747715,3182.151893056932,3362634,TCS.NS
2026-01-01,3169.77685546875,3176.3574233163417,3141.0982497161094,3157.59834501185,1255735,TCS.NS
2026-01-02,3192.660888671875,3196.196709004467,3162.017991655493,3176.2591039024273,1184324,TCS.NS
2026-01-05,3158.6787109375,3189.026915514335,3134.026759287417,3182.642968809425,2341703,TCS.NS
2026-01-06,3197.669921875,3204.9377039238207,3147.7768738587542,3152.6876022111082,2912325,TCS.NS
2026-01-07,3236.75927734375,3241.6700055592964,3165.651788913644,3185.0000101265678,1989442,TCS.NS
2026-01-08,3146.6962890625,3228.2143763788763,3125.1873956711997,3228.2143763788763,4159336,TCS.NS
2026-01-09,3150.52685546875,3172.0357492326657,3134.0267606372377,3134.0267606372377,1938673,TCS.NS
2026-01-12,3181.75927734375,3193.937788002805,3117.6251157476318,3145.8126491306843,2228342,TCS.NS
2026-01-13,3209.652099609375,3221.437847833155,3153.1787227037635,3187.0627488471305,5645341,TCS.NS
2026-01-14,3135.5,3201.7948316366483,3126.1696162881753,3201.7948316366483,3539511,TCS.NS
2026-01-15,3135.5,3135.5,3135.5,3135.5,0,TCS.NS
2026-01-16,3206.699951171875,3221.89990234375,3171.0,3219.39990234375,4293470,TCS.NS
2026-01-19,3163.60009765625,3220.0,3152.10009765625,3188.0,3387562,TCS.NS
2026-01-20,3102.300048828125,3160.0,3091.10009765625,3151.60009765625,4499273,TCS.NS
2026-01-21,3122.60009765625,3138.5,3082.0,3100.0,2015150,TCS.NS
2026-01-22,3150.39990234375,3160.0,3122.300048828125,3150.0,2269827,TCS.NS
2026-01-23,3162.5,3194.5,3152.0,3190.300048828125,2068857,TCS.NS
2026-01-27,3158.0,3175.0,3130.0,3175.0,4279874,TCS.NS
2026-01-28,3200.10009765625,3205.199951171875,3170.60009765625,3176.0,2751234,TCS.NS
2026-01-29,3144.39990234375,3200.10009765625,3125.60009765625,3200.10009765625,2457641,TCS.NS
2026-01-30,3123.89990234375,3141.0,3092.0,3141.0,3022068,TCS.NS
2026-02-02,3169.60009765625,3198.0,3134.0,3198.0,2636272,TCS.NS
2026-02-03,3225.300048828125,3350.0,3186.300048828125,3350.0,4366060,TCS.NS
2026-02-04,2999.10009765625,3120.0,2986.0,3120.0,10852595,TCS.NS
2026-02-05,2991.5,3029.699951171875,2972.300048828125,2990.0,3521545,TCS.NS
2026-02-06,2941.60009765625,2985.0,2916.0,2976.60009765625,4687389,TCS.NS
2026-02-09,2948.199951171875,2977.0,2937.5,2959.10009765625,2380318,TCS.NS
2026-02-10,2984.60009765625,3011.60009765625,2943.5,2949.800048828125,3547763,TCS.NS
2026-02-11,2909.800048828125,2998.0,2904.199951171875,2980.0,3363513,TCS.NS
2026-02-12,2750.10009765625,2880.0,2740.0,2869.800048828125,10612156,TCS.NS
2026-02-13,2692.199951171875,2713.0,2585.0,2585.0,11168735,TCS.NS
2026-02-16,2706.60009765625,2719.800048828125,2671.0,2700.0,2918730,TCS.NS
2026-02-17,2717.39990234375,2760.0,2695.199951171875,2716.0,4209118,TCS.NS
2026-02-18,2694.89990234375,2730.0,2657.300048828125,2730.0,2950820,TCS.NS
2026-02-19,2677.89990234375,2748.699951171875,2666.60009765625,2708.0,3238849,TCS.NS
2026-02-20,2686.199951171875,2702.60009765625,2647.5,2667.0,2293482,TCS.NS
2026-02-23,2676.300048828125,2704.0,2660.199951171875,2686.0,4699596,TCS.NS
2026-02-24,2573.699951171875,2647.5,2561.300048828125,2641.0,7798833,TCS.NS
2026-02-25,2629.300048828125,2654.199951171875,2595.0,2596.0,3621285,TCS.NS
2026-02-26,2647.699951171875,2671.0,2635.0,2650.0,3464267,TCS.NS
2026-02-27,2637.39990234375,2688.60009765625,2626.10009765625,2681.60009765625,5083717,TCS.NS
2026-03-02,2613.5,2623.800048828125,2580.300048828125,2592.0,3374385,TCS.NS
2026-03-04,2587.800048828125,2635.0,2580.39990234375,2625.0,3446434,TCS.NS
2026-03-05,2578.800048828125,2609.5,2546.39990234375,2600.0,2960636,TCS.NS
2026-03-06,2557.60009765625,2619.199951171875,2553.60009765625,2572.0,3998643,TCS.NS
2026-03-09,2527.39990234375,2560.0,2505.0,2530.0,3653428,TCS.NS
2026-03-10,2513.10009765625,2545.199951171875,2490.10009765625,2541.0,4323710,TCS.NS
2026-03-11,2464.89990234375,2521.0,2460.10009765625,2508.10009765625,2720664,TCS.NS
2026-03-12,2442.39990234375,2472.89990234375,2436.0,2459.800048828125,2752075,TCS.NS
2026-03-13,2410.5,2445.89990234375,2397.0,2437.0,2466488,TCS.NS
2026-03-16,2409.199951171875,2425.0,2366.10009765625,2410.0,3807907,TCS.NS
2026-03-17,2391.699951171875,2420.0,2360.0,2420.0,2993367,TCS.NS
2026-03-18,2440.800048828125,2482.89990234375,2410.0,2410.0,3082388,TCS.NS
2026-03-19,2356.0,2424.0,2350.199951171875,2417.0,2757060,TCS.NS
2026-03-20,2390.60009765625,2407.800048828125,2364.199951171875,2386.0,4206320,TCS.NS
2026-03-23,2383.800048828125,2406.800048828125,2348.0,2365.0,3860515,TCS.NS
2026-03-24,2398.800048828125,2435.39990234375,2379.10009765625,2404.10009765625,3420182,TCS.NS
2026-03-25,2377.39990234375,2421.60009765625,2369.800048828125,2400.89990234375,5843778,TCS.NS
2026-03-27,2389.800048828125,2422.10009765625,2385.0,2403.89990234375,4979411,TCS.NS
2026-03-30,2358.89990234375,2398.0,2346.199951171875,2375.10009765625,6804756,TCS.NS
2026-04-01,2408.199951171875,2472.0,2397.89990234375,2429.0,4132661,TCS.NS
2026-04-02,2450.699951171875,2469.89990234375,2375.699951171875,2386.0,5378361,TCS.NS
2026-04-06,2473.89990234375,2482.0,2448.199951171875,2474.0,2572417,TCS.NS
2026-04-07,2539.800048828125,2543.89990234375,2448.0,2461.0,4516550,TCS.NS
2026-04-08,2559.199951171875,2580.300048828125,2540.10009765625,2572.0,4769337,TCS.NS
2026-04-09,2589.0,2605.0,2531.10009765625,2554.0,5628261,TCS.NS
2026-04-10,2524.300048828125,2565.800048828125,2501.10009765625,2565.800048828125,10480239,TCS.NS
2026-04-13,2472.60009765625,2504.89990234375,2470.0,2489.89990234375,3739587,TCS.NS
2026-04-15,2554.89990234375,2559.0,2493.39990234375,2501.89990234375,5261384,TCS.NS
2026-04-16,2576.89990234375,2594.0,2558.0,2572.0,3905403,TCS.NS
2026-04-17,2581.5,2589.0,2555.89990234375,2570.0,2718206,TCS.NS
2026-04-20,2579.60009765625,2594.0,2561.199951171875,2587.10009765625,2288558,TCS.NS
2026-04-21,2610.5,2614.0,2560.0,2560.0,2719959,TCS.NS
2026-04-22,2538.5,2580.0,2503.60009765625,2580.0,5232045,TCS.NS
2026-04-23,2521.800048828125,2559.5,2516.300048828125,2529.0,2509050,TCS.NS
2026-04-24,2396.89990234375,2505.0,2388.800048828125,2488.0,5107719,TCS.NS
2026-04-27,2450.199951171875,2450.89990234375,2396.89990234375,2396.89990234375,2733955,TCS.NS
